"IDENTIFICATION_ID","ENTITY_ID"
"id.gbif.ch/2430905717","id.gbif.ch/1542933166"
"id.gbif.ch/2430905717","id.gbif.ch/2289599522"
"id.gbif.ch/2430905717","id.gbif.ch/4013798033"
"id.gbif.ch/2430905717","id.gbif.ch/1451071954"
"id.gbif.ch/2430905717","id.gbif.ch/2678867694"
"id.gbif.ch/2430905717","id.gbif.ch/2239094733"
"id.gbif.ch/2430905717","id.gbif.ch/2063709026"
"id.gbif.ch/2430905717","id.gbif.ch/2648123790"
"id.gbif.ch/2430905717","id.gbif.ch/242540810"
"id.gbif.ch/2430905717","id.gbif.ch/1831187705"
