"MATERIAL_ENTITY_ID","MATERIAL_ENTITY_TYPE","PREPARATIONS","DISPOSITION","INSTITUTION_CODE","INSTITUTION_ID","COLLECTION_CODE","COLLECTION_ID","OWNER_INSTITUTION_CODE","CATALOG_NUMBER","RECORD_NUMBER","RECORDED_BY","RECORDED_BY_ID","ASSOCIATED_REFERENCES","ASSOCIATED_SEQUENCES","OTHER_CATALOG_NUMBERS"
"id.gbif.ch/310662365","DNA_SAMPLE","","","MHNG","8d572607-d32c-4477-8834-c9dbe76c57f9","","","","MHNG-DNA-1","","","","","","TA10.06"
"id.gbif.ch/989939123","ORGANISM","","","MHNG","8d572607-d32c-4477-8834-c9dbe76c57f9","MHNG-MAMO","8b598c91-2a6a-4e50-b2d3-7194e0f69400","MHNG","MHNG-MAM-1079.094","","","","","","MHNG 1079.094"
"id.gbif.ch/1723337237","PARTOFORGANISM","complete","","MHNG","8d572607-d32c-4477-8834-c9dbe76c57f9","MHNG-MAMO","8b598c91-2a6a-4e50-b2d3-7194e0f69400","MHNG","MHNG-MAM-1079.094","","","","","","MHNG 1079.094"
"id.gbif.ch/737579597","PARTOFORGANISM","Skull","","MHNG","8d572607-d32c-4477-8834-c9dbe76c57f9","MHNG-MAMO","8b598c91-2a6a-4e50-b2d3-7194e0f69400","MHNG","MHNG-MAM-1079.094","","","","","","MHNG 1079.094"
"id.gbif.ch/2281451594","ORGANISM","","","MHNG","8d572607-d32c-4477-8834-c9dbe76c57f9","MHNG-MAMO","8b598c91-2a6a-4e50-b2d3-7194e0f69400","MHNG","MHNG-MAM-1714.044","","","","","","MHNG 1714.044"
"id.gbif.ch/3337535157","PARTOFORGANISM","complete","","MHNG","8d572607-d32c-4477-8834-c9dbe76c57f9","MHNG-MAMO","8b598c91-2a6a-4e50-b2d3-7194e0f69400","MHNG","MHNG-MAM-1714.044","","","","","","MHNG 1714.044"
"id.gbif.ch/1202397484","PARTOFORGANISM","Skull","","MHNG","8d572607-d32c-4477-8834-c9dbe76c57f9","MHNG-MAMO","8b598c91-2a6a-4e50-b2d3-7194e0f69400","MHNG","MHNG-MAM-1714.044","","","","","","MHNG 1714.044"
"id.gbif.ch/2062472674","ORGANISM","","","MHNG","8d572607-d32c-4477-8834-c9dbe76c57f9","MHNG-MAMO","8b598c91-2a6a-4e50-b2d3-7194e0f69400","MHNG","MHNG-MAM-1804.094","","","","Juste J, Ibáñez C, Trujillo D, Muñoz J, Ruedi M (2003) Phylogeography of Barbastelle Bats (Barbastella barbastellus) in the Western Mediterranean and the Canary Islands Acta Chiropterologica 5(2), 165-175. https://doi.org/10.3161/001.005.0201|Hoofer SR, Van Den Bussche RA (2001) Phylogenetic Relationships of Plecotine Bats and Allies Based on Mitochondrial Ribosomal Sequences. Journal of Mammalogy 82(1), 131–137.  http://www.jstor.org/stable/1383681|Hoofer SR, Van Den Bussche RA (2001) Phylogenetic Relationships of Plecotine Bats and Allies Based on Mitochondrial Ribosomal Sequences. Journal of Mammalogy 82(1), 131–137.  http://www.jstor.org/stable/1383686|Lack JB, Roehrs ZP, Stanley Jr CE, Ruedi M, Van Den Bussche RA (2010) Molecular phylogenetics of Myotis indicate familial-level divergence for the genus Cistugo (Chiroptera), Journal of Mammalogy 91(4), 976–992. https://doi.org/10.1644/09-MAMM-A-192.1","https://www.ncbi.nlm.nih.gov/nuccore/|https://www.ncbi.nlm.nih.gov/nuccore/AF513749|https://www.ncbi.nlm.nih.gov/nuccore/AF326089|https://www.ncbi.nlm.nih.gov/nuccore/AF326089|https://www.ncbi.nlm.nih.gov/nuccore/GU328124|https://www.ncbi.nlm.nih.gov/nuccore/GU328213|https://www.ncbi.nlm.nih.gov/nuccore/GU328049|https://www.ncbi.nlm.nih.gov/nuccore/GU328288|https://www.ncbi.nlm.nih.gov/nuccore/GU328363|https://www.ncbi.nlm.nih.gov/nuccore/GU328431","MHNG 1804.094"
"id.gbif.ch/4229562337","PARTOFORGANISM","Skull","","MHNG","8d572607-d32c-4477-8834-c9dbe76c57f9","MHNG-MAMO","8b598c91-2a6a-4e50-b2d3-7194e0f69400","MHNG","MHNG-MAM-1804.094","","","","","","MHNG 1804.094"
"id.gbif.ch/3468126178","PARTOFORGANISM","complete","","MHNG","8d572607-d32c-4477-8834-c9dbe76c57f9","MHNG-MAMO","8b598c91-2a6a-4e50-b2d3-7194e0f69400","MHNG","MHNG-MAM-1804.094","","","","","","MHNG 1804.094"
"id.gbif.ch/397850255","ORGANISM","","","MHNG","8d572607-d32c-4477-8834-c9dbe76c57f9","MHNG-MAMO","8b598c91-2a6a-4e50-b2d3-7194e0f69400","MHNG","MHNG-MAM-1813.044","","","","","","MHNG 1813.044"
"id.gbif.ch/2526051805","PARTOFORGANISM","Skin","","MHNG","8d572607-d32c-4477-8834-c9dbe76c57f9","MHNG-MAMO","8b598c91-2a6a-4e50-b2d3-7194e0f69400","MHNG","MHNG-MAM-1813.044","","","","","","MHNG 1813.044"
"id.gbif.ch/42304014","PARTOFORGANISM","Skull","","MHNG","8d572607-d32c-4477-8834-c9dbe76c57f9","MHNG-MAMO","8b598c91-2a6a-4e50-b2d3-7194e0f69400","MHNG","MHNG-MAM-1813.044","","","","","","MHNG 1813.044"
"id.gbif.ch/331991340","ORGANISM","","","MHNG","8d572607-d32c-4477-8834-c9dbe76c57f9","MHNG-MAMO","8b598c91-2a6a-4e50-b2d3-7194e0f69400","MHNG","MHNG-MAM-1971.068","","","","","","MHNG 1971.068"
"id.gbif.ch/2024017253","PARTOFORGANISM","Baculum","","MHNG","8d572607-d32c-4477-8834-c9dbe76c57f9","MHNG-MAMO","8b598c91-2a6a-4e50-b2d3-7194e0f69400","MHNG","MHNG-MAM-1971.068","","","","","","MHNG 1971.068"
"id.gbif.ch/2998036788","PARTOFORGANISM","complete","","MHNG","8d572607-d32c-4477-8834-c9dbe76c57f9","MHNG-MAMO","8b598c91-2a6a-4e50-b2d3-7194e0f69400","MHNG","MHNG-MAM-1971.068","","","","","","MHNG 1971.068"
"id.gbif.ch/2597086056","PARTOFORGANISM","Skull","","MHNG","8d572607-d32c-4477-8834-c9dbe76c57f9","MHNG-MAMO","8b598c91-2a6a-4e50-b2d3-7194e0f69400","MHNG","MHNG-MAM-1971.068","","","","","","MHNG 1971.068"
"id.gbif.ch/4109704260","ORGANISM","","","MHNG","8d572607-d32c-4477-8834-c9dbe76c57f9","MHNG-MAMO","8b598c91-2a6a-4e50-b2d3-7194e0f69400","MHNG","MHNG-MAM-1989.097","","","","Andriollo T, Naciri Y, Ruedi M (2015) Two Mitochondrial Barcodes for one Biological Species: The Case of European Kuhl's Pipistrelles (Chiroptera). PLOS ONE 10(8): e0134881. https://doi.org/10.1371/journal.pone.0134881","https://www.ncbi.nlm.nih.gov/nuccore/KT613217","MHNG 1989.097"
"id.gbif.ch/541785446","PARTOFORGANISM","complete","","MHNG","8d572607-d32c-4477-8834-c9dbe76c57f9","MHNG-MAMO","8b598c91-2a6a-4e50-b2d3-7194e0f69400","MHNG","MHNG-MAM-1989.097","","","","","","MHNG 1989.097"
"id.gbif.ch/2690550298","ORGANISM","","","MHNG","8d572607-d32c-4477-8834-c9dbe76c57f9","MHNG-MAMO","8b598c91-2a6a-4e50-b2d3-7194e0f69400","MHNG","MHNG-MAM-1997.045","","","","","","MHNG 1997.045"
"id.gbif.ch/909886538","PARTOFORGANISM","complete","","MHNG","8d572607-d32c-4477-8834-c9dbe76c57f9","MHNG-MAMO","8b598c91-2a6a-4e50-b2d3-7194e0f69400","MHNG","MHNG-MAM-1997.045","","","","","","MHNG 1997.045"
"id.gbif.ch/3541581100","PARTOFORGANISM","Skull","","MHNG","8d572607-d32c-4477-8834-c9dbe76c57f9","MHNG-MAMO","8b598c91-2a6a-4e50-b2d3-7194e0f69400","MHNG","MHNG-MAM-1997.045","","","","","","MHNG 1997.045"
"id.gbif.ch/1476763696","PARTOFORGANISM","mounted","","MHNG","8d572607-d32c-4477-8834-c9dbe76c57f9","MHNG-MAMO","8b598c91-2a6a-4e50-b2d3-7194e0f69400","MHNG","MHNG-MAM-326.027","","","","","","MHNG 326.027"
"id.gbif.ch/3151586005","ORGANISM","","","MHNG","8d572607-d32c-4477-8834-c9dbe76c57f9","MHNG-MAMO","8b598c91-2a6a-4e50-b2d3-7194e0f69400","MHNG","MHNG-MAM-326.028","","","","","","MHNG 326.028"
"id.gbif.ch/3119300633","PARTOFORGANISM","Skull","","MHNG","8d572607-d32c-4477-8834-c9dbe76c57f9","MHNG-MAMO","8b598c91-2a6a-4e50-b2d3-7194e0f69400","MHNG","MHNG-MAM-326.028","","","","","","MHNG 326.028"
"id.gbif.ch/1641424264","PARTOFORGANISM","Skeleton","","MHNG","8d572607-d32c-4477-8834-c9dbe76c57f9","MHNG-MAMO","8b598c91-2a6a-4e50-b2d3-7194e0f69400","MHNG","MHNG-MAM-326.028","","","","","","MHNG 326.028"
"id.gbif.ch/3698998572","PARTOFORGANISM","mounted","","MHNG","8d572607-d32c-4477-8834-c9dbe76c57f9","MHNG-MAMO","8b598c91-2a6a-4e50-b2d3-7194e0f69400","MHNG","MHNG-MAM-734.097","","","","","","MHNG 734.097"
"id.gbif.ch/3445821799","ORGANISM","","","MHNG","8d572607-d32c-4477-8834-c9dbe76c57f9","MHNG-MAMO","8b598c91-2a6a-4e50-b2d3-7194e0f69400","MHNG","MHNG-MAM-740.019","","","","","","MHNG 740.019"
"id.gbif.ch/1449523903","PARTOFORGANISM","Skull","","MHNG","8d572607-d32c-4477-8834-c9dbe76c57f9","MHNG-MAMO","8b598c91-2a6a-4e50-b2d3-7194e0f69400","MHNG","MHNG-MAM-740.019","","","","","","MHNG 740.019"
