"ORGANISM_ID","ORGANISM_SCOPE","ACCEPTED_IDENTIFICATION_ID"
"id.gbif.ch/989939123","","id.gbif.ch/2740175633"
"id.gbif.ch/2281451594","","id.gbif.ch/1988199675"
"id.gbif.ch/2062472674","","id.gbif.ch/2430905717"
"id.gbif.ch/397850255","","id.gbif.ch/4097053279"
"id.gbif.ch/331991340","","id.gbif.ch/3912853806"
"id.gbif.ch/4109704260","","id.gbif.ch/2939634530"
"id.gbif.ch/2690550298","","id.gbif.ch/2126639150"
"id.gbif.ch/3151586005","","id.gbif.ch/3526689756"
"id.gbif.ch/3445821799","","id.gbif.ch/1267512849"
