"TAXON_ID","SCIENTIFIC_NAME","SCIENTIFIC_NAME_AUTHORSHIP","NAME_ACCORDING_TO","TAXON_RANK","TAXON_SOURCE","SCIENTIFIC_NAME_ID","TAXON_REMARKS","PARENT_TAXON_ID","TAXONOMIC_STATUS","KINGDOM","PHYLUM","CLASSIS","ORDO","FAMILY","SUBFAMILY","GENUS","SUBGENUS","ACCEPTED_SCIENTIFIC_NAME","NAME_ACCORDING_TO_ID"
"id.gbif.ch/2185325625","Barbastella barbastellus","(Schreber, 1774)","","species","CCO/KOF","","","","","","Chordata","Mammalia","Chiroptera","Vespertilionidae","","Barbastella","","",""
"id.gbif.ch/676564291","Pipistrellus kuhlii","(Kuhl, 1817)","","species","CCO/KOF","","","","","","Chordata","Mammalia","Chiroptera","Vespertilionidae","","Pipistrellus","","",""
"id.gbif.ch/2563949255","Neomys fodiens","(Pennant, 1771)","","species","CSCF","","","","","","Chordata","Mammalia","Eulipotyphla","Soricidae","","Neomys","","",""
"id.gbif.ch/490682469","Sorex coronatus","Millet, 1828","","species","CSCF","","","","","","Chordata","Mammalia","Eulipotyphla","Soricidae","","Sorex","","",""
