citation_target_id	citation_target_type	citation_reference_id	citation_type	citation_page_number	citation_remarks
8694bb8175bfd1c80343f0e7e2f6bd5fe0cd344d	PROTOCOL	45b7ef6125d42d256bfc1e47d110226998cd9d5e	OTHER		
8694bb8175bfd1c80343f0e7e2f6bd5fe0cd344d	PROTOCOL	5c1a311cc3f009e7ce4165c3b9e7c4df67c7d451	OTHER		
432908fe9af9de47c0d699faf91e7a0b4ef6b05d	PROTOCOL	45b7ef6125d42d256bfc1e47d110226998cd9d5e	OTHER		
432908fe9af9de47c0d699faf91e7a0b4ef6b05d	PROTOCOL	50d2c3c883d94633111d30a9e13e982731665ed9	OTHER		
8b8da26fe48d3a9f0cf8b661901dc330b0806e7d	PROTOCOL	45b7ef6125d42d256bfc1e47d110226998cd9d5e	OTHER		
8b8da26fe48d3a9f0cf8b661901dc330b0806e7d	PROTOCOL	a46fa03823cabbd5ffc58e33090cf8acf91f46f8	OTHER		
9e17e716187625b836571685ef11c7b200e97496	PROTOCOL	45b7ef6125d42d256bfc1e47d110226998cd9d5e	OTHER		
9e17e716187625b836571685ef11c7b200e97496	PROTOCOL	ef709e5dd932c1fe7cf96217197ce3c195833dc3	OTHER		
b8f1b6bc207f94b86af01561a5c0690b1c18be20	PROTOCOL	45b7ef6125d42d256bfc1e47d110226998cd9d5e	OTHER		
b8f1b6bc207f94b86af01561a5c0690b1c18be20	PROTOCOL	b1189402042ce96d7f0d8f45cf72460fdd2a1c8f	OTHER		
39876ce1dbf8971a5f6dbf438f30194f9aa48eaf	PROTOCOL	45b7ef6125d42d256bfc1e47d110226998cd9d5e	OTHER		
39876ce1dbf8971a5f6dbf438f30194f9aa48eaf	PROTOCOL	373db5500b309f52c5a3dc5c391b89b1a424ab14	OTHER		
1413f2d5c9d948e37c8942537e949218445cfa2b	PROTOCOL	45b7ef6125d42d256bfc1e47d110226998cd9d5e	OTHER		
1413f2d5c9d948e37c8942537e949218445cfa2b	PROTOCOL	ea43ffdc595ccf3c07a343ec4d3bf47df2ff2896	OTHER		
fb4698af2879ed603929856a7317f79553ae7d70	PROTOCOL	8cc180617131b14aee4ca0740b6959bcc3afc126	OTHER		
fb4698af2879ed603929856a7317f79553ae7d70	PROTOCOL	45b7ef6125d42d256bfc1e47d110226998cd9d5e	OTHER		
553b4edb766c99cb08adc7b19b51055436432a8b	PROTOCOL	4420fadd5a6fc3706dc99992c605505fde65a19b	OTHER		
553b4edb766c99cb08adc7b19b51055436432a8b	PROTOCOL	a47f7e600b16fcb32d011eaba2cfabf76f9869f2	OTHER		
b43c4996963911810439f9fcb963993d84569a27	PROTOCOL	45b7ef6125d42d256bfc1e47d110226998cd9d5e	OTHER		
b43c4996963911810439f9fcb963993d84569a27	PROTOCOL	f62a5181290a24080a61f3e57671c5061bd9480b	OTHER		
b5c01fdaa0c1d82e0163d9313ea41c22a81d0d09	PROTOCOL	f6145f077cc6f46f1b146ab48798fe076fe18be8	OTHER		
b5c01fdaa0c1d82e0163d9313ea41c22a81d0d09	PROTOCOL	45b7ef6125d42d256bfc1e47d110226998cd9d5e	OTHER		
c1a8e24448477f4087bd0c37424948f294af5bef	PROTOCOL	45b7ef6125d42d256bfc1e47d110226998cd9d5e	OTHER		
c1a8e24448477f4087bd0c37424948f294af5bef	PROTOCOL	2b95caa4dfb5f63436f29e0748ef7790095b1f32	OTHER		
8064a95bb7103fe1a9f40fca48ea3b51f887569e	PROTOCOL	45b7ef6125d42d256bfc1e47d110226998cd9d5e	OTHER		
8064a95bb7103fe1a9f40fca48ea3b51f887569e	PROTOCOL	186a0a34263771f8526a31f7cdad7c61dcab6108	OTHER		
b15fdd0896f57c75fe4ca255a4134ebec147f21f	PROTOCOL	ca36fa4b6d1373ff7611b2013fe82d7686022227	OTHER		
b15fdd0896f57c75fe4ca255a4134ebec147f21f	PROTOCOL	45b7ef6125d42d256bfc1e47d110226998cd9d5e	OTHER		
7bab9a4cb48af58292989c14af08bde3c7a6b5ca	PROTOCOL	5c1a311cc3f009e7ce4165c3b9e7c4df67c7d451	OTHER		
7bab9a4cb48af58292989c14af08bde3c7a6b5ca	PROTOCOL	45b7ef6125d42d256bfc1e47d110226998cd9d5e	OTHER		
274bce2503d2e19703ce358af57576738b7759ed	PROTOCOL	50d2c3c883d94633111d30a9e13e982731665ed9	OTHER		
274bce2503d2e19703ce358af57576738b7759ed	PROTOCOL	45b7ef6125d42d256bfc1e47d110226998cd9d5e	OTHER		
8b6ff71f667c082a57eac322f6f4f7fe137cebd6	PROTOCOL	a46fa03823cabbd5ffc58e33090cf8acf91f46f8	OTHER		
8b6ff71f667c082a57eac322f6f4f7fe137cebd6	PROTOCOL	45b7ef6125d42d256bfc1e47d110226998cd9d5e	OTHER		
56ea71521fc74ed16131112e5e2f575474d41a34	PROTOCOL	45b7ef6125d42d256bfc1e47d110226998cd9d5e	OTHER		
56ea71521fc74ed16131112e5e2f575474d41a34	PROTOCOL	ef709e5dd932c1fe7cf96217197ce3c195833dc3	OTHER		
6a1c4a397e633edc6d263dd31bde4afb3ffb7170	PROTOCOL	45b7ef6125d42d256bfc1e47d110226998cd9d5e	OTHER		
6a1c4a397e633edc6d263dd31bde4afb3ffb7170	PROTOCOL	b1189402042ce96d7f0d8f45cf72460fdd2a1c8f	OTHER		
d2509614e2e711196e8ff50f122bd4e701e35ce7	PROTOCOL	45b7ef6125d42d256bfc1e47d110226998cd9d5e	OTHER		
d2509614e2e711196e8ff50f122bd4e701e35ce7	PROTOCOL	373db5500b309f52c5a3dc5c391b89b1a424ab14	OTHER		
f91186cb45af66c0037aed4d22819c13451c7c79	PROTOCOL	45b7ef6125d42d256bfc1e47d110226998cd9d5e	OTHER		
f91186cb45af66c0037aed4d22819c13451c7c79	PROTOCOL	ea43ffdc595ccf3c07a343ec4d3bf47df2ff2896	OTHER		
aff8b5bd79a61977f1bafa6d6ca472729aef6462	PROTOCOL	45b7ef6125d42d256bfc1e47d110226998cd9d5e	OTHER		
aff8b5bd79a61977f1bafa6d6ca472729aef6462	PROTOCOL	8cc180617131b14aee4ca0740b6959bcc3afc126	OTHER		
f88ee74f0792596e972ac3d9be31ff7c837640fd	PROTOCOL	4420fadd5a6fc3706dc99992c605505fde65a19b	OTHER		
f88ee74f0792596e972ac3d9be31ff7c837640fd	PROTOCOL	a47f7e600b16fcb32d011eaba2cfabf76f9869f2	OTHER		
3783af9592d1bdf62a0390ce0ecc8c1eca1763e0	PROTOCOL	45b7ef6125d42d256bfc1e47d110226998cd9d5e	OTHER		
3783af9592d1bdf62a0390ce0ecc8c1eca1763e0	PROTOCOL	f62a5181290a24080a61f3e57671c5061bd9480b	OTHER		
51a99b6aa23688a3cdb65a69fdf79ebc71c2403d	PROTOCOL	45b7ef6125d42d256bfc1e47d110226998cd9d5e	OTHER		
51a99b6aa23688a3cdb65a69fdf79ebc71c2403d	PROTOCOL	f6145f077cc6f46f1b146ab48798fe076fe18be8	OTHER		
68feb0b6e8af9452b87ea374dae1ce51e4e1afa7	PROTOCOL	45b7ef6125d42d256bfc1e47d110226998cd9d5e	OTHER		
68feb0b6e8af9452b87ea374dae1ce51e4e1afa7	PROTOCOL	2b95caa4dfb5f63436f29e0748ef7790095b1f32	OTHER		
2154cff69eb19cca60a672dfa39308d8f8df99a6	PROTOCOL	45b7ef6125d42d256bfc1e47d110226998cd9d5e	OTHER		
2154cff69eb19cca60a672dfa39308d8f8df99a6	PROTOCOL	186a0a34263771f8526a31f7cdad7c61dcab6108	OTHER		
3478bed93c11ec183682dd45e3529afc8b890632	PROTOCOL	ca36fa4b6d1373ff7611b2013fe82d7686022227	OTHER		
3478bed93c11ec183682dd45e3529afc8b890632	PROTOCOL	45b7ef6125d42d256bfc1e47d110226998cd9d5e	OTHER		
fb45e3001d640f2d007ac23500890a151c6b5eed	PROTOCOL	45b7ef6125d42d256bfc1e47d110226998cd9d5e	OTHER		
fb45e3001d640f2d007ac23500890a151c6b5eed	PROTOCOL	5c1a311cc3f009e7ce4165c3b9e7c4df67c7d451	OTHER		
2b8f0329d711ce61d5dbc87ecb35b5a10805d514	PROTOCOL	45b7ef6125d42d256bfc1e47d110226998cd9d5e	OTHER		
6302c12fbd9a32c455038e3ad9495949b05254eb	PROTOCOL	a46fa03823cabbd5ffc58e33090cf8acf91f46f8	OTHER		
6302c12fbd9a32c455038e3ad9495949b05254eb	PROTOCOL	45b7ef6125d42d256bfc1e47d110226998cd9d5e	OTHER		
dfd24b78cc7efd9b66ef4741add080cfcfdb3b66	PROTOCOL	ef709e5dd932c1fe7cf96217197ce3c195833dc3	OTHER		
dfd24b78cc7efd9b66ef4741add080cfcfdb3b66	PROTOCOL	45b7ef6125d42d256bfc1e47d110226998cd9d5e	OTHER		
234be1534525b92ade9471acd7b0db6f22277cb8	PROTOCOL	45b7ef6125d42d256bfc1e47d110226998cd9d5e	OTHER		
234be1534525b92ade9471acd7b0db6f22277cb8	PROTOCOL	b1189402042ce96d7f0d8f45cf72460fdd2a1c8f	OTHER		
eb83e6a826df672951a4bb6c39731d27ff0925c0	PROTOCOL	373db5500b309f52c5a3dc5c391b89b1a424ab14	OTHER		
eb83e6a826df672951a4bb6c39731d27ff0925c0	PROTOCOL	45b7ef6125d42d256bfc1e47d110226998cd9d5e	OTHER		
fd4d4fb22f7fbf053bdb387ea0da1114f59f2757	PROTOCOL	45b7ef6125d42d256bfc1e47d110226998cd9d5e	OTHER		
fd4d4fb22f7fbf053bdb387ea0da1114f59f2757	PROTOCOL	ea43ffdc595ccf3c07a343ec4d3bf47df2ff2896	OTHER		
7c3d7fb1ecd9ce86b69d07e2f73bb608c50c490d	PROTOCOL	45b7ef6125d42d256bfc1e47d110226998cd9d5e	OTHER		
7c3d7fb1ecd9ce86b69d07e2f73bb608c50c490d	PROTOCOL	8cc180617131b14aee4ca0740b6959bcc3afc126	OTHER		
6ccb1e92c3fa95827cee9d101eb90c261ad7f69f	PROTOCOL	a47f7e600b16fcb32d011eaba2cfabf76f9869f2	OTHER		
6ccb1e92c3fa95827cee9d101eb90c261ad7f69f	PROTOCOL	4420fadd5a6fc3706dc99992c605505fde65a19b	OTHER		
b8d70d8febb11df7af8e1224d0930bfbd0e5c383	PROTOCOL	45b7ef6125d42d256bfc1e47d110226998cd9d5e	OTHER		
b8d70d8febb11df7af8e1224d0930bfbd0e5c383	PROTOCOL	f62a5181290a24080a61f3e57671c5061bd9480b	OTHER		
6ed644bd12dd65628bfe1a1162986a1beca3a8aa	PROTOCOL	f6145f077cc6f46f1b146ab48798fe076fe18be8	OTHER		
6ed644bd12dd65628bfe1a1162986a1beca3a8aa	PROTOCOL	45b7ef6125d42d256bfc1e47d110226998cd9d5e	OTHER		
78bf60a46e89db988c6372d4adc716bd3a25f054	PROTOCOL	2b95caa4dfb5f63436f29e0748ef7790095b1f32	OTHER		
78bf60a46e89db988c6372d4adc716bd3a25f054	PROTOCOL	45b7ef6125d42d256bfc1e47d110226998cd9d5e	OTHER		
5262bff3ca2ab4008b43a6151ec9f147ee1b7835	PROTOCOL	45b7ef6125d42d256bfc1e47d110226998cd9d5e	OTHER		
5262bff3ca2ab4008b43a6151ec9f147ee1b7835	PROTOCOL	186a0a34263771f8526a31f7cdad7c61dcab6108	OTHER		
acba982cec446e6bb55e9378f9af90c75b924bb7	PROTOCOL	45b7ef6125d42d256bfc1e47d110226998cd9d5e	OTHER		
acba982cec446e6bb55e9378f9af90c75b924bb7	PROTOCOL	ca36fa4b6d1373ff7611b2013fe82d7686022227	OTHER		
8560ce2d5689fa65e6860185e0a68f316df2205a	PROTOCOL	5c1a311cc3f009e7ce4165c3b9e7c4df67c7d451	OTHER		
8560ce2d5689fa65e6860185e0a68f316df2205a	PROTOCOL	45b7ef6125d42d256bfc1e47d110226998cd9d5e	OTHER		
dcc212ea57fd2c34f3f3d7562d4ce48e4c18ee90	PROTOCOL	45b7ef6125d42d256bfc1e47d110226998cd9d5e	OTHER		
dcc212ea57fd2c34f3f3d7562d4ce48e4c18ee90	PROTOCOL	50d2c3c883d94633111d30a9e13e982731665ed9	OTHER		
1c110a9bae6b415c42766b322998bb1aa3afe006	PROTOCOL	45b7ef6125d42d256bfc1e47d110226998cd9d5e	OTHER		
1c110a9bae6b415c42766b322998bb1aa3afe006	PROTOCOL	a46fa03823cabbd5ffc58e33090cf8acf91f46f8	OTHER		
34d4f84d3046526ea6163f05287e9077f5e42d75	PROTOCOL	45b7ef6125d42d256bfc1e47d110226998cd9d5e	OTHER		
34d4f84d3046526ea6163f05287e9077f5e42d75	PROTOCOL	ef709e5dd932c1fe7cf96217197ce3c195833dc3	OTHER		
fc967da4e81bc5cf3b305356ff8dd08674b382dc	PROTOCOL	45b7ef6125d42d256bfc1e47d110226998cd9d5e	OTHER		
fc967da4e81bc5cf3b305356ff8dd08674b382dc	PROTOCOL	b1189402042ce96d7f0d8f45cf72460fdd2a1c8f	OTHER		
b114c169fcd5683109ef0763fa91601958cc03b3	PROTOCOL	373db5500b309f52c5a3dc5c391b89b1a424ab14	OTHER		
b114c169fcd5683109ef0763fa91601958cc03b3	PROTOCOL	45b7ef6125d42d256bfc1e47d110226998cd9d5e	OTHER		
f7deaa51c3f2f7f1867044bf66ff922f09981753	PROTOCOL	45b7ef6125d42d256bfc1e47d110226998cd9d5e	OTHER		
f7deaa51c3f2f7f1867044bf66ff922f09981753	PROTOCOL	ea43ffdc595ccf3c07a343ec4d3bf47df2ff2896	OTHER		
aa34a539568b4c14987a979f92255fe0079dca0e	PROTOCOL	45b7ef6125d42d256bfc1e47d110226998cd9d5e	OTHER		
aa34a539568b4c14987a979f92255fe0079dca0e	PROTOCOL	8cc180617131b14aee4ca0740b6959bcc3afc126	OTHER		
9844ab38a837b3dd6f776b4d701267d30c327d2f	PROTOCOL	4420fadd5a6fc3706dc99992c605505fde65a19b	OTHER		
9844ab38a837b3dd6f776b4d701267d30c327d2f	PROTOCOL	a47f7e600b16fcb32d011eaba2cfabf76f9869f2	OTHER		
428df98a8732d657e97dab9cde39b2f3e5f4a12f	PROTOCOL	f62a5181290a24080a61f3e57671c5061bd9480b	OTHER		
428df98a8732d657e97dab9cde39b2f3e5f4a12f	PROTOCOL	45b7ef6125d42d256bfc1e47d110226998cd9d5e	OTHER		
ab1cbde23833576a854145ec6be2f67714271f5c	PROTOCOL	45b7ef6125d42d256bfc1e47d110226998cd9d5e	OTHER		
ab1cbde23833576a854145ec6be2f67714271f5c	PROTOCOL	f6145f077cc6f46f1b146ab48798fe076fe18be8	OTHER		
5bef8f02bf5267bae40a1ab8cc6c5b3a27c9eae0	PROTOCOL	45b7ef6125d42d256bfc1e47d110226998cd9d5e	OTHER		
5bef8f02bf5267bae40a1ab8cc6c5b3a27c9eae0	PROTOCOL	2b95caa4dfb5f63436f29e0748ef7790095b1f32	OTHER		
52a69f155be67d247d74048add5156c4f7a27bdc	PROTOCOL	186a0a34263771f8526a31f7cdad7c61dcab6108	OTHER		
52a69f155be67d247d74048add5156c4f7a27bdc	PROTOCOL	45b7ef6125d42d256bfc1e47d110226998cd9d5e	OTHER		
a46a17c66088ca46e8f2571a4926cb855d54be87	PROTOCOL	ca36fa4b6d1373ff7611b2013fe82d7686022227	OTHER		
a46a17c66088ca46e8f2571a4926cb855d54be87	PROTOCOL	45b7ef6125d42d256bfc1e47d110226998cd9d5e	OTHER		
3758966adc2ef59966ef529236104d18e414e84c	PROTOCOL	5c1a311cc3f009e7ce4165c3b9e7c4df67c7d451	OTHER		
3758966adc2ef59966ef529236104d18e414e84c	PROTOCOL	45b7ef6125d42d256bfc1e47d110226998cd9d5e	OTHER		
424e6680d889b2ba4245a90503cc4aa6eeabd3d5	PROTOCOL	50d2c3c883d94633111d30a9e13e982731665ed9	OTHER		
424e6680d889b2ba4245a90503cc4aa6eeabd3d5	PROTOCOL	45b7ef6125d42d256bfc1e47d110226998cd9d5e	OTHER		
18803fdce519922f0bb5b94531e017df9980b760	PROTOCOL	a46fa03823cabbd5ffc58e33090cf8acf91f46f8	OTHER		
18803fdce519922f0bb5b94531e017df9980b760	PROTOCOL	45b7ef6125d42d256bfc1e47d110226998cd9d5e	OTHER		
5d579310515efde8bebefd29757d2065923d881a	PROTOCOL	45b7ef6125d42d256bfc1e47d110226998cd9d5e	OTHER		
5d579310515efde8bebefd29757d2065923d881a	PROTOCOL	ef709e5dd932c1fe7cf96217197ce3c195833dc3	OTHER		
51a761093ce70743d79057f4fd11db01aec4a46d	PROTOCOL	45b7ef6125d42d256bfc1e47d110226998cd9d5e	OTHER		
51a761093ce70743d79057f4fd11db01aec4a46d	PROTOCOL	b1189402042ce96d7f0d8f45cf72460fdd2a1c8f	OTHER		
2c16c9aaf2b90934eb2aaa7b43039e8ba6ada430	PROTOCOL	45b7ef6125d42d256bfc1e47d110226998cd9d5e	OTHER		
2c16c9aaf2b90934eb2aaa7b43039e8ba6ada430	PROTOCOL	373db5500b309f52c5a3dc5c391b89b1a424ab14	OTHER		
adb85e527a0722d5e1237fab872f4fddb3390326	PROTOCOL	45b7ef6125d42d256bfc1e47d110226998cd9d5e	OTHER		
adb85e527a0722d5e1237fab872f4fddb3390326	PROTOCOL	ea43ffdc595ccf3c07a343ec4d3bf47df2ff2896	OTHER		
0ae724ec403a58e638ea042de099467d22616322	PROTOCOL	8cc180617131b14aee4ca0740b6959bcc3afc126	OTHER		
0ae724ec403a58e638ea042de099467d22616322	PROTOCOL	45b7ef6125d42d256bfc1e47d110226998cd9d5e	OTHER		
0d46fb6d5973dcff936e3b6ebdecc4d23c463aad	PROTOCOL	4420fadd5a6fc3706dc99992c605505fde65a19b	OTHER		
0d46fb6d5973dcff936e3b6ebdecc4d23c463aad	PROTOCOL	a47f7e600b16fcb32d011eaba2cfabf76f9869f2	OTHER		
0868ea47eab5d74bbdc3e13e4bd28f104357dae0	PROTOCOL	45b7ef6125d42d256bfc1e47d110226998cd9d5e	OTHER		
0868ea47eab5d74bbdc3e13e4bd28f104357dae0	PROTOCOL	f62a5181290a24080a61f3e57671c5061bd9480b	OTHER		
eda4fb9d0fa0f5e16a9e7cb6be91d6f6a3c4f16b	PROTOCOL	f6145f077cc6f46f1b146ab48798fe076fe18be8	OTHER		
eda4fb9d0fa0f5e16a9e7cb6be91d6f6a3c4f16b	PROTOCOL	45b7ef6125d42d256bfc1e47d110226998cd9d5e	OTHER		
5c4a0e93a0cc52d77c17793974b0b4fabfaa7a50	PROTOCOL	2b95caa4dfb5f63436f29e0748ef7790095b1f32	OTHER		
5c4a0e93a0cc52d77c17793974b0b4fabfaa7a50	PROTOCOL	45b7ef6125d42d256bfc1e47d110226998cd9d5e	OTHER		
f7ffad815f61df4991a7a48d13903f7e6737424c	PROTOCOL	186a0a34263771f8526a31f7cdad7c61dcab6108	OTHER		
f7ffad815f61df4991a7a48d13903f7e6737424c	PROTOCOL	45b7ef6125d42d256bfc1e47d110226998cd9d5e	OTHER		
3ede50e0e9551769320f72b154b0ad83937b76be	PROTOCOL	ca36fa4b6d1373ff7611b2013fe82d7686022227	OTHER		
3ede50e0e9551769320f72b154b0ad83937b76be	PROTOCOL	45b7ef6125d42d256bfc1e47d110226998cd9d5e	OTHER		
f8a726da354be9f5b23b946c853a4d6b51856ca8	PROTOCOL	c5162466457a95b81aaf2c24513e58db2af6fa05	OTHER		
f8e9cdaaf77f5babc298d86bccd39d3817ea3049	PROTOCOL	c5162466457a95b81aaf2c24513e58db2af6fa05	OTHER		
d3f5154abd6892bfc0759326f70d3df4b05ebe5e	PROTOCOL	c5162466457a95b81aaf2c24513e58db2af6fa05	OTHER		
d31fa80540106fa38de24b6eeeebb042ba2fe27d	PROTOCOL	c5162466457a95b81aaf2c24513e58db2af6fa05	OTHER		
d31fa80540106fa38de24b6eeeebb042ba2fe27d	PROTOCOL	b1189402042ce96d7f0d8f45cf72460fdd2a1c8f	OTHER		
faef50387c7952a2300f52cf24e4be767b9ce860	PROTOCOL	c5162466457a95b81aaf2c24513e58db2af6fa05	OTHER		
d2c6b4c4d0412e2ca3386f4ae9d62caba25e82c1	PROTOCOL	c5162466457a95b81aaf2c24513e58db2af6fa05	OTHER		
770666e34ccafbc1053cebcdecdd09856ae132f2	PROTOCOL	c5162466457a95b81aaf2c24513e58db2af6fa05	OTHER		
770666e34ccafbc1053cebcdecdd09856ae132f2	PROTOCOL	4420fadd5a6fc3706dc99992c605505fde65a19b	OTHER		
60223df992ca65b48da266fcc17c2fe0819c4298	PROTOCOL	f6145f077cc6f46f1b146ab48798fe076fe18be8	OTHER		
60223df992ca65b48da266fcc17c2fe0819c4298	PROTOCOL	c5162466457a95b81aaf2c24513e58db2af6fa05	OTHER		
ebe38165fba326ffdab7e773d243ceee21c6a9f6	PROTOCOL	c5162466457a95b81aaf2c24513e58db2af6fa05	OTHER		
f8e44203c3d8ae12ae2419c3ea76ba163bc79170	PROTOCOL	0282332639cc2d3e4691704a85d2bc967080ffa4	OTHER		
f8e44203c3d8ae12ae2419c3ea76ba163bc79170	PROTOCOL	5a597b00aa1fbbf2f73ca7d144626b3adbda406f	OTHER		
e1d45bb5608c1df7e1c7a0f3bd1f75bf8be54979	PROTOCOL	45b7ef6125d42d256bfc1e47d110226998cd9d5e	OTHER		
e1d45bb5608c1df7e1c7a0f3bd1f75bf8be54979	PROTOCOL	5c1a311cc3f009e7ce4165c3b9e7c4df67c7d451	OTHER		
75c4e2bea150041c495e0da18012aa275a44b94b	PROTOCOL	84e07fa62f5d45e22c26119928f71102b453fec1	OTHER		
75c4e2bea150041c495e0da18012aa275a44b94b	PROTOCOL	45b7ef6125d42d256bfc1e47d110226998cd9d5e	OTHER		
3e8ef38f2dec093cecf779ff72738a4346a3e4e2	PROTOCOL	45b7ef6125d42d256bfc1e47d110226998cd9d5e	OTHER		
3e8ef38f2dec093cecf779ff72738a4346a3e4e2	PROTOCOL	a46fa03823cabbd5ffc58e33090cf8acf91f46f8	OTHER		
48ac695da05fba44eccb66632e88f81f348d679a	PROTOCOL	45b7ef6125d42d256bfc1e47d110226998cd9d5e	OTHER		
48ac695da05fba44eccb66632e88f81f348d679a	PROTOCOL	ef709e5dd932c1fe7cf96217197ce3c195833dc3	OTHER		
49e3d3238ba455be343d87f25e231a07febfbc59	PROTOCOL	b1189402042ce96d7f0d8f45cf72460fdd2a1c8f	OTHER		
49e3d3238ba455be343d87f25e231a07febfbc59	PROTOCOL	45b7ef6125d42d256bfc1e47d110226998cd9d5e	OTHER		
184356c6ca5c1724ae113d83c39d401b2c0f1d8c	PROTOCOL	45b7ef6125d42d256bfc1e47d110226998cd9d5e	OTHER		
37e5b4c44961eb08d09a1fcf25ad6d688f50f7b8	PROTOCOL	45b7ef6125d42d256bfc1e47d110226998cd9d5e	OTHER		
37e5b4c44961eb08d09a1fcf25ad6d688f50f7b8	PROTOCOL	ea43ffdc595ccf3c07a343ec4d3bf47df2ff2896	OTHER		
65d1c9b528339176aa49366d7fad8939e7ac6982	PROTOCOL	45b7ef6125d42d256bfc1e47d110226998cd9d5e	OTHER		
1e8920e6d32d09b08b73b14f505c11b9e57b701d	PROTOCOL	4420fadd5a6fc3706dc99992c605505fde65a19b	OTHER		
1e8920e6d32d09b08b73b14f505c11b9e57b701d	PROTOCOL	a47f7e600b16fcb32d011eaba2cfabf76f9869f2	OTHER		
c77cf1371237609de9e575d0db59cac4be73bda9	PROTOCOL	f62a5181290a24080a61f3e57671c5061bd9480b	OTHER		
c77cf1371237609de9e575d0db59cac4be73bda9	PROTOCOL	45b7ef6125d42d256bfc1e47d110226998cd9d5e	OTHER		
bfb288261b0ee66d328fe5a2c41e93174de9cf5b	PROTOCOL	f6145f077cc6f46f1b146ab48798fe076fe18be8	OTHER		
bfb288261b0ee66d328fe5a2c41e93174de9cf5b	PROTOCOL	45b7ef6125d42d256bfc1e47d110226998cd9d5e	OTHER		
d3b596f0ca8d4e0b46f73201a6cde7be44ba66f6	PROTOCOL	45b7ef6125d42d256bfc1e47d110226998cd9d5e	OTHER		
d3b596f0ca8d4e0b46f73201a6cde7be44ba66f6	PROTOCOL	2b95caa4dfb5f63436f29e0748ef7790095b1f32	OTHER		
efe4f28143124ee239e9e533d77b59e6a6866236	PROTOCOL	186a0a34263771f8526a31f7cdad7c61dcab6108	OTHER		
efe4f28143124ee239e9e533d77b59e6a6866236	PROTOCOL	45b7ef6125d42d256bfc1e47d110226998cd9d5e	OTHER		
5504bcf395c67747e6414382eb93ec93abbdc4a8	PROTOCOL	ca36fa4b6d1373ff7611b2013fe82d7686022227	OTHER		
5504bcf395c67747e6414382eb93ec93abbdc4a8	PROTOCOL	45b7ef6125d42d256bfc1e47d110226998cd9d5e	OTHER		
8051c02959c996071daeb557956f56ebd919c13a	PROTOCOL	c5162466457a95b81aaf2c24513e58db2af6fa05	OTHER		
8051c02959c996071daeb557956f56ebd919c13a	PROTOCOL	5c1a311cc3f009e7ce4165c3b9e7c4df67c7d451	OTHER		
2bd4cfef8315b582db8d0228e1d171ab4775c3ae	PROTOCOL	c5162466457a95b81aaf2c24513e58db2af6fa05	OTHER		
2bd4cfef8315b582db8d0228e1d171ab4775c3ae	PROTOCOL	5a9c16cb7a38865910c097a2c7f313c3efb68353	OTHER		
36a6ddeb78709dc559106f9c71e9bf6b00c563ca	PROTOCOL	a46fa03823cabbd5ffc58e33090cf8acf91f46f8	OTHER		
36a6ddeb78709dc559106f9c71e9bf6b00c563ca	PROTOCOL	c5162466457a95b81aaf2c24513e58db2af6fa05	OTHER		
93266fa26883424a1f62f88ec0f9ad87d962a64c	PROTOCOL	c5162466457a95b81aaf2c24513e58db2af6fa05	OTHER		
93266fa26883424a1f62f88ec0f9ad87d962a64c	PROTOCOL	ef709e5dd932c1fe7cf96217197ce3c195833dc3	OTHER		
f742f6e96951a709558a96f8af2b98f6abccfc6a	PROTOCOL	c5162466457a95b81aaf2c24513e58db2af6fa05	OTHER		
f742f6e96951a709558a96f8af2b98f6abccfc6a	PROTOCOL	b1189402042ce96d7f0d8f45cf72460fdd2a1c8f	OTHER		
acf589a13441475d3aaeefced5b858c635914abd	PROTOCOL	c5162466457a95b81aaf2c24513e58db2af6fa05	OTHER		
a1840c7d1e4de22b2c929c5a3ec6072990ba1d43	PROTOCOL	c5162466457a95b81aaf2c24513e58db2af6fa05	OTHER		
a1840c7d1e4de22b2c929c5a3ec6072990ba1d43	PROTOCOL	ea43ffdc595ccf3c07a343ec4d3bf47df2ff2896	OTHER		
fdba02ebe47337bffb4c8d852e7be533b1e1c35e	PROTOCOL	c5162466457a95b81aaf2c24513e58db2af6fa05	OTHER		
fdba02ebe47337bffb4c8d852e7be533b1e1c35e	PROTOCOL	8cc180617131b14aee4ca0740b6959bcc3afc126	OTHER		
fd994e44dcc8c6ac6f20216d4a33b64eabf0ba77	PROTOCOL	4420fadd5a6fc3706dc99992c605505fde65a19b	OTHER		
fd994e44dcc8c6ac6f20216d4a33b64eabf0ba77	PROTOCOL	c5162466457a95b81aaf2c24513e58db2af6fa05	OTHER		
59c4cd0fa685bd451fe2489426d53871c63dfc1e	PROTOCOL	f62a5181290a24080a61f3e57671c5061bd9480b	OTHER		
59c4cd0fa685bd451fe2489426d53871c63dfc1e	PROTOCOL	c5162466457a95b81aaf2c24513e58db2af6fa05	OTHER		
d8c59736093098507e9ee436b9092b54316115df	PROTOCOL	c5162466457a95b81aaf2c24513e58db2af6fa05	OTHER		
d8c59736093098507e9ee436b9092b54316115df	PROTOCOL	f6145f077cc6f46f1b146ab48798fe076fe18be8	OTHER		
078d81fe3cca72a6356cde53ece25b71a5a0365e	PROTOCOL	186a0a34263771f8526a31f7cdad7c61dcab6108	OTHER		
078d81fe3cca72a6356cde53ece25b71a5a0365e	PROTOCOL	c5162466457a95b81aaf2c24513e58db2af6fa05	OTHER		
aed2db87d63fdfcb9cac601443df7cfe0c3b8ca7	PROTOCOL	c5162466457a95b81aaf2c24513e58db2af6fa05	OTHER		
1946101501da7138b5385e7b3cc9759110e14eef	PROTOCOL	45b7ef6125d42d256bfc1e47d110226998cd9d5e	OTHER		
1946101501da7138b5385e7b3cc9759110e14eef	PROTOCOL	5c1a311cc3f009e7ce4165c3b9e7c4df67c7d451	OTHER		
835e45ad503fbc032eb3da71be12b116faff6d5b	PROTOCOL	45b7ef6125d42d256bfc1e47d110226998cd9d5e	OTHER		
835e45ad503fbc032eb3da71be12b116faff6d5b	PROTOCOL	50d2c3c883d94633111d30a9e13e982731665ed9	OTHER		
52673a4774d83cf46a019d9caa0beb6058169f2b	PROTOCOL	45b7ef6125d42d256bfc1e47d110226998cd9d5e	OTHER		
52673a4774d83cf46a019d9caa0beb6058169f2b	PROTOCOL	a46fa03823cabbd5ffc58e33090cf8acf91f46f8	OTHER		
47109cd4309edf68fd1abfbc3eb4ff684b1b9407	PROTOCOL	ef709e5dd932c1fe7cf96217197ce3c195833dc3	OTHER		
47109cd4309edf68fd1abfbc3eb4ff684b1b9407	PROTOCOL	45b7ef6125d42d256bfc1e47d110226998cd9d5e	OTHER		
c9f2a777144fbf2c57f7ba4bb906ac6650abd66c	PROTOCOL	b1189402042ce96d7f0d8f45cf72460fdd2a1c8f	OTHER		
c9f2a777144fbf2c57f7ba4bb906ac6650abd66c	PROTOCOL	45b7ef6125d42d256bfc1e47d110226998cd9d5e	OTHER		
9c7c041ab595da11d087e9c597f547c47817459f	PROTOCOL	373db5500b309f52c5a3dc5c391b89b1a424ab14	OTHER		
9c7c041ab595da11d087e9c597f547c47817459f	PROTOCOL	45b7ef6125d42d256bfc1e47d110226998cd9d5e	OTHER		
19ea660af765ba5c52fc15fc8922513daecd9ec2	PROTOCOL	45b7ef6125d42d256bfc1e47d110226998cd9d5e	OTHER		
19ea660af765ba5c52fc15fc8922513daecd9ec2	PROTOCOL	ea43ffdc595ccf3c07a343ec4d3bf47df2ff2896	OTHER		
691c1dabee7f90816deb9bc67dc6d97d4dd1ad74	PROTOCOL	8cc180617131b14aee4ca0740b6959bcc3afc126	OTHER		
691c1dabee7f90816deb9bc67dc6d97d4dd1ad74	PROTOCOL	45b7ef6125d42d256bfc1e47d110226998cd9d5e	OTHER		
2bb97d0706e1b8febaad229001cdf51ca61284b8	PROTOCOL	4420fadd5a6fc3706dc99992c605505fde65a19b	OTHER		
2bb97d0706e1b8febaad229001cdf51ca61284b8	PROTOCOL	a47f7e600b16fcb32d011eaba2cfabf76f9869f2	OTHER		
9be9e43c5f88ced81b0910487c07a8a915d5ad55	PROTOCOL	45b7ef6125d42d256bfc1e47d110226998cd9d5e	OTHER		
9be9e43c5f88ced81b0910487c07a8a915d5ad55	PROTOCOL	f62a5181290a24080a61f3e57671c5061bd9480b	OTHER		
00987dc420bd33387fb5380d621e7e28923a1185	PROTOCOL	f6145f077cc6f46f1b146ab48798fe076fe18be8	OTHER		
00987dc420bd33387fb5380d621e7e28923a1185	PROTOCOL	45b7ef6125d42d256bfc1e47d110226998cd9d5e	OTHER		
b7d82576b70b31be2d3dd81ca9d784bee03e7867	PROTOCOL	2b95caa4dfb5f63436f29e0748ef7790095b1f32	OTHER		
b7d82576b70b31be2d3dd81ca9d784bee03e7867	PROTOCOL	45b7ef6125d42d256bfc1e47d110226998cd9d5e	OTHER		
584d56cd7c402879f656f9c8af48e766273da12c	PROTOCOL	45b7ef6125d42d256bfc1e47d110226998cd9d5e	OTHER		
584d56cd7c402879f656f9c8af48e766273da12c	PROTOCOL	186a0a34263771f8526a31f7cdad7c61dcab6108	OTHER		
120959cbcd41eb3c738e16f4ec535371957e896d	PROTOCOL	ca36fa4b6d1373ff7611b2013fe82d7686022227	OTHER		
120959cbcd41eb3c738e16f4ec535371957e896d	PROTOCOL	45b7ef6125d42d256bfc1e47d110226998cd9d5e	OTHER		
332066fb75ba440cd81e7d570f137b8e1d651b76	PROTOCOL	45b7ef6125d42d256bfc1e47d110226998cd9d5e	OTHER		
5496cc82c3e8aadd1e49ee0186ef1341ecebe77b	PROTOCOL	45b7ef6125d42d256bfc1e47d110226998cd9d5e	OTHER		
6743ff8070cc1112001813daaf02802f3e18880f	PROTOCOL	a46fa03823cabbd5ffc58e33090cf8acf91f46f8	OTHER		
6743ff8070cc1112001813daaf02802f3e18880f	PROTOCOL	45b7ef6125d42d256bfc1e47d110226998cd9d5e	OTHER		
08c66a0e2d7307d28d93aed538b50414a717a3bc	PROTOCOL	ef709e5dd932c1fe7cf96217197ce3c195833dc3	OTHER		
08c66a0e2d7307d28d93aed538b50414a717a3bc	PROTOCOL	45b7ef6125d42d256bfc1e47d110226998cd9d5e	OTHER		
4d384fc7f46ad76ee011ef30456265b00553e932	PROTOCOL	b1189402042ce96d7f0d8f45cf72460fdd2a1c8f	OTHER		
4d384fc7f46ad76ee011ef30456265b00553e932	PROTOCOL	45b7ef6125d42d256bfc1e47d110226998cd9d5e	OTHER		
e97cb22aba8af721cbbbf879c2a80490412ca7bd	PROTOCOL	45b7ef6125d42d256bfc1e47d110226998cd9d5e	OTHER		
e97cb22aba8af721cbbbf879c2a80490412ca7bd	PROTOCOL	373db5500b309f52c5a3dc5c391b89b1a424ab14	OTHER		
ddb801111d229a57fe969d1d6c24cffb31ddd398	PROTOCOL	45b7ef6125d42d256bfc1e47d110226998cd9d5e	OTHER		
ddb801111d229a57fe969d1d6c24cffb31ddd398	PROTOCOL	ea43ffdc595ccf3c07a343ec4d3bf47df2ff2896	OTHER		
245d1f37bf2b5f1ba4970198e071255494cb2ae6	PROTOCOL	45b7ef6125d42d256bfc1e47d110226998cd9d5e	OTHER		
245d1f37bf2b5f1ba4970198e071255494cb2ae6	PROTOCOL	8cc180617131b14aee4ca0740b6959bcc3afc126	OTHER		
5c56454c1c31f1ffd31ae082b1cacfde017e9785	PROTOCOL	4420fadd5a6fc3706dc99992c605505fde65a19b	OTHER		
5c56454c1c31f1ffd31ae082b1cacfde017e9785	PROTOCOL	a47f7e600b16fcb32d011eaba2cfabf76f9869f2	OTHER		
2f9586534503cccc8505ffc814e87204b266d211	PROTOCOL	f62a5181290a24080a61f3e57671c5061bd9480b	OTHER		
2f9586534503cccc8505ffc814e87204b266d211	PROTOCOL	45b7ef6125d42d256bfc1e47d110226998cd9d5e	OTHER		
a0f93779d14c8cc6400b5d9ebe7215dd018da205	PROTOCOL	45b7ef6125d42d256bfc1e47d110226998cd9d5e	OTHER		
a0f93779d14c8cc6400b5d9ebe7215dd018da205	PROTOCOL	f6145f077cc6f46f1b146ab48798fe076fe18be8	OTHER		
21719aeda9136f95c44e8cb6fa38c1abf5ed203a	PROTOCOL	2b95caa4dfb5f63436f29e0748ef7790095b1f32	OTHER		
21719aeda9136f95c44e8cb6fa38c1abf5ed203a	PROTOCOL	45b7ef6125d42d256bfc1e47d110226998cd9d5e	OTHER		
c7767db6d8d4a202c0b47a047f911541b5419d32	PROTOCOL	186a0a34263771f8526a31f7cdad7c61dcab6108	OTHER		
c7767db6d8d4a202c0b47a047f911541b5419d32	PROTOCOL	45b7ef6125d42d256bfc1e47d110226998cd9d5e	OTHER		
eaf69af61d2693df85154b8c0833423fe53b8945	PROTOCOL	ca36fa4b6d1373ff7611b2013fe82d7686022227	OTHER		
eaf69af61d2693df85154b8c0833423fe53b8945	PROTOCOL	45b7ef6125d42d256bfc1e47d110226998cd9d5e	OTHER		
009dadd5c094fb72d540cb8179212210aabdc6e4	PROTOCOL	5c1a311cc3f009e7ce4165c3b9e7c4df67c7d451	OTHER		
009dadd5c094fb72d540cb8179212210aabdc6e4	PROTOCOL	45b7ef6125d42d256bfc1e47d110226998cd9d5e	OTHER		
2d8eccfdaae1a88e969292ebc73e3bdbba412f47	PROTOCOL	45b7ef6125d42d256bfc1e47d110226998cd9d5e	OTHER		
df8230af86cc159e779b797e6230d9e0805fae70	PROTOCOL	a46fa03823cabbd5ffc58e33090cf8acf91f46f8	OTHER		
df8230af86cc159e779b797e6230d9e0805fae70	PROTOCOL	45b7ef6125d42d256bfc1e47d110226998cd9d5e	OTHER		
9f178973c5627902d52501e63257c4b6ba1d712a	PROTOCOL	45b7ef6125d42d256bfc1e47d110226998cd9d5e	OTHER		
9f178973c5627902d52501e63257c4b6ba1d712a	PROTOCOL	ef709e5dd932c1fe7cf96217197ce3c195833dc3	OTHER		
15a9cfb82a3b4843b12f8763a682bbe13db7bc47	PROTOCOL	b1189402042ce96d7f0d8f45cf72460fdd2a1c8f	OTHER		
15a9cfb82a3b4843b12f8763a682bbe13db7bc47	PROTOCOL	45b7ef6125d42d256bfc1e47d110226998cd9d5e	OTHER		
722a8acd7dd0cb37e99ed5d858a8ddcec9f9f045	PROTOCOL	373db5500b309f52c5a3dc5c391b89b1a424ab14	OTHER		
722a8acd7dd0cb37e99ed5d858a8ddcec9f9f045	PROTOCOL	45b7ef6125d42d256bfc1e47d110226998cd9d5e	OTHER		
2c08a708a375983c82d3b26d35a203ed51be99f1	PROTOCOL	ea43ffdc595ccf3c07a343ec4d3bf47df2ff2896	OTHER		
2c08a708a375983c82d3b26d35a203ed51be99f1	PROTOCOL	45b7ef6125d42d256bfc1e47d110226998cd9d5e	OTHER		
92bdb3911d8429d3c3ffb2f176f98e8dcee2edc4	PROTOCOL	45b7ef6125d42d256bfc1e47d110226998cd9d5e	OTHER		
92bdb3911d8429d3c3ffb2f176f98e8dcee2edc4	PROTOCOL	8cc180617131b14aee4ca0740b6959bcc3afc126	OTHER		
8f29e92890475d090db465e709da98d5274f9ec5	PROTOCOL	4420fadd5a6fc3706dc99992c605505fde65a19b	OTHER		
8f29e92890475d090db465e709da98d5274f9ec5	PROTOCOL	a47f7e600b16fcb32d011eaba2cfabf76f9869f2	OTHER		
519fbfee24af3c1a7d59cca0ea1ec33a465dfd63	PROTOCOL	f62a5181290a24080a61f3e57671c5061bd9480b	OTHER		
519fbfee24af3c1a7d59cca0ea1ec33a465dfd63	PROTOCOL	45b7ef6125d42d256bfc1e47d110226998cd9d5e	OTHER		
0495427b42ea001aeb79479a032dbc5f3c22945e	PROTOCOL	45b7ef6125d42d256bfc1e47d110226998cd9d5e	OTHER		
0495427b42ea001aeb79479a032dbc5f3c22945e	PROTOCOL	f6145f077cc6f46f1b146ab48798fe076fe18be8	OTHER		
7afe80c078f23022a4a9e61875b17e8ec0ebd68e	PROTOCOL	45b7ef6125d42d256bfc1e47d110226998cd9d5e	OTHER		
7afe80c078f23022a4a9e61875b17e8ec0ebd68e	PROTOCOL	2b95caa4dfb5f63436f29e0748ef7790095b1f32	OTHER		
3528db4c784f3615542b42f8ac1c8b8ade8431bc	PROTOCOL	186a0a34263771f8526a31f7cdad7c61dcab6108	OTHER		
3528db4c784f3615542b42f8ac1c8b8ade8431bc	PROTOCOL	45b7ef6125d42d256bfc1e47d110226998cd9d5e	OTHER		
248031e97e3f5bc551a86d5f604ec1482ad0aef4	PROTOCOL	ca36fa4b6d1373ff7611b2013fe82d7686022227	OTHER		
248031e97e3f5bc551a86d5f604ec1482ad0aef4	PROTOCOL	45b7ef6125d42d256bfc1e47d110226998cd9d5e	OTHER		
b06dea507f01d2dc3dc20a1cc414d0bf07557838	PROTOCOL	5c1a311cc3f009e7ce4165c3b9e7c4df67c7d451	OTHER		
b06dea507f01d2dc3dc20a1cc414d0bf07557838	PROTOCOL	c5162466457a95b81aaf2c24513e58db2af6fa05	OTHER		
a197c421a1d8e80f141324412940e4a5acda53b5	PROTOCOL	c5162466457a95b81aaf2c24513e58db2af6fa05	OTHER		
1c96ffca9ec462533464047486f1337160fcbc29	PROTOCOL	c5162466457a95b81aaf2c24513e58db2af6fa05	OTHER		
c28d55d37b87a94d9e3620cf40bd51362cf61f1e	PROTOCOL	c5162466457a95b81aaf2c24513e58db2af6fa05	OTHER		
4828b2b1119f4a45e7526d3e8b00a09ab589c965	PROTOCOL	b1189402042ce96d7f0d8f45cf72460fdd2a1c8f	OTHER		
4828b2b1119f4a45e7526d3e8b00a09ab589c965	PROTOCOL	c5162466457a95b81aaf2c24513e58db2af6fa05	OTHER		
887e2c93109a8ded236fe2696ef5ee0734cfcab6	PROTOCOL	373db5500b309f52c5a3dc5c391b89b1a424ab14	OTHER		
887e2c93109a8ded236fe2696ef5ee0734cfcab6	PROTOCOL	c5162466457a95b81aaf2c24513e58db2af6fa05	OTHER		
447e984bc2babc576b71e2edbdd47edd115796d5	PROTOCOL	ea43ffdc595ccf3c07a343ec4d3bf47df2ff2896	OTHER		
447e984bc2babc576b71e2edbdd47edd115796d5	PROTOCOL	c5162466457a95b81aaf2c24513e58db2af6fa05	OTHER		
590542e190ddd64ed3f8baea8568c2104a8a7e99	PROTOCOL	c5162466457a95b81aaf2c24513e58db2af6fa05	OTHER		
266aeb1044d03302b349af682efc82d142a84fa1	PROTOCOL	c5162466457a95b81aaf2c24513e58db2af6fa05	OTHER		
266aeb1044d03302b349af682efc82d142a84fa1	PROTOCOL	4420fadd5a6fc3706dc99992c605505fde65a19b	OTHER		
a53df42f4cacfbf231bea9150804a2aa8eff958a	PROTOCOL	c5162466457a95b81aaf2c24513e58db2af6fa05	OTHER		
a53df42f4cacfbf231bea9150804a2aa8eff958a	PROTOCOL	f6145f077cc6f46f1b146ab48798fe076fe18be8	OTHER		
7543cf71c00cb66bd2c60100098a7656f21c3c68	PROTOCOL	186a0a34263771f8526a31f7cdad7c61dcab6108	OTHER		
7543cf71c00cb66bd2c60100098a7656f21c3c68	PROTOCOL	c5162466457a95b81aaf2c24513e58db2af6fa05	OTHER		
e0b27db8c662efc1e36af8e7c2d6ccd9aa37bfc2	PROTOCOL	c5162466457a95b81aaf2c24513e58db2af6fa05	OTHER		
53969cca986653429cb2dd996f157da6e0864ac3	PROTOCOL	c5162466457a95b81aaf2c24513e58db2af6fa05	OTHER		
53969cca986653429cb2dd996f157da6e0864ac3	PROTOCOL	5c1a311cc3f009e7ce4165c3b9e7c4df67c7d451	OTHER		
4a13508c6d2a933f1c9677c03d4bfa4d889899d9	PROTOCOL	c5162466457a95b81aaf2c24513e58db2af6fa05	OTHER		
1e48f7cd13be5faebb7325429a028d64d5f8f819	PROTOCOL	a46fa03823cabbd5ffc58e33090cf8acf91f46f8	OTHER		
1e48f7cd13be5faebb7325429a028d64d5f8f819	PROTOCOL	c5162466457a95b81aaf2c24513e58db2af6fa05	OTHER		
20dd6ba80f9c9c15ab9ab593624620407ca48616	PROTOCOL	c5162466457a95b81aaf2c24513e58db2af6fa05	OTHER		
94d3fc0289a0b1cb8ccf7f134acce9953acc0e9a	PROTOCOL	b1189402042ce96d7f0d8f45cf72460fdd2a1c8f	OTHER		
94d3fc0289a0b1cb8ccf7f134acce9953acc0e9a	PROTOCOL	c5162466457a95b81aaf2c24513e58db2af6fa05	OTHER		
a15ee40d0d2e9cb4c37cad6329fd6aeaf8fbbd7c	PROTOCOL	c5162466457a95b81aaf2c24513e58db2af6fa05	OTHER		
2d7026aa5fc51fe91aec5e5361ba93fa44db5738	PROTOCOL	c5162466457a95b81aaf2c24513e58db2af6fa05	OTHER		
2d7026aa5fc51fe91aec5e5361ba93fa44db5738	PROTOCOL	ea43ffdc595ccf3c07a343ec4d3bf47df2ff2896	OTHER		
e75e8252babae1a39215cfedb7261b9b043d710d	PROTOCOL	c5162466457a95b81aaf2c24513e58db2af6fa05	OTHER		
7ae94649724bc9396f808b4af166f2cbd1ce66db	PROTOCOL	c5162466457a95b81aaf2c24513e58db2af6fa05	OTHER		
7ae94649724bc9396f808b4af166f2cbd1ce66db	PROTOCOL	4420fadd5a6fc3706dc99992c605505fde65a19b	OTHER		
cace93307c40b7fe76a92df7776e1db0ef88fa4f	PROTOCOL	c5162466457a95b81aaf2c24513e58db2af6fa05	OTHER		
cace93307c40b7fe76a92df7776e1db0ef88fa4f	PROTOCOL	f6145f077cc6f46f1b146ab48798fe076fe18be8	OTHER		
3c2386b34aca03f028e4e2ca22f51a2a24d9da0c	PROTOCOL	c5162466457a95b81aaf2c24513e58db2af6fa05	OTHER		
3c2386b34aca03f028e4e2ca22f51a2a24d9da0c	PROTOCOL	186a0a34263771f8526a31f7cdad7c61dcab6108	OTHER		
dae42106e36809a20aa530590649bdef875d7530	PROTOCOL	c5162466457a95b81aaf2c24513e58db2af6fa05	OTHER		
05eacdb060435f80dd818693cbb35d149d68559b	PROTOCOL	5c1a311cc3f009e7ce4165c3b9e7c4df67c7d451	OTHER		
05eacdb060435f80dd818693cbb35d149d68559b	PROTOCOL	45b7ef6125d42d256bfc1e47d110226998cd9d5e	OTHER		
92831d71180ca1491aa02d74b10536643c96a48b	PROTOCOL	50d2c3c883d94633111d30a9e13e982731665ed9	OTHER		
92831d71180ca1491aa02d74b10536643c96a48b	PROTOCOL	45b7ef6125d42d256bfc1e47d110226998cd9d5e	OTHER		
a7dcea7b5fa2e64dba9c2161db50aec9c9b8d439	PROTOCOL	45b7ef6125d42d256bfc1e47d110226998cd9d5e	OTHER		
a7dcea7b5fa2e64dba9c2161db50aec9c9b8d439	PROTOCOL	ef709e5dd932c1fe7cf96217197ce3c195833dc3	OTHER		
2c95624d225c3588036f9f257d04ad2f96eef5b6	PROTOCOL	45b7ef6125d42d256bfc1e47d110226998cd9d5e	OTHER		
2c95624d225c3588036f9f257d04ad2f96eef5b6	PROTOCOL	b1189402042ce96d7f0d8f45cf72460fdd2a1c8f	OTHER		
bfc210cb06e1b6f26f956ff454e5212d03e13308	PROTOCOL	45b7ef6125d42d256bfc1e47d110226998cd9d5e	OTHER		
bfc210cb06e1b6f26f956ff454e5212d03e13308	PROTOCOL	373db5500b309f52c5a3dc5c391b89b1a424ab14	OTHER		
d3097ab79213870aaa1893be42b306220823424b	PROTOCOL	45b7ef6125d42d256bfc1e47d110226998cd9d5e	OTHER		
d3097ab79213870aaa1893be42b306220823424b	PROTOCOL	8cc180617131b14aee4ca0740b6959bcc3afc126	OTHER		
ada10fd595d0a5173a6d7b4bb6fc2779a2572981	PROTOCOL	a47f7e600b16fcb32d011eaba2cfabf76f9869f2	OTHER		
ada10fd595d0a5173a6d7b4bb6fc2779a2572981	PROTOCOL	4420fadd5a6fc3706dc99992c605505fde65a19b	OTHER		
9fa93f64a59823a4c24e8dfcf870dbb1f74c5bf7	PROTOCOL	f62a5181290a24080a61f3e57671c5061bd9480b	OTHER		
9fa93f64a59823a4c24e8dfcf870dbb1f74c5bf7	PROTOCOL	45b7ef6125d42d256bfc1e47d110226998cd9d5e	OTHER		
27a07cb5ee3e9f0d7029c902405eabe2ba15d112	PROTOCOL	f6145f077cc6f46f1b146ab48798fe076fe18be8	OTHER		
27a07cb5ee3e9f0d7029c902405eabe2ba15d112	PROTOCOL	45b7ef6125d42d256bfc1e47d110226998cd9d5e	OTHER		
4df601352a60f265b63c5fa722f57cb5becc0d4c	PROTOCOL	45b7ef6125d42d256bfc1e47d110226998cd9d5e	OTHER		
603fefb973d36a24b21489f9349ac8a78be58ba7	PROTOCOL	45b7ef6125d42d256bfc1e47d110226998cd9d5e	OTHER		
603fefb973d36a24b21489f9349ac8a78be58ba7	PROTOCOL	5c1a311cc3f009e7ce4165c3b9e7c4df67c7d451	OTHER		
d7f8f0534b6454f0b9687c4e9ae7b77c755e1e22	PROTOCOL	50d2c3c883d94633111d30a9e13e982731665ed9	OTHER		
d7f8f0534b6454f0b9687c4e9ae7b77c755e1e22	PROTOCOL	45b7ef6125d42d256bfc1e47d110226998cd9d5e	OTHER		
4cb3a4ff2d7749b30be98eb8835a673641edb7ed	PROTOCOL	45b7ef6125d42d256bfc1e47d110226998cd9d5e	OTHER		
4cb3a4ff2d7749b30be98eb8835a673641edb7ed	PROTOCOL	a46fa03823cabbd5ffc58e33090cf8acf91f46f8	OTHER		
91485fe30013db0cc5cecbc3094dc21604e59d26	PROTOCOL	45b7ef6125d42d256bfc1e47d110226998cd9d5e	OTHER		
91485fe30013db0cc5cecbc3094dc21604e59d26	PROTOCOL	b1189402042ce96d7f0d8f45cf72460fdd2a1c8f	OTHER		
30c93612af3b45705d5c03a5d020ee927c96bd35	PROTOCOL	45b7ef6125d42d256bfc1e47d110226998cd9d5e	OTHER		
30c93612af3b45705d5c03a5d020ee927c96bd35	PROTOCOL	373db5500b309f52c5a3dc5c391b89b1a424ab14	OTHER		
4a549268feffbd5a155fd623a390f073e3ba168b	PROTOCOL	ea43ffdc595ccf3c07a343ec4d3bf47df2ff2896	OTHER		
4a549268feffbd5a155fd623a390f073e3ba168b	PROTOCOL	45b7ef6125d42d256bfc1e47d110226998cd9d5e	OTHER		
6dd95462297c80957bda6d37b0b476f33860fb42	PROTOCOL	8cc180617131b14aee4ca0740b6959bcc3afc126	OTHER		
6dd95462297c80957bda6d37b0b476f33860fb42	PROTOCOL	45b7ef6125d42d256bfc1e47d110226998cd9d5e	OTHER		
329021387bca49f2018cf572b7ad3840d66df478	PROTOCOL	4420fadd5a6fc3706dc99992c605505fde65a19b	OTHER		
329021387bca49f2018cf572b7ad3840d66df478	PROTOCOL	a47f7e600b16fcb32d011eaba2cfabf76f9869f2	OTHER		
c8be50bca92f3b44c51c43f9aa1f0a125bb2be7e	PROTOCOL	f62a5181290a24080a61f3e57671c5061bd9480b	OTHER		
c8be50bca92f3b44c51c43f9aa1f0a125bb2be7e	PROTOCOL	45b7ef6125d42d256bfc1e47d110226998cd9d5e	OTHER		
25656b3a2a92e123b273ee5e1f9258eccf3c5215	PROTOCOL	f6145f077cc6f46f1b146ab48798fe076fe18be8	OTHER		
25656b3a2a92e123b273ee5e1f9258eccf3c5215	PROTOCOL	45b7ef6125d42d256bfc1e47d110226998cd9d5e	OTHER		
8e6ddd81f1c422c2d4977d595338503061fef24f	PROTOCOL	2b95caa4dfb5f63436f29e0748ef7790095b1f32	OTHER		
8e6ddd81f1c422c2d4977d595338503061fef24f	PROTOCOL	45b7ef6125d42d256bfc1e47d110226998cd9d5e	OTHER		
2a9d437ca04caeb5b57e45083e358c21bf932656	PROTOCOL	45b7ef6125d42d256bfc1e47d110226998cd9d5e	OTHER		
2a9d437ca04caeb5b57e45083e358c21bf932656	PROTOCOL	186a0a34263771f8526a31f7cdad7c61dcab6108	OTHER		
4c9a57ef7ea186e2324ad89b642574b58d94583e	PROTOCOL	ca36fa4b6d1373ff7611b2013fe82d7686022227	OTHER		
4c9a57ef7ea186e2324ad89b642574b58d94583e	PROTOCOL	45b7ef6125d42d256bfc1e47d110226998cd9d5e	OTHER		
7861cb671194298527f60788a45320a7a905d9b1	PROTOCOL	c5162466457a95b81aaf2c24513e58db2af6fa05	OTHER		
7861cb671194298527f60788a45320a7a905d9b1	PROTOCOL	5c1a311cc3f009e7ce4165c3b9e7c4df67c7d451	OTHER		
122454bd70e48e33be6eb0f134e470309ced09a1	PROTOCOL	c5162466457a95b81aaf2c24513e58db2af6fa05	OTHER		
122454bd70e48e33be6eb0f134e470309ced09a1	PROTOCOL	5a9c16cb7a38865910c097a2c7f313c3efb68353	OTHER		
1088eeda09464fce37060808343ba425fe04ee6c	PROTOCOL	c5162466457a95b81aaf2c24513e58db2af6fa05	OTHER		
1088eeda09464fce37060808343ba425fe04ee6c	PROTOCOL	a46fa03823cabbd5ffc58e33090cf8acf91f46f8	OTHER		
66ed3623f2ea02f84bde80b1125a79e0dd242702	PROTOCOL	c5162466457a95b81aaf2c24513e58db2af6fa05	OTHER		
66ed3623f2ea02f84bde80b1125a79e0dd242702	PROTOCOL	ef709e5dd932c1fe7cf96217197ce3c195833dc3	OTHER		
968e0da173c3d283d498c7d65900f86e6f084453	PROTOCOL	b1189402042ce96d7f0d8f45cf72460fdd2a1c8f	OTHER		
968e0da173c3d283d498c7d65900f86e6f084453	PROTOCOL	c5162466457a95b81aaf2c24513e58db2af6fa05	OTHER		
0e1ba3a016557029353c68588525cd4030a728c7	PROTOCOL	c5162466457a95b81aaf2c24513e58db2af6fa05	OTHER		
bfe3a5a29c8aba7d82dc7081b461f1bebeb09217	PROTOCOL	ea43ffdc595ccf3c07a343ec4d3bf47df2ff2896	OTHER		
bfe3a5a29c8aba7d82dc7081b461f1bebeb09217	PROTOCOL	c5162466457a95b81aaf2c24513e58db2af6fa05	OTHER		
a64564ac21d762ff44500b37682f68a86c108e5b	PROTOCOL	8cc180617131b14aee4ca0740b6959bcc3afc126	OTHER		
a64564ac21d762ff44500b37682f68a86c108e5b	PROTOCOL	c5162466457a95b81aaf2c24513e58db2af6fa05	OTHER		
a357a9412efcc1b537c4845c4af45561cbb5722e	PROTOCOL	c5162466457a95b81aaf2c24513e58db2af6fa05	OTHER		
a357a9412efcc1b537c4845c4af45561cbb5722e	PROTOCOL	4420fadd5a6fc3706dc99992c605505fde65a19b	OTHER		
9154e570f7b8a79cbab3ff7383bce17460147ca5	PROTOCOL	f62a5181290a24080a61f3e57671c5061bd9480b	OTHER		
9154e570f7b8a79cbab3ff7383bce17460147ca5	PROTOCOL	c5162466457a95b81aaf2c24513e58db2af6fa05	OTHER		
ead19f6b472381be3a221606c6f7d72a1e5f18e0	PROTOCOL	f6145f077cc6f46f1b146ab48798fe076fe18be8	OTHER		
ead19f6b472381be3a221606c6f7d72a1e5f18e0	PROTOCOL	c5162466457a95b81aaf2c24513e58db2af6fa05	OTHER		
76d762805be7a4cca3bf2f55582ff8d75f1e6e41	PROTOCOL	186a0a34263771f8526a31f7cdad7c61dcab6108	OTHER		
76d762805be7a4cca3bf2f55582ff8d75f1e6e41	PROTOCOL	c5162466457a95b81aaf2c24513e58db2af6fa05	OTHER		
64d056ca6a51fc4214f594147b51debec951c5ba	PROTOCOL	c5162466457a95b81aaf2c24513e58db2af6fa05	OTHER		
45f71c3f2b9c3fe203f96958a4be1513b474f56e	PROTOCOL	5c1a311cc3f009e7ce4165c3b9e7c4df67c7d451	OTHER		
45f71c3f2b9c3fe203f96958a4be1513b474f56e	PROTOCOL	c5162466457a95b81aaf2c24513e58db2af6fa05	OTHER		
277e83483dd8673b5cd58c39920d000b7c604839	PROTOCOL	5a9c16cb7a38865910c097a2c7f313c3efb68353	OTHER		
277e83483dd8673b5cd58c39920d000b7c604839	PROTOCOL	c5162466457a95b81aaf2c24513e58db2af6fa05	OTHER		
3e83acde45d21b5a174cc9d5bec73d46ed4246ec	PROTOCOL	c5162466457a95b81aaf2c24513e58db2af6fa05	OTHER		
3e83acde45d21b5a174cc9d5bec73d46ed4246ec	PROTOCOL	a46fa03823cabbd5ffc58e33090cf8acf91f46f8	OTHER		
72eb98df5d65779caab9dbca5677a27cffda0f7a	PROTOCOL	c5162466457a95b81aaf2c24513e58db2af6fa05	OTHER		
5db635e695cc8fc5cf9a86f85022ead9259a15bd	PROTOCOL	b1189402042ce96d7f0d8f45cf72460fdd2a1c8f	OTHER		
5db635e695cc8fc5cf9a86f85022ead9259a15bd	PROTOCOL	c5162466457a95b81aaf2c24513e58db2af6fa05	OTHER		
f322c2dd8e64f7cf4b21caab11b4d60a1981c8d3	PROTOCOL	c5162466457a95b81aaf2c24513e58db2af6fa05	OTHER		
a69b8e92c954681893e7f90def2d762d89a3543f	PROTOCOL	ea43ffdc595ccf3c07a343ec4d3bf47df2ff2896	OTHER		
a69b8e92c954681893e7f90def2d762d89a3543f	PROTOCOL	c5162466457a95b81aaf2c24513e58db2af6fa05	OTHER		
99dff64c1c5067dbe96895b9bf2ddf75e76b28f5	PROTOCOL	8cc180617131b14aee4ca0740b6959bcc3afc126	OTHER		
99dff64c1c5067dbe96895b9bf2ddf75e76b28f5	PROTOCOL	c5162466457a95b81aaf2c24513e58db2af6fa05	OTHER		
5a7ee5fde84e18dd112a27d2053c8a106362c105	PROTOCOL	4420fadd5a6fc3706dc99992c605505fde65a19b	OTHER		
5a7ee5fde84e18dd112a27d2053c8a106362c105	PROTOCOL	c5162466457a95b81aaf2c24513e58db2af6fa05	OTHER		
33c801c21bca53c5c3e95d1bc5940dfad64ff153	PROTOCOL	f62a5181290a24080a61f3e57671c5061bd9480b	OTHER		
33c801c21bca53c5c3e95d1bc5940dfad64ff153	PROTOCOL	c5162466457a95b81aaf2c24513e58db2af6fa05	OTHER		
22d680d5664c48db265db7c20a08dbd326e1e444	PROTOCOL	c5162466457a95b81aaf2c24513e58db2af6fa05	OTHER		
22d680d5664c48db265db7c20a08dbd326e1e444	PROTOCOL	f6145f077cc6f46f1b146ab48798fe076fe18be8	OTHER		
5dfe86b854ad2766807fe34b536fd5d9b049e1ef	PROTOCOL	c5162466457a95b81aaf2c24513e58db2af6fa05	OTHER		
5dfe86b854ad2766807fe34b536fd5d9b049e1ef	PROTOCOL	186a0a34263771f8526a31f7cdad7c61dcab6108	OTHER		
a1d3f2a9cb794bcfffe12ad9a8236cca3f62d52a	PROTOCOL	c5162466457a95b81aaf2c24513e58db2af6fa05	OTHER		
769824079f698af0dadfd51b5b6ff25f01529f47	PROTOCOL	45b7ef6125d42d256bfc1e47d110226998cd9d5e	OTHER		
7d265d2586c11ea83bff8071b56a55ed4f9e92c5	PROTOCOL	45b7ef6125d42d256bfc1e47d110226998cd9d5e	OTHER		
7d265d2586c11ea83bff8071b56a55ed4f9e92c5	PROTOCOL	50d2c3c883d94633111d30a9e13e982731665ed9	OTHER		
a6cb6842ae1df2ddee072087644e930cc0966d5f	PROTOCOL	45b7ef6125d42d256bfc1e47d110226998cd9d5e	OTHER		
a6cb6842ae1df2ddee072087644e930cc0966d5f	PROTOCOL	a46fa03823cabbd5ffc58e33090cf8acf91f46f8	OTHER		
0f016548b29e7196f6ecfba5163f80df3227b474	PROTOCOL	ef709e5dd932c1fe7cf96217197ce3c195833dc3	OTHER		
0f016548b29e7196f6ecfba5163f80df3227b474	PROTOCOL	45b7ef6125d42d256bfc1e47d110226998cd9d5e	OTHER		
9b72f7e92385d8385bef80f7b0999f3fbb3f4c07	PROTOCOL	b1189402042ce96d7f0d8f45cf72460fdd2a1c8f	OTHER		
9b72f7e92385d8385bef80f7b0999f3fbb3f4c07	PROTOCOL	45b7ef6125d42d256bfc1e47d110226998cd9d5e	OTHER		
7755b4964d24b4b7ff277b248834d1f2d564e78c	PROTOCOL	45b7ef6125d42d256bfc1e47d110226998cd9d5e	OTHER		
7755b4964d24b4b7ff277b248834d1f2d564e78c	PROTOCOL	373db5500b309f52c5a3dc5c391b89b1a424ab14	OTHER		
c3a9f5ba9334503d63275ab4289d907717c1c3bb	PROTOCOL	ea43ffdc595ccf3c07a343ec4d3bf47df2ff2896	OTHER		
c3a9f5ba9334503d63275ab4289d907717c1c3bb	PROTOCOL	45b7ef6125d42d256bfc1e47d110226998cd9d5e	OTHER		
35c277f976448e919fde0f892ef4418d24bec87b	PROTOCOL	45b7ef6125d42d256bfc1e47d110226998cd9d5e	OTHER		
35c277f976448e919fde0f892ef4418d24bec87b	PROTOCOL	8cc180617131b14aee4ca0740b6959bcc3afc126	OTHER		
828b237aa4f765c0d52bc6636e927c7d8e03479c	PROTOCOL	a47f7e600b16fcb32d011eaba2cfabf76f9869f2	OTHER		
828b237aa4f765c0d52bc6636e927c7d8e03479c	PROTOCOL	4420fadd5a6fc3706dc99992c605505fde65a19b	OTHER		
ca6b00dd389c0474f1afa848dfe7f6ebc4ee7777	PROTOCOL	45b7ef6125d42d256bfc1e47d110226998cd9d5e	OTHER		
ca6b00dd389c0474f1afa848dfe7f6ebc4ee7777	PROTOCOL	f62a5181290a24080a61f3e57671c5061bd9480b	OTHER		
55b1a158fc4b470c6994f9b6ce14d3531bb055d2	PROTOCOL	f6145f077cc6f46f1b146ab48798fe076fe18be8	OTHER		
55b1a158fc4b470c6994f9b6ce14d3531bb055d2	PROTOCOL	45b7ef6125d42d256bfc1e47d110226998cd9d5e	OTHER		
0fd29154ffcb1bc4bab42dc5bca5c60c500aae3a	PROTOCOL	45b7ef6125d42d256bfc1e47d110226998cd9d5e	OTHER		
0fd29154ffcb1bc4bab42dc5bca5c60c500aae3a	PROTOCOL	2b95caa4dfb5f63436f29e0748ef7790095b1f32	OTHER		
1d793f16772b180cdeccd385e6411230edd188d1	PROTOCOL	186a0a34263771f8526a31f7cdad7c61dcab6108	OTHER		
1d793f16772b180cdeccd385e6411230edd188d1	PROTOCOL	45b7ef6125d42d256bfc1e47d110226998cd9d5e	OTHER		
57a1ee24a5133fcddc4d4a9ecb7221e963c7f34b	PROTOCOL	ca36fa4b6d1373ff7611b2013fe82d7686022227	OTHER		
57a1ee24a5133fcddc4d4a9ecb7221e963c7f34b	PROTOCOL	45b7ef6125d42d256bfc1e47d110226998cd9d5e	OTHER		
97b593e7af3be21a7c7083dedff8d75aadc9b132	PROTOCOL	45b7ef6125d42d256bfc1e47d110226998cd9d5e	OTHER		
470fb7762e3506e62171237bf77b5ea0ef4047f2	PROTOCOL	45b7ef6125d42d256bfc1e47d110226998cd9d5e	OTHER		
30f7b8832f08ff4ae6b5b805e6bf66b8d4a35db3	PROTOCOL	a46fa03823cabbd5ffc58e33090cf8acf91f46f8	OTHER		
30f7b8832f08ff4ae6b5b805e6bf66b8d4a35db3	PROTOCOL	45b7ef6125d42d256bfc1e47d110226998cd9d5e	OTHER		
c4c18b0c78f71f608b61465227fb945e4b684100	PROTOCOL	45b7ef6125d42d256bfc1e47d110226998cd9d5e	OTHER		
6448eac0823a01180cc341d82beb6960e10c59c2	PROTOCOL	b1189402042ce96d7f0d8f45cf72460fdd2a1c8f	OTHER		
6448eac0823a01180cc341d82beb6960e10c59c2	PROTOCOL	45b7ef6125d42d256bfc1e47d110226998cd9d5e	OTHER		
b0c3f40ce3160893984112cdef03414717cf76cf	PROTOCOL	373db5500b309f52c5a3dc5c391b89b1a424ab14	OTHER		
b0c3f40ce3160893984112cdef03414717cf76cf	PROTOCOL	45b7ef6125d42d256bfc1e47d110226998cd9d5e	OTHER		
9ac72c4f07105f5f7a7d131a54bb8308a0212c2e	PROTOCOL	ea43ffdc595ccf3c07a343ec4d3bf47df2ff2896	OTHER		
9ac72c4f07105f5f7a7d131a54bb8308a0212c2e	PROTOCOL	45b7ef6125d42d256bfc1e47d110226998cd9d5e	OTHER		
94c64ac02c12dae72c022102ec6b6ea45fdb9541	PROTOCOL	45b7ef6125d42d256bfc1e47d110226998cd9d5e	OTHER		
9491fcca1315f897497680cb8978a70c38bca3b0	PROTOCOL	4420fadd5a6fc3706dc99992c605505fde65a19b	OTHER		
9491fcca1315f897497680cb8978a70c38bca3b0	PROTOCOL	a47f7e600b16fcb32d011eaba2cfabf76f9869f2	OTHER		
99e66b22c7150b04b63a80930828dc3e0eb75d31	PROTOCOL	45b7ef6125d42d256bfc1e47d110226998cd9d5e	OTHER		
99e66b22c7150b04b63a80930828dc3e0eb75d31	PROTOCOL	f6145f077cc6f46f1b146ab48798fe076fe18be8	OTHER		
a4cd8ce6bc6752ba7f01588383ab408c51cf919e	PROTOCOL	2b95caa4dfb5f63436f29e0748ef7790095b1f32	OTHER		
a4cd8ce6bc6752ba7f01588383ab408c51cf919e	PROTOCOL	45b7ef6125d42d256bfc1e47d110226998cd9d5e	OTHER		
363536f295a70e798f1d9f2d0c013507ef33da06	PROTOCOL	45b7ef6125d42d256bfc1e47d110226998cd9d5e	OTHER		
363536f295a70e798f1d9f2d0c013507ef33da06	PROTOCOL	186a0a34263771f8526a31f7cdad7c61dcab6108	OTHER		
50ddac0cd2f3c11748771992a5139607fb04b64a	PROTOCOL	45b7ef6125d42d256bfc1e47d110226998cd9d5e	OTHER		
ccdc2ef7b6d0137e2eb2711f60a4ecaf69cce2f1	PROTOCOL	45b7ef6125d42d256bfc1e47d110226998cd9d5e	OTHER		
ccdc2ef7b6d0137e2eb2711f60a4ecaf69cce2f1	PROTOCOL	50d2c3c883d94633111d30a9e13e982731665ed9	OTHER		
45f44ba69ef6601659ff40752146ec546c0962a5	PROTOCOL	45b7ef6125d42d256bfc1e47d110226998cd9d5e	OTHER		
45f44ba69ef6601659ff40752146ec546c0962a5	PROTOCOL	a46fa03823cabbd5ffc58e33090cf8acf91f46f8	OTHER		
5388c56feeb163a898691869490024bbdf6979fb	PROTOCOL	ef709e5dd932c1fe7cf96217197ce3c195833dc3	OTHER		
5388c56feeb163a898691869490024bbdf6979fb	PROTOCOL	45b7ef6125d42d256bfc1e47d110226998cd9d5e	OTHER		
5d980254b6f7c5d105a6900b245b295c52abc61b	PROTOCOL	45b7ef6125d42d256bfc1e47d110226998cd9d5e	OTHER		
5d980254b6f7c5d105a6900b245b295c52abc61b	PROTOCOL	b1189402042ce96d7f0d8f45cf72460fdd2a1c8f	OTHER		
2c2d949191a61374f13eb7172b07a3447755a1eb	PROTOCOL	373db5500b309f52c5a3dc5c391b89b1a424ab14	OTHER		
2c2d949191a61374f13eb7172b07a3447755a1eb	PROTOCOL	45b7ef6125d42d256bfc1e47d110226998cd9d5e	OTHER		
56b66c615ae0d8d20153b912ce0f7a87dad49126	PROTOCOL	ea43ffdc595ccf3c07a343ec4d3bf47df2ff2896	OTHER		
56b66c615ae0d8d20153b912ce0f7a87dad49126	PROTOCOL	45b7ef6125d42d256bfc1e47d110226998cd9d5e	OTHER		
5a6bcbe500520df305dcf7321ea7f8967bf1f2e9	PROTOCOL	8cc180617131b14aee4ca0740b6959bcc3afc126	OTHER		
5a6bcbe500520df305dcf7321ea7f8967bf1f2e9	PROTOCOL	45b7ef6125d42d256bfc1e47d110226998cd9d5e	OTHER		
8ae3b693c8d222e436ade7f7e1fdda92886ef387	PROTOCOL	a47f7e600b16fcb32d011eaba2cfabf76f9869f2	OTHER		
8ae3b693c8d222e436ade7f7e1fdda92886ef387	PROTOCOL	4420fadd5a6fc3706dc99992c605505fde65a19b	OTHER		
ca5a11416dc5c06f74502c57d00fead3ad18a861	PROTOCOL	45b7ef6125d42d256bfc1e47d110226998cd9d5e	OTHER		
ca5a11416dc5c06f74502c57d00fead3ad18a861	PROTOCOL	f62a5181290a24080a61f3e57671c5061bd9480b	OTHER		
d8463c63e3f54f54673f814ec0ab6e9b25717532	PROTOCOL	45b7ef6125d42d256bfc1e47d110226998cd9d5e	OTHER		
d8463c63e3f54f54673f814ec0ab6e9b25717532	PROTOCOL	f6145f077cc6f46f1b146ab48798fe076fe18be8	OTHER		
fe38f33597f3faf07bbcc503e1392dd74c4f4333	PROTOCOL	2b95caa4dfb5f63436f29e0748ef7790095b1f32	OTHER		
fe38f33597f3faf07bbcc503e1392dd74c4f4333	PROTOCOL	45b7ef6125d42d256bfc1e47d110226998cd9d5e	OTHER		
724f00cbff29966f64114c0bd2a65cc7f065b119	PROTOCOL	186a0a34263771f8526a31f7cdad7c61dcab6108	OTHER		
724f00cbff29966f64114c0bd2a65cc7f065b119	PROTOCOL	45b7ef6125d42d256bfc1e47d110226998cd9d5e	OTHER		
34506dfef898acbf44ee6d2c3f88dd6213418e99	PROTOCOL	5c1a311cc3f009e7ce4165c3b9e7c4df67c7d451	OTHER		
34506dfef898acbf44ee6d2c3f88dd6213418e99	PROTOCOL	45b7ef6125d42d256bfc1e47d110226998cd9d5e	OTHER		
55466ea668b42ffa842532b295a94cabf7e4e275	PROTOCOL	45b7ef6125d42d256bfc1e47d110226998cd9d5e	OTHER		
55466ea668b42ffa842532b295a94cabf7e4e275	PROTOCOL	50d2c3c883d94633111d30a9e13e982731665ed9	OTHER		
7993e2099879a433062a42f1525f1010481538e0	PROTOCOL	a46fa03823cabbd5ffc58e33090cf8acf91f46f8	OTHER		
7993e2099879a433062a42f1525f1010481538e0	PROTOCOL	45b7ef6125d42d256bfc1e47d110226998cd9d5e	OTHER		
1dff9b60877e95262b40fc709b5149ea5c792121	PROTOCOL	45b7ef6125d42d256bfc1e47d110226998cd9d5e	OTHER		
1dff9b60877e95262b40fc709b5149ea5c792121	PROTOCOL	ef709e5dd932c1fe7cf96217197ce3c195833dc3	OTHER		
82f456ef85e9c91d237e66cb687032fcb99807dc	PROTOCOL	b1189402042ce96d7f0d8f45cf72460fdd2a1c8f	OTHER		
82f456ef85e9c91d237e66cb687032fcb99807dc	PROTOCOL	45b7ef6125d42d256bfc1e47d110226998cd9d5e	OTHER		
7083e1fecff70d8554c05783630ead2308cce651	PROTOCOL	45b7ef6125d42d256bfc1e47d110226998cd9d5e	OTHER		
7083e1fecff70d8554c05783630ead2308cce651	PROTOCOL	373db5500b309f52c5a3dc5c391b89b1a424ab14	OTHER		
296b896574efedccd78ef4de042fafa0ab3d4a6b	PROTOCOL	45b7ef6125d42d256bfc1e47d110226998cd9d5e	OTHER		
296b896574efedccd78ef4de042fafa0ab3d4a6b	PROTOCOL	ea43ffdc595ccf3c07a343ec4d3bf47df2ff2896	OTHER		
0048ebfe8fc67dcfb83834056dbdfe902b0e8e7b	PROTOCOL	45b7ef6125d42d256bfc1e47d110226998cd9d5e	OTHER		
0048ebfe8fc67dcfb83834056dbdfe902b0e8e7b	PROTOCOL	8cc180617131b14aee4ca0740b6959bcc3afc126	OTHER		
3b2a1ece1c7564cf7df4e4cab49099da7e167690	PROTOCOL	4420fadd5a6fc3706dc99992c605505fde65a19b	OTHER		
3b2a1ece1c7564cf7df4e4cab49099da7e167690	PROTOCOL	a47f7e600b16fcb32d011eaba2cfabf76f9869f2	OTHER		
f873837f3c987320b5b2997ec4b12400c7ad6cad	PROTOCOL	45b7ef6125d42d256bfc1e47d110226998cd9d5e	OTHER		
f873837f3c987320b5b2997ec4b12400c7ad6cad	PROTOCOL	f62a5181290a24080a61f3e57671c5061bd9480b	OTHER		
7d4e35f52ac4ec3831a39594f552477ffbb26e8d	PROTOCOL	45b7ef6125d42d256bfc1e47d110226998cd9d5e	OTHER		
7d4e35f52ac4ec3831a39594f552477ffbb26e8d	PROTOCOL	f6145f077cc6f46f1b146ab48798fe076fe18be8	OTHER		
6d42332b011e3983d3d3ef1247b599ef78c5e905	PROTOCOL	45b7ef6125d42d256bfc1e47d110226998cd9d5e	OTHER		
6d42332b011e3983d3d3ef1247b599ef78c5e905	PROTOCOL	2b95caa4dfb5f63436f29e0748ef7790095b1f32	OTHER		
1653358c4add3605d647d46ee5708123ba8a3c8f	PROTOCOL	186a0a34263771f8526a31f7cdad7c61dcab6108	OTHER		
1653358c4add3605d647d46ee5708123ba8a3c8f	PROTOCOL	45b7ef6125d42d256bfc1e47d110226998cd9d5e	OTHER		
607aebf75235fd9a989869ff27ffec2a83282e5c	PROTOCOL	45b7ef6125d42d256bfc1e47d110226998cd9d5e	OTHER		
607aebf75235fd9a989869ff27ffec2a83282e5c	PROTOCOL	ca36fa4b6d1373ff7611b2013fe82d7686022227	OTHER		
