IDENTIFICATION_ID	ORGANISM_ID	IDENTIFICATION_TYPE	TAXON_FORMULA	VERBATIM_IDENTIFICATION	TYPE_STATUS	IDENTIFIED_BY	IDENTIFIED_BY_ID	DATE_IDENTIFIED	IDENTIFICATION_REFERENCES	IDENTIFICATION_VERIFICATION_STATUS	IDENTIFICATION_REMARKS	TYPE_DESIGNATION_TYPE	TYPE_DESIGNATED_BY
id.gbif.ch/2740175633	id.gbif.ch/989939123	morphological	A	Pattonomys semivillosus (I. Geoffroy, 1838)		Manuel Ruedi	id.gbif.ch/411903002						
id.gbif.ch/1988199675	id.gbif.ch/2281451594	morphological	A	Myotis nattereri nattereri (Kuhl, 1817)									
id.gbif.ch/2430905717	id.gbif.ch/2062472674	morphological	A	Barbastella barbastellus (Schreber, 1774)		Manuel Ruedi	id.gbif.ch/411903002						
id.gbif.ch/4097053279	id.gbif.ch/397850255	morphological	A	Sorex coronatus Millet, 1828									
id.gbif.ch/3912853806	id.gbif.ch/331991340	morphological	A	Rhinolophus namuli Curran, Kopp, Ruedi & Bayliss, 2022									
id.gbif.ch/3114826612	id.gbif.ch/331991340	morphological	A	Rhinolophus namuli	Holotype				Curran M, Kopp M, Ruedi M, Bayliss J (2022) A New Species of Horseshoe Bat (Chiroptera: Rhinolophidae) from Mount Namuli, Mozambique. Acta Chiropterologica 24(1), 19-40, (18 August 2022). https://doi.org/10.3161/15081109ACC2022.24.1.002				
id.gbif.ch/2939634530	id.gbif.ch/4109704260	morphological	A	Pipistrellus kuhlii (Kuhl, 1817)									
id.gbif.ch/2126639150	id.gbif.ch/2690550298	morphological	A	Neomys fodiens (Pennant, 1771)									
id.gbif.ch/3526689756	id.gbif.ch/3151586005	morphological	A	Petaurista philippensis oral (Tickell, 1842)									
id.gbif.ch/1267512849	id.gbif.ch/3445821799	morphological	A	Chlorocebus sabaeus callitrichus (I. Geoffroy, 1851)									
