<eml:eml xmlns:eml="eml://ecoinformatics.org/eml-2.1.1"
         xmlns:dc="http://purl.org/dc/terms/"
         xmlns:xsi="http://www.w3.org/2001/XMLSchema-instance"
         xsi:schemaLocation="eml://ecoinformatics.org/eml-2.1.1 http://rs.gbif.org/schema/eml-gbif-profile/1.1/eml.xsd"
         packageId="84d26682-f762-11e1-a439-00145eb45e9a/v9.3" system="http://gbif.org" scope="system"
         xml:lang="eng">

<dataset>
  <alternateIdentifier>84d26682-f762-11e1-a439-00145eb45e9a</alternateIdentifier>
  <title xml:lang="eng">Three DWC records of Cortinarius koldingensis</title>
<creator>
      <individualName>
         <givenName>Tobias Guldberg</givenName>
         <surName>Frøslev</surName>
      </individualName>
      <organizationName>Natural History Museum of Denmark</organizationName>
      <positionName>PostDoc</positionName>
      <address>
         <deliveryPoint>Natural History Museum of Denmark, Øster Voldgade 5-7</deliveryPoint>
         <city>Copenhagen</city>
         <country>DK</country>
      </address>
      <electronicMailAddress>tobiasgf@snm.ku.dk</electronicMailAddress>
      <userId directory="http://orcid.org/">0000-0002-3530-013X</userId>
   </creator>
   <creator>
      <individualName>
         <givenName>Jacob</givenName>
         <surName>Heilmann-Clausen</surName>
      </individualName>
      <organizationName>Center for Macroecology, Evolution and Climate</organizationName>
      <positionName>Associate Professor</positionName>
      <address>
         <deliveryPoint>Natural History Museum of Denmark, Universitetsparken 15</deliveryPoint>
         <city>Copenhagen</city>
         <postalCode>2100</postalCode>
         <country>DK</country>
      </address>
      <phone>+45 51330991</phone>
      <electronicMailAddress>jheilmann-clausen@snm.ku.dk</electronicMailAddress>
   </creator>
   <creator>
      <individualName>
         <givenName>Christian</givenName>
         <surName>Lange</surName>
      </individualName>
      <organizationName>Natural History Museum of Denmark</organizationName>
      <positionName>Collection staff</positionName>
      <address>
         <deliveryPoint>Ø. Voldgade 5-7, 1353 København K</deliveryPoint>
         <city>Copenhagen</city>
         <postalCode>1353</postalCode>
         <country>DK</country>
      </address>
      <phone>+45 21328795</phone>
      <electronicMailAddress>christianl@snm.ku.dk</electronicMailAddress>
   </creator>
   <creator>
      <individualName>
         <givenName>Thomas</givenName>
         <surName>Læssøe</surName>
      </individualName>
      <organizationName>National History Museum of Denmark</organizationName>
      <positionName>Associate Professor</positionName>
      <address>
         <deliveryPoint>Natural History Museum of Denmark, Universitetsparken 15</deliveryPoint>
         <city>Copenhagen</city>
         <postalCode>2100</postalCode>
         <country>DK</country>
      </address>
      <electronicMailAddress>thomasl@bio.ku.dk</electronicMailAddress>
      <userId directory="http://orcid.org/">0000-0003-4710-2648</userId>
   </creator>
   <creator>
      <individualName>
         <givenName>Jens Henrik</givenName>
         <surName>Petersen</surName>
      </individualName>
      <organizationName>Independent</organizationName>
      <positionName>Independent biologist</positionName>
      <address>
         <deliveryPoint>Nøruplundvej 2, Tirstrup</deliveryPoint>
         <city>Ebeltoft</city>
         <postalCode>8400</postalCode>
         <country>DK</country>
      </address>
      <electronicMailAddress>jens@aebletoften.dk</electronicMailAddress>
   </creator>
   <creator>
      <individualName>
         <givenName>Ulrik</givenName>
         <surName>Søchting</surName>
      </individualName>
      <organizationName>Department of Biology, Ecology and Evolution</organizationName>
      <positionName>Associate Professor</positionName>
      <address>
         <deliveryPoint>Natural History Museum of Denmark, Universitetsparken 15</deliveryPoint>
         <city>Copenhagen</city>
         <postalCode>2100</postalCode>
         <country>DK</country>
      </address>
      <electronicMailAddress>ulriks@bio.ku.dk</electronicMailAddress>
   </creator>
   <creator>
      <individualName>
         <givenName>Thomas Stjernegaard</givenName>
         <surName>Jeppesen</surName>
      </individualName>
      <organizationName>Natural History Museum of Denmark</organizationName>
      <positionName>Software Architect</positionName>
      <address>
         <deliveryPoint>Universitetsparken 15</deliveryPoint>
         <city>København Ø</city>
         <administrativeArea>hovedstaden</administrativeArea>
         <postalCode>2100</postalCode>
         <country>DK</country>
      </address>
      <electronicMailAddress>t.stjernegaard@snm.ku.dk</electronicMailAddress>
      <userId directory="http://orcid.org/">0000-0003-1691-239X</userId>
   </creator>
   <creator>
      <individualName>
         <givenName>Jan</givenName>
         <surName>Vesterholt</surName>
      </individualName>
      <organizationName>Danish Mycological Society</organizationName>
   </creator>
      <metadataProvider>
    <individualName>
        <givenName>Jacob</givenName>
      <surName>Heilmann-Clausen</surName>
    </individualName>
    <organizationName>Center for Macroecology, Evolution and Climate</organizationName>
    <positionName>Associate Professor</positionName>
    <address>
        <deliveryPoint>Natural History Museum of Denmark, Universitetsparken 15</deliveryPoint>
        <city>Copenhagen</city>
        <postalCode>2100</postalCode>
        <country>DK</country>
    </address>
    <phone>+45 51330991</phone>
    <electronicMailAddress>jheilmann-clausen@snm.ku.dk</electronicMailAddress>
      </metadataProvider>
      <metadataProvider>
    <individualName>
        <givenName>Thomas Stjernegaard</givenName>
      <surName>Jeppesen</surName>
    </individualName>
    <organizationName>Natural History Museum of Denmark</organizationName>
    <positionName>Software Architect</positionName>
    <address>
        <deliveryPoint>Universitetsparken 15</deliveryPoint>
        <city>København Ø</city>
        <administrativeArea>hovedstaden</administrativeArea>
        <postalCode>2100</postalCode>
        <country>DK</country>
    </address>
    <electronicMailAddress>t.stjernegaard@snm.ku.dk</electronicMailAddress>
      </metadataProvider>
      <associatedParty>
    <individualName>
        <givenName>Jens Henrik</givenName>
      <surName>Petersen</surName>
    </individualName>
    <organizationName>Independent</organizationName>
    <positionName>Independent biologist</positionName>
    <address>
        <deliveryPoint>Nøruplundvej 2, Tirstrup</deliveryPoint>
        <city>Ebeltoft</city>
        <postalCode>8400</postalCode>
        <country>DK</country>
    </address>
    <electronicMailAddress>jens@aebletoften.dk</electronicMailAddress>
    <role>principalInvestigator</role>
      </associatedParty>
      <associatedParty>
    <individualName>
        <givenName>Tobias</givenName>
      <surName>Frøslev</surName>
    </individualName>
    <organizationName>Natural History Museum of Denmark</organizationName>
    <positionName>PostDoc</positionName>
    <address>
        <deliveryPoint>Natural History Museum of Denmark, Øster Voldgade 5-7</deliveryPoint>
        <city>Copenhagen</city>
        <country>DK</country>
    </address>
    <electronicMailAddress>tobiasgf@snm.ku.dk</electronicMailAddress>
    <role>principalInvestigator</role>
      </associatedParty>
      <associatedParty>
    <individualName>
        <givenName>Thomas</givenName>
      <surName>Læssøe</surName>
    </individualName>
    <organizationName>National History Museum of Denmark</organizationName>
    <positionName>Associate Professor</positionName>
    <address>
        <deliveryPoint>Natural History Museum of Denmark, Universitetsparken 15</deliveryPoint>
        <city>Copenhagen</city>
        <postalCode>2100</postalCode>
        <country>DK</country>
    </address>
    <electronicMailAddress>thomasl@bio.ku.dk</electronicMailAddress>
    <role>principalInvestigator</role>
      </associatedParty>
      <associatedParty>
    <individualName>
        <givenName>Christian</givenName>
      <surName>Lange</surName>
    </individualName>
    <organizationName>National History Museum of Denmark</organizationName>
    <positionName>Collection manager</positionName>
    <address>
        <deliveryPoint>Universitetsparken 15</deliveryPoint>
        <city>Copenhagen</city>
        <postalCode>2100</postalCode>
        <country>DK</country>
    </address>
    <electronicMailAddress>christianl@snm.ku.dk</electronicMailAddress>
    <role>principalInvestigator</role>
      </associatedParty>
      <associatedParty>
    <individualName>
        <givenName>Thomas Stjernegaard</givenName>
      <surName>Jeppesen</surName>
    </individualName>
    <organizationName>Natural History Museum of Denmark</organizationName>
    <address>
        <deliveryPoint>Universitetsparken 15</deliveryPoint>
        <city>København Ø</city>
        <administrativeArea>hovedstaden</administrativeArea>
        <postalCode>2100</postalCode>
        <country>DK</country>
    </address>
    <electronicMailAddress>t.stjernegaard@snm.ku.dk</electronicMailAddress>
    <role>principalInvestigator</role>
      </associatedParty>
  <pubDate>
	  2022-11-21
     
  </pubDate>
  <language>dan</language>
  <abstract>
    <para>
    Three DWC records of <em>Cortinarius koldingensis</em> Frøslev &amp; T.S. Jeppesen
</para>
  </abstract>
      <keywordSet>
            <keyword>Danish Mycological Society</keyword>
            <keyword>fungal records database</keyword>
            <keyword>Observations</keyword>
            <keyword>Citizen science</keyword>
            <keyword>Fungi</keyword>
            <keyword>Mycetozoa</keyword>
            <keyword>Slime moulds</keyword>
            <keyword>Europe</keyword>
            <keyword>DENMARK</keyword>
        <keywordThesaurus>N/A</keywordThesaurus>
      </keywordSet>
      <keywordSet>
            <keyword>Occurrence</keyword>
        <keywordThesaurus>GBIF Dataset Type Vocabulary: http://rs.gbif.org/vocabulary/gbif/dataset_type.xml</keywordThesaurus>
      </keywordSet>
      <keywordSet>
            <keyword>Observation</keyword>
        <keywordThesaurus>GBIF Dataset Subtype Vocabulary: http://rs.gbif.org/vocabulary/gbif/dataset_subtype.xml</keywordThesaurus>
      </keywordSet>
  <intellectualRights>
    <para>This work is licensed under a <ulink url="http://creativecommons.org/licenses/by-nc/4.0/legalcode"><citetitle>Creative Commons Attribution Non Commercial (CC-BY-NC) 4.0 License</citetitle></ulink>.</para>
  </intellectualRights>

  
  
  <coverage>
      <geographicCoverage>
          <geographicDescription>EURO DK</geographicDescription>
        <boundingCoordinates>
          <westBoundingCoordinate>7.2</westBoundingCoordinate>
          <eastBoundingCoordinate>12.9</eastBoundingCoordinate>
          <northBoundingCoordinate>57.7</northBoundingCoordinate>
          <southBoundingCoordinate>54.5</southBoundingCoordinate>
        </boundingCoordinates>
      </geographicCoverage>
          <temporalCoverage>
              <rangeOfDates>
                  <beginDate>
                    <calendarDate>1762-09-15</calendarDate>
                  </beginDate>
                <endDate>
                  <calendarDate>2022-11-21</calendarDate>
                </endDate>
              </rangeOfDates>
          </temporalCoverage>
          <taxonomicCoverage>
              <generalTaxonomicCoverage>Fungi and mycetozoa</generalTaxonomicCoverage>
              <taxonomicClassification>
                  <taxonRankName>kingdom</taxonRankName>
                <taxonRankValue>Fungi</taxonRankValue>
              </taxonomicClassification>
              <taxonomicClassification>
                <taxonRankValue>Mycetozoa</taxonRankValue>
                  <commonName>Slime moulds</commonName>
              </taxonomicClassification>
          </taxonomicCoverage>
  </coverage>
  <maintenance>
    <description>
      <para></para>
    </description>
    <maintenanceUpdateFrequency>unkown</maintenanceUpdateFrequency>
  </maintenance>

      <contact>
    <individualName>
        <givenName>Jacob</givenName>
      <surName>Heilmann-Clausen</surName>
    </individualName>
    <organizationName>Center for Macroecology, Evolution and Climate</organizationName>
    <positionName>Associate Professor</positionName>
    <address>
        <deliveryPoint>Natural History Museum of Denmark, Universitetsparken 15</deliveryPoint>
        <city>Copenhagen</city>
        <postalCode>2100</postalCode>
        <country>DK</country>
    </address>
    <phone>+45 51330991</phone>
    <electronicMailAddress>jheilmann-clausen@snm.ku.dk</electronicMailAddress>
      </contact>

  <project >
    <title>Danish Mycological Society, fungal records database</title>
    <personnel>
      <individualName>
          <givenName>Thomas</givenName>
        <surName>Læssøe</surName>
      </individualName>
      <role>principalInvestigator</role>
    </personnel>
    <personnel>
      <individualName>
          <givenName>Jacob</givenName>
        <surName>Heillmann-Clausen</surName>
      </individualName>
      <role>principalInvestigator</role>
    </personnel>
    <personnel>
      <individualName>
          <givenName>Jens H.</givenName>
        <surName>Petersen</surName>
      </individualName>
      <role>principalInvestigator</role>
    </personnel>
    <personnel>
      <individualName>
          <givenName>Tobias</givenName>
        <surName>Frøslev</surName>
      </individualName>
      <role>principalInvestigator</role>
    </personnel>
    <personnel>
      <individualName>
          <givenName>Thomas Stjernegaard</givenName>
        <surName>Jeppesen</surName>
      </individualName>
      <role>principalInvestigator</role>
    </personnel>
    <personnel>
      <individualName>
          <givenName>Jan</givenName>
        <surName>Vesterholt</surName>
      </individualName>
      <role>principalInvestigator</role>
    </personnel>
      <personnel>
        <individualName>
            <givenName>Christian</givenName>
          <surName>Lange</surName>
        </individualName>
        <role>principalInvestigator</role>
      </personnel>
      <funding>
        <para>Aage V. Jensen Foundation</para>
      </funding>
  </project>
</dataset>
  <additionalMetadata>
    <metadata>
      <gbif>
          <dateStamp>2012-11-07T02:50:08.147+01:00</dateStamp>
          <hierarchyLevel>dataset</hierarchyLevel>
  		<resourceLogoUrl>http://svampe.databasen.org/assets/images/public/SvampeatlasLogo.png</resourceLogoUrl>
		  
          
           <bibliography>
                
                <citation identifier="DOI:10.1007/s11557-015-1098-z">Frøslev, T.G., Jeppesen, T.S. &amp; Dima, B. Cortinarius koldingensis—a new species of Cortinarius, subgenus Phlegmacium related to Cortinarius sulfurinus . Mycol Progress 14, 73 (2015).</citation>

          </bibliography>

      </gbif>
    </metadata>
  </additionalMetadata>
</eml:eml>