1	StillImage	image/jpeg	https://svampe.databasen.org/uploads/TF2013-640926_B1sPYTWZg.JPG	Tobias Frøslev	Tobias Frøslev
1	StillImage	image/jpeg	https://svampe.databasen.org/uploads/2013-640926_Bys5jgKIj.JPG	Thomas Stjernegaard Jeppesen	Thomas Stjernegaard Jeppesen
1	StillImage	image/jpeg	https://svampe.databasen.org/uploads/2013-640926_HyxhsgFLi.JPG	Thomas Stjernegaard Jeppesen	Thomas Stjernegaard Jeppesen
1	StillImage	image/jpeg	https://svampe.databasen.org/uploads/2013-640926_rJJAieYUi.JPG	Thomas Stjernegaard Jeppesen	Thomas Stjernegaard Jeppesen
2	StillImage	image/jpeg	https://svampe.databasen.org/uploads/TF2013-640926_B1sPYTWZg.JPG	Tobias Frøslev	Tobias Frøslev
