<archive xmlns="http://rs.tdwg.org/dwc/text/" metadata="eml.xml">
  <core encoding="UTF-8" fieldsTerminatedBy="\t" linesTerminatedBy="\n" fieldsEnclosedBy='' ignoreHeaderLines="0" rowType="http://rs.tdwg.org/dwc/terms/Occurrence">
    <files>
      <location>Occurrence.tsv</location>
    </files>
    <id index="0" />
    <field index="1" term="http://purl.org/dc/terms/modified"/>
	  <field index="2" term="http://rs.tdwg.org/dwc/terms/basisOfRecord"/>
    <field index="3" term="http://purl.org/dc/terms/language"/>
    <field index="4" term="http://purl.org/dc/terms/license"/>
    <field index="5" term="http://purl.org/dc/terms/bibliographicCitation"/>
    <field index="6" term="http://rs.tdwg.org/dwc/terms/occurrenceID"/>
    <field index="7" term="http://rs.tdwg.org/dwc/terms/catalogNumber"/>
    <field index="8" term="http://rs.tdwg.org/dwc/terms/fieldNumber"/>
    <field index="9" term="http://rs.tdwg.org/dwc/terms/otherCatalogNumbers"/>
    <field index="10" term="http://rs.tdwg.org/dwc/terms/dynamicProperties"/>
    <field index="11" term="http://rs.tdwg.org/dwc/terms/associatedTaxa"/>
    <field index="12" term="http://rs.tdwg.org/dwc/terms/recordedBy"/>
    <field index="13" term="http://rs.tdwg.org/dwc/terms/habitat"/>
    <field index="14" term="http://rs.tdwg.org/dwc/terms/eventDate"/>
    <field index="15" term="http://rs.tdwg.org/dwc/terms/country"/>
    <field index="16" term="http://rs.tdwg.org/dwc/terms/decimalLatitude"/>
    <field index="17" term="http://rs.tdwg.org/dwc/terms/decimalLongitude"/>
    <field index="18" term="http://rs.tdwg.org/dwc/terms/coordinateUncertaintyInMeters"/>
    <field index="19" term="http://rs.tdwg.org/dwc/terms/geodeticDatum"/>
    <field index="20" term="http://rs.tdwg.org/dwc/terms/locationAccordingTo"/>
    <field index="21" term="http://rs.tdwg.org/dwc/terms/locality"/>
    <field index="22" term="http://rs.tdwg.org/dwc/terms/countryCode"/>
    <field index="23" term="http://rs.tdwg.org/dwc/terms/verbatimLocality"/>
    <field index="24" term="http://rs.tdwg.org/dwc/terms/county"/>
    <field index="25" term="http://rs.tdwg.org/dwc/terms/locationID"/>
    <field index="26" term="http://rs.tdwg.org/dwc/terms/scientificName"/>
    <field index="27" term="http://rs.tdwg.org/dwc/terms/vernacularName"/>
    <field index="28" term="http://rs.tdwg.org/dwc/terms/scientificNameID"/>
    <field index="29" term="http://rs.tdwg.org/dwc/terms/identifiedBy"/>
    <field index="30" term="http://rs.tdwg.org/dwc/terms/typeStatus"/>
    <field index="31" term="http://rs.tdwg.org/dwc/terms/taxonRank"/>
    <field index="32" term="http://rs.tdwg.org/dwc/terms/taxonID"/>
    <field index="33" term="http://rs.gbif.org/terms/1.0/identifiedByID"/>
    <field index="34" term="http://rs.gbif.org/terms/1.0/recordedByID"/>   
    <field index="34" term="http://rs.tdwg.org/dwc/terms/associatedSequences"/>
  </core>

  <extension encoding="UTF-8" fieldsTerminatedBy="\t" linesTerminatedBy="\n" fieldsEnclosedBy='' ignoreHeaderLines="0" rowType="http://rs.tdwg.org/dwc/terms/Identification">
    <files>
      <location>Identification.tsv</location>
    </files>
    <coreid index="0" />
    <field index="1" term="http://rs.gbif.org/terms/identificationID"/>
    <field index="2" term="http://rs.gbif.org/terms/verbatimIdentification"/>
    <field index="3" term="http://rs.gbif.org/terms/identificationQualifier"/>
    <field index="4" term="http://rs.gbif.org/terms/typeStatus"/>
    <field index="5" term="http://rs.gbif.org/terms/identifiedBy"/>
    <field index="6" term="http://rs.gbif.org/terms/identifiedByID"/>
    <field index="7" term="http://rs.gbif.org/terms/dateIdentified"/>
    <field index="8" term="http://rs.gbif.org/terms/scientificNameID"/>
    <field index="9" term="http://rs.gbif.org/terms/namePublishedInID"/>
    <field index="10" term="http://rs.gbif.org/terms/scientificName"/>
  </extension>
  <extension encoding="UTF-8" fieldsTerminatedBy="\t" linesTerminatedBy="\n" fieldsEnclosedBy='' ignoreHeaderLines="0" rowType="http://rs.gbif.org/terms/1.0/MultiMedia">
    <files>
      <location>Media.tsv</location>
    </files>
    <coreid index="0" />
    <field index="1" term="http://purl.org/dc/terms/type"/>
    <field index="2" term="http://purl.org/dc/terms/format"/>
	  <field index="3" term="http://purl.org/dc/terms/identifier"/>
	  <field index="4" term="http://purl.org/dc/terms/creator"/>
	  <field index="5" term="http://ns.adobe.com/xap/1.0/rights/Owner"/>
  </extension>
  <extension encoding="UTF-8" fieldsTerminatedBy="\t" linesTerminatedBy="\n" fieldsEnclosedBy='' ignoreHeaderLines="0" rowType="http://rs.gbif.org/terms/1.0/DNADerivedData">
    <files>
      <location>Dna.tsv</location>
    </files>
    <coreid index="0" />
    <field index="1" term="https://w3id.org/gensc/terms/MIXS:0000044"/>
    <field index="2" term="http://rs.gbif.org/terms/dna_sequence"/>
  </extension>
  <extension encoding="UTF-8" fieldsTerminatedBy="\t" linesTerminatedBy="\n" fieldsEnclosedBy='' ignoreHeaderLines="0" rowType="http://rs.tdwg.org/dwc/terms/ResourceRelationship">
    <files>
      <location>RelatedResources.tsv</location>
    </files>
    <coreid index="1" />
    <field index="0" term="http://rs.tdwg.org/dwc/terms/resourceRelationshipID"/>
    <field index="1" term="http://rs.tdwg.org/dwc/terms/resourceID"/>
    <field index="2" term="http://rs.tdwg.org/dwc/terms/relatedResourceID"/>
    <field index="3" term="http://rs.tdwg.org/dwc/terms/relationshipOfResource"/>
  </extension>
    <extension encoding="UTF-8" fieldsTerminatedBy="\t" linesTerminatedBy="\n" fieldsEnclosedBy='' ignoreHeaderLines="0" rowType="http://rs.tdwg.org/dwc/terms/MeasurementOrFact">
    <files>
      <location>MeasurementsAndFacts.tsv</location>
    </files>
    <coreid index="0" />
    <field index="1" term="http://rs.tdwg.org/dwc/terms/measurementID"/>
    <field index="2" term="http://rs.tdwg.org/dwc/terms/measurementType"/>
    <field index="3" term="http://rs.tdwg.org/dwc/terms/measurementValue"/>
    <field index="4" term="http://rs.tdwg.org/dwc/terms/measurementUnit"/>
  </extension>
</archive>


	