event_id,parent_event_id,dataset_id,location_id,protocol_id,event_type,event_name,field_number,event_date,year,month,day,verbatim_event_date,verbatim_locality,verbatim_elevation,verbatim_depth,verbatim_coordinates,verbatim_latitude,verbatim_longitude,verbatim_coordinate_system,verbatim_srs,habitat,protocol_description,sample_size_value,sample_size_unit,event_effort,field_notes,event_remarks
36d6fdb6f5a405d4f62f80d203abcf20fc0e7f83,,,32779b605d76b14bbe3f547116543f2290fe7ed6,,OCCURRENCE,,,2012-06-26,2012,6,26,,,,,,,,,,,,,,,,
32491ca86693dbf3b7b42be9074fc8f3b43a1b36,,,2d615996fc349d2d80b5704adf80f61fb00b16e2,,OCCURRENCE,,,2013-10-12,2013,10,12,,,,,,,,,,,,,,,,
eb77b189c9b6ba040be51bf87707945236fee316,,,3ee92a503da9cf6fb540534d9f089cdadf7c6a42,,OCCURRENCE,,,2013-10-13,2013,10,13,,,,,,,,,,,,,,,,
72e8d243f83c2f0288921b0f4da26ace2a481268,,,29f7b199eb17cbb422ea50fb99abafb6f7505e0c,,OCCURRENCE,,,2010-12-12,2010,12,12,,,,,,,,,,,,,,,,
9d76977e92974258998e2d03faa61a839e672641,,,0325f7f1cbf9c2c04556d4bb92d129a4d507dd6b,,OCCURRENCE,,,2010-04-15,2010,4,15,,,,,,,,,,,,,,,,
d17671f5234d97747f6c2b30fcd14e5c69124820,,,0360eae101b021bed9535fd2bd4ccce7762dbf02,,OCCURRENCE,,,2011-11-16,2011,11,16,,,,,,,,,,,,,,,,
65b10ea2aea6bdc5e51460cadddbbcf64a8f147a,,,d085c8d666080dbe9d195b403e0fb45edebf66d2,,OCCURRENCE,,,2010-05-01,2010,5,1,,,,,,,,,,,,,,,,
ed5ce65f699ea5b13385d6a1b239a7faab0b2334,,,95570693bdd577291fc6aac2c25512331cc69eef,,OCCURRENCE,,,2010-04-08,2010,4,8,,,,,,,,,,,,,,,,
4a099b055625cb5375503fe49579cf14022ea40e,,,5a61e634ec49d3919b83a13434809a009040ffa1,,OCCURRENCE,,,2010-04-14,2010,4,14,,,,,,,,,,,,,,,,
9d503d3e79c323bf63b035c6ee0d789cd5ac0511,,,956ba4e17f3520fac3ba6c3d3de520528adb0d58,,OCCURRENCE,,,2010-11-18,2010,11,18,,,,,,,,,,,,,,,,
4cc324de525e263dc425a4c40cb85710a9b6c1d9,,,dff1a5995821d967a7154ee5acf7da85d7af30b0,,OCCURRENCE,,,2013-10-02,2013,10,2,,,,,,,,,,,,,,,,
95d18f2fb777ad7abcc8f926e183b3a355ffcd5b,,,100d2d2b702463296601258626ea2e81bdc3e56a,,OCCURRENCE,,,2013-10-11,2013,10,11,,,,,,,,,,,,,,,,
6b777e6a80866364470347064548cf02e3c1a277,,,53b72321e3dd9e00962e772be846916b7527d53b,,OCCURRENCE,,,2014-10-21,2014,10,21,,,,,,,,,,,,,,,,
706d875dbe59155ab2e4089d78710a98327d0b6d,,,c6fe78a0941c3e63c26c74466071459b163414c8,,OCCURRENCE,,,2010-02-08,2010,2,8,,,,,,,,,,,,,,,,
0669d9baf5d7c82c6a46fbf0ed56276bdec2947a,,,35ba3a804cd866498be9c9c7b292d6a2fd48ab27,,OCCURRENCE,,,2010-04-09,2010,4,9,,,,,,,,,,,,,,,,
72914c4442b6b95d441cf58d376bbb97cc3f713e,,,35ba3a804cd866498be9c9c7b292d6a2fd48ab27,,OCCURRENCE,,,2010-04-12,2010,4,12,,,,,,,,,,,,,,,,
3d47c968b306a86b7061e22598536b984abc48a4,,,9d3c6934803fc8b0dc7153a7c4b266ef1e5f46b1,,OCCURRENCE,,,2010-02-02,2010,2,2,,,,,,,,,,,,,,,,
6fa062ec5347af026d4abf63c2038629f6dc9418,,,9d3c6934803fc8b0dc7153a7c4b266ef1e5f46b1,,OCCURRENCE,,,2010-02-04,2010,2,4,,,,,,,,,,,,,,,,
b6b30e3e5e72139f068fd747b346a6478e15d93f,,,050f618e9372d404b3f6222300f4fba55a38ea6a,,OCCURRENCE,,,2010-12-08,2010,12,8,,,,,,,,,,,,,,,,
a6f687fe83bf985a599a783b32a09c75d92fe47e,,,050f618e9372d404b3f6222300f4fba55a38ea6a,,OCCURRENCE,,,2010-02-04,2010,2,4,,,,,,,,,,,,,,,,
ecba9ae01dc130de87b04cf88039d4c3534a37b7,,,6373dd6f9b2ea9e1aea65aac8ac3324a4ceb7f90,,OCCURRENCE,,,2010-04-08,2010,4,8,,,,,,,,,,,,,,,,
a3c610ac2dceba9bbb1d52da1a1b26bba1e8a5b2,,,fdb1b8101942f9e092c1b54dcb8f19fa491fc32a,,OCCURRENCE,,,2010-04-08,2010,4,8,,,,,,,,,,,,,,,,
c2286fa96f56dc2dc5c0c660e37c1951b6163917,,,fdb1b8101942f9e092c1b54dcb8f19fa491fc32a,,OCCURRENCE,,,2010-04-07,2010,4,7,,,,,,,,,,,,,,,,
abd25d96fc6fb98e3efd16ab4524a17d54feabfc,,,050f618e9372d404b3f6222300f4fba55a38ea6a,,OCCURRENCE,,,2010-04-07,2010,4,7,,,,,,,,,,,,,,,,
f4b54573c5645176d43790642530d9e1c7925627,,,050f618e9372d404b3f6222300f4fba55a38ea6a,,OCCURRENCE,,,2010-04-09,2010,4,9,,,,,,,,,,,,,,,,
3296d62d9d08f980e8d5fff42fb4bdb3c97b0243,,,d01b78de2650039ecca4a25a112eea0f72f36371,,OCCURRENCE,,,2010-12-16,2010,12,16,,,,,,,,,,,,,,,,
639ffb4a8de0386aa50711697996afbbd3a1f414,,,6373dd6f9b2ea9e1aea65aac8ac3324a4ceb7f90,,OCCURRENCE,,,2010-04-07,2010,4,7,,,,,,,,,,,,,,,,
0564a7f6e8bdf14f368aa89ea9326eea264e5b30,,,7362fed6f54b7e9fbd3ff2e65cd564c94631e5ad,,OCCURRENCE,,,2010-04-30,2010,4,30,,,,,,,,,,,,,,,,
8d79466a1de29b9bdc67c71aec0d16e939a5d3f2,,,3eeecbaf211eb4b1a22ec8ec000f69bb41d9bb74,,OCCURRENCE,,,2010-04-30,2010,4,30,,,,,,,,,,,,,,,,
ca35a9475663b793ef3f4f8022ce43847316b43b,,,95570693bdd577291fc6aac2c25512331cc69eef,,OCCURRENCE,,,2010-04-17,2010,4,17,,,,,,,,,,,,,,,,
8febc9e31ae2c3be02ede67d1a5b32e545391c55,,,d9b78459b6029db1e914e82f008d62e6dfec0a8b,,OCCURRENCE,,,2010-12-10,2010,12,10,,,,,,,,,,,,,,,,
ec049bb63d4f923ad145a45400e23cc2533fd9a3,,,95570693bdd577291fc6aac2c25512331cc69eef,,OCCURRENCE,,,2010-02-03,2010,2,3,,,,,,,,,,,,,,,,
7b757c2d169dafdf6e00792a84f9dcc5dc94db66,,,5a61e634ec49d3919b83a13434809a009040ffa1,,OCCURRENCE,,,2010-12-17,2010,12,17,,,,,,,,,,,,,,,,
efdc5902aaab728b9272a7ba19a270ad6347c9be,,,b6d9ca4a511f0741257decf1a5b2c40a642a7652,,OCCURRENCE,,,2018-05-25,2018,5,25,,,,,,,,,,,,,,,,
f687ba8cee0dadac2463d042f198b0d2ea27c1d0,,,6373dd6f9b2ea9e1aea65aac8ac3324a4ceb7f90,,OCCURRENCE,,,2010-04-06,2010,4,6,,,,,,,,,,,,,,,,
7a791299a7fbf96fc0955e9b24235363d18a01f6,,,7a3e6aedfd47fd75c5abdf6dc570c0ec6bf8f367,,OCCURRENCE,,,2018-05-24,2018,5,24,,,,,,,,,,,,,,,,
fce7c2ec3a998f8efc5d8764ce6f768d5ee93a8f,,,7a3e6aedfd47fd75c5abdf6dc570c0ec6bf8f367,,OCCURRENCE,,,2018-05-21,2018,5,21,,,,,,,,,,,,,,,,
ec6f2fa58d20900d74372edca2bcd135da5db087,,,9e8503b2a4a7c7686b4deb5b41d2aec312999659,,OCCURRENCE,,,2018-06-11,2018,6,11,,,,,,,,,,,,,,,,
2973554290a1a44ea4e70e27220a995e2c53c87d,,,7852ddc1b19b10304c31dcf2ab19f63d7ab1c170,,OCCURRENCE,,,2018-05-16,2018,5,16,,,,,,,,,,,,,,,,
19213d0ca63f9c981333e30751f6f445da03b58c,,,b4577f1ddb4cde00b57012dd2c7477a9461cb836,,OCCURRENCE,,,2018-05-22,2018,5,22,,,,,,,,,,,,,,,,
d90767c46c831039e3f76ab512a7dbb41650b9c7,,,7fef7cd1590924c03d9b49623032f8dd7220f897,,OCCURRENCE,,,2018-06-12,2018,6,12,,,,,,,,,,,,,,,,
398d2b23cc21ded011d8366c2596a4e2cbeb4e3b,,,adf5bc0a06a6865034e6c81f427156d56d58d97d,,OCCURRENCE,,,2018-06-14,2018,6,14,,,,,,,,,,,,,,,,
c5f205c163c0767ed9566a7852ceb99a8c2cb61f,,,bbc433c4ab05b001d6e60b37153576067a5c3981,,OCCURRENCE,,,2018-06-21,2018,6,21,,,,,,,,,,,,,,,,
02479b0e8351aa8551f720cb38ad3982548de86e,,,ba3436534983c4079d461bb2e04a63349818962a,,OCCURRENCE,,,2018-06-13,2018,6,13,,,,,,,,,,,,,,,,
81b95a49213d96dc96699f8d1d19d0e111f30598,,,5b981d6f3dfc3e689fec55c2c483961a8c283d68,,OCCURRENCE,,,2018-06-13,2018,6,13,,,,,,,,,,,,,,,,
d81a86dc7a1efb1a61e9924103d2cb500c5c7394,,,53f04932a0045fef0d2b201db82b94627884f39e,,OCCURRENCE,,,2018-06-07,2018,6,7,,,,,,,,,,,,,,,,
97750d0e877249da0a6ea457512c52c142b20ef0,,,965b0c88175fc6aefa3686aed6e7070ea834368a,,OCCURRENCE,,,2018-04-12,2018,4,12,,,,,,,,,,,,,,,,
46c8ac534d5f9ec5592806f8d7a6724319210cf3,,,b4577f1ddb4cde00b57012dd2c7477a9461cb836,,OCCURRENCE,,,2018-09-02,2018,9,2,,,,,,,,,,,,,,,,
866cdfbfb7f2af006789d7c0f6d16b4a8658ab5b,,,b6d9ca4a511f0741257decf1a5b2c40a642a7652,,OCCURRENCE,,,2018-09-11,2018,9,11,,,,,,,,,,,,,,,,
d62c8a9efd415266b23a06b0b8f03db5af95c7d8,,,ba3436534983c4079d461bb2e04a63349818962a,,OCCURRENCE,,,2018-10-02,2018,10,2,,,,,,,,,,,,,,,,
3dc2e9edd83a4603adccbff6d184a6a4f674f533,,,6347c762f216546717849e542d763924d7794807,,OCCURRENCE,,,2020-11-28,2020,11,28,,,,,,,,,,,,,,,,
3a50d1b229aedd5ccd8c99bff8b3ce471517cc70,,,f22eae97b3ae0b503ed9bacda7d99c1dc424f3b5,,OCCURRENCE,,,2013-04-28,2013,4,28,,,,,,,,,,,,,,,,
fe949960c2a2935d2ff52c295caf7d6b386ad193,,,e565c18e0c2df0cb8e65de9c81512b5572da12d1,,OCCURRENCE,,,2013-04-02,2013,4,2,,,,,,,,,,,,,,,,
0dbe90ea07557adc79b2fb3694555f22b2b98a29,,,dff1a5995821d967a7154ee5acf7da85d7af30b0,,OCCURRENCE,,,2013-03-24,2013,3,24,,,,,,,,,,,,,,,,
3d26e282ef4c4b8b7cb0438cff7aef9a5554acd2,,,2d615996fc349d2d80b5704adf80f61fb00b16e2,,OCCURRENCE,,,2013-07-09,2013,7,9,,,,,,,,,,,,,,,,
87189050fad680b585371ade98af6fc44b0a534a,,,fe374820f0e731b99a4dbf7132644f661cf80c1a,,OCCURRENCE,,,2013-03-23,2013,3,23,,,,,,,,,,,,,,,,
d1d2b8c3c6e1c8ce5fa0231350d455bcb8208a3f,,,3ee92a503da9cf6fb540534d9f089cdadf7c6a42,,OCCURRENCE,,,2013-04-24,2013,4,24,,,,,,,,,,,,,,,,
f6350fe544b0049cc41f5346601e5a1402ff8dbf,,,3ee92a503da9cf6fb540534d9f089cdadf7c6a42,,OCCURRENCE,,,2013-03-31,2013,3,31,,,,,,,,,,,,,,,,
80fca5861b027148eac4e690a35051bc87f34ac9,,,8a82ed453701633f1b4df41d74fc3dbe3e950623,,OCCURRENCE,,,2020-11-02,2020,11,2,,,,,,,,,,,,,,,,
aa102e9bb040fc6d64b97e53656d512e174c23e9,,,100d2d2b702463296601258626ea2e81bdc3e56a,,OCCURRENCE,,,2013-03-28,2013,3,28,,,,,,,,,,,,,,,,
b8d4f7be6c19f39dfe2d6a02306f27e4f1527a8e,,,2d615996fc349d2d80b5704adf80f61fb00b16e2,,OCCURRENCE,,,2013-03-30,2013,3,30,,,,,,,,,,,,,,,,
d0d652ad66f8b1b7cbd8c2ee69d6ddcd108daf81,,,2631313e559e96263581190a25339d71dd2013ad,,OCCURRENCE,,,2013-03-29,2013,3,29,,,,,,,,,,,,,,,,
b840e52e33d4ba4c1fd56f8b2be27b6d971ea3c8,,,2d615996fc349d2d80b5704adf80f61fb00b16e2,,OCCURRENCE,,,2013-04-23,2013,4,23,,,,,,,,,,,,,,,,
4b0ab8ee2268da409e22491fb7437f2285f6c839,,,2631313e559e96263581190a25339d71dd2013ad,,OCCURRENCE,,,2013-06-11,2013,6,11,,,,,,,,,,,,,,,,
1f25268fd952e8b74cd67fde85bda04cfa404306,,,8c98bcaac607b87a29ba4ad5ab579ce60c326afa,,OCCURRENCE,,,2020-08-17,2020,8,17,,,,,,,,,,,,,,,,
b03cb08b815dfed57bbea6dc7edb1fece135641c,,,8c98bcaac607b87a29ba4ad5ab579ce60c326afa,,OCCURRENCE,,,2020-08-19,2020,8,19,,,,,,,,,,,,,,,,
b49cdf623e33f6317f5c88d8c70acd0ad5976e9e,,,8c98bcaac607b87a29ba4ad5ab579ce60c326afa,,OCCURRENCE,,,2020-08-13,2020,8,13,,,,,,,,,,,,,,,,
65309136d35a419b13b5aed852c6d1b3cf540179,,,20581667354b3fd11c1719b5e41e449757eb9e13,,OCCURRENCE,,,2020-12-04,2020,12,4,,,,,,,,,,,,,,,,
f28f88c973a561e5da695f0968ad4aa23a64863d,,,3ee92a503da9cf6fb540534d9f089cdadf7c6a42,,OCCURRENCE,,,2013-06-12,2013,6,12,,,,,,,,,,,,,,,,
64a67022a8e7e631ce968365a692b2348cd54fe4,,,2d615996fc349d2d80b5704adf80f61fb00b16e2,,OCCURRENCE,,,2013-06-10,2013,6,10,,,,,,,,,,,,,,,,
8bd556598bf65da5bf0e4d9e5d151733f135c831,,,32779b605d76b14bbe3f547116543f2290fe7ed6,,OCCURRENCE,,,2020-08-13,2020,8,13,,,,,,,,,,,,,,,,
8ccee8c2d8d3456017d8d413681a950263fe9594,,,dff1a5995821d967a7154ee5acf7da85d7af30b0,,OCCURRENCE,,,2013-05-17,2013,5,17,,,,,,,,,,,,,,,,
5ff729ac270eb09f5c50773853f71e08db0ad1ac,,,7e9c39406c5ddc68582129997e9ce538c4585dc5,,OCCURRENCE,,,2020-12-13,2020,12,13,,,,,,,,,,,,,,,,
c577b43a68d245cf016bb4bcfdef58ffb79c161a,,,7e9c39406c5ddc68582129997e9ce538c4585dc5,,OCCURRENCE,,,2020-12-12,2020,12,12,,,,,,,,,,,,,,,,
296a8b10f477e88369c357f9fb94a60422fd3547,,,826e089d5613b3465f60710ba632461164da35ad,,OCCURRENCE,,,2016-09-13,2016,9,13,,,,,,,,,,,,,,,,
69cf7f54cb09be0989a882996582648ddfb13863,,,7852ddc1b19b10304c31dcf2ab19f63d7ab1c170,,OCCURRENCE,,,2018-09-08,2018,9,8,,,,,,,,,,,,,,,,
09b0bfc2a1a3b46344ae37c66fdb16bc6bcaf452,,,fe374820f0e731b99a4dbf7132644f661cf80c1a,,OCCURRENCE,,,2013-05-18,2013,5,18,,,,,,,,,,,,,,,,
d265cb83060dd8760c3d622ad876a903abd5bfbb,,,f22eae97b3ae0b503ed9bacda7d99c1dc424f3b5,,OCCURRENCE,,,2013-06-15,2013,6,15,,,,,,,,,,,,,,,,
4b537443bb3ddf6cb5f9ec216fe62ea069f9c5e0,,,9e8503b2a4a7c7686b4deb5b41d2aec312999659,,OCCURRENCE,,,2018-09-24,2018,9,24,,,,,,,,,,,,,,,,
5e4bbb251e06f37b1c1a6112176d6baab3dd7d5a,,,100d2d2b702463296601258626ea2e81bdc3e56a,,OCCURRENCE,,,2013-04-19,2013,4,19,,,,,,,,,,,,,,,,
ec4c5076d6d8339c7bee0b5e7fe14d10353a1db6,,,100d2d2b702463296601258626ea2e81bdc3e56a,,OCCURRENCE,,,2013-06-09,2013,6,9,,,,,,,,,,,,,,,,
48d114302dc2d74744eb4c8d1f1385c2db0e65d3,,,fe374820f0e731b99a4dbf7132644f661cf80c1a,,OCCURRENCE,,,2013-02-21,2013,2,21,,,,,,,,,,,,,,,,
89472788ccf588da987fa8c4e54d6275b2f4bced,,,7a3e6aedfd47fd75c5abdf6dc570c0ec6bf8f367,,OCCURRENCE,,,2018-09-05,2018,9,5,,,,,,,,,,,,,,,,
58d8889692697a0b725770030cd8be6938d13a3c,,,dff1a5995821d967a7154ee5acf7da85d7af30b0,,OCCURRENCE,,,2013-02-27,2013,2,27,,,,,,,,,,,,,,,,
afa059d55446c2937fabe0946fa3dbc0c976835f,,,ca7add9800e0976e633c2f483e706bc1e953b2ac,,OCCURRENCE,,,2013-05-19,2013,5,19,,,,,,,,,,,,,,,,
86d0bb4ce32139f3972fdb406dd69e3dcaddf593,,,e565c18e0c2df0cb8e65de9c81512b5572da12d1,,OCCURRENCE,,,2013-02-26,2013,2,26,,,,,,,,,,,,,,,,
a7d14264da0323ab51657822f139c11fa86ff0b5,,,2631313e559e96263581190a25339d71dd2013ad,,OCCURRENCE,,,2013-07-30,2013,7,30,,,,,,,,,,,,,,,,
253306636a6280e41b4c32aacad63220af5bcd59,,,35ba3a804cd866498be9c9c7b292d6a2fd48ab27,,OCCURRENCE,,,2010-12-15,2010,12,15,,,,,,,,,,,,,,,,
ce1814f357738a731a3a902e5fd01baa17566d31,,,45a7fc9ae58454115763fefe8ef4ab222ff0b5ee,,OCCURRENCE,,,2022-04-09,2022,4,9,,,,,,,,,,,,,,,,
a3cf941eadf9c6a3f46ebc5000c91f6ba65a92de,,,6dd81b5187be711a734e56160742a87875614769,,OCCURRENCE,,,2010-12-16,2010,12,16,,,,,,,,,,,,,,,,
28b2e1d3b4bdfcb7a496febf58f52953029eccf4,,,d085c8d666080dbe9d195b403e0fb45edebf66d2,,OCCURRENCE,,,2010-11-17,2010,11,17,,,,,,,,,,,,,,,,
9de2c7ad5a0488a9e523b1f3b210f62bb681e010,,,fe374820f0e731b99a4dbf7132644f661cf80c1a,,OCCURRENCE,,,2013-08-09,2013,8,9,,,,,,,,,,,,,,,,
06c18358de7a290bbcc1dcd5eff1ccc9cd23396a,,,adf5bc0a06a6865034e6c81f427156d56d58d97d,,OCCURRENCE,,,2018-10-01,2018,10,1,,,,,,,,,,,,,,,,
9be1a836a0950e118391c4200a9ca7490d61cabb,,,3080e3be266288d63c52514a1acf4980e06deffc,,OCCURRENCE,,,2021-04-13,2021,4,13,,,,,,,,,,,,,,,,
8b53e9b11c09ca70a7e9446c6d36567802ad895e,,,cae1d426d5e8b635f0a44264f52c687cbc1d6ea3,,OCCURRENCE,,,2021-04-15,2021,4,15,,,,,,,,,,,,,,,,
44868b4098ee472fb691455f05bb619b14a15fa7,,,d833758d00583158f92d93ecf3a5e6969e604826,,OCCURRENCE,,,2021-04-15,2021,4,15,,,,,,,,,,,,,,,,
ce65f03803db4ace67744a2193575a5ff21f278f,,,be6634c56685b6c433ba1dcfb7a190cd95ad9639,,OCCURRENCE,,,2009-09-15,2009,9,15,,,,,,,,,,,,,,,,
4cec43155fdcd6e791cc314d875ffd8b593a8034,,,fda2226a92a8ec2f02b11fd70fb7f683d9aee972,,OCCURRENCE,,,2021-04-15,2021,4,15,,,,,,,,,,,,,,,,
2911c72029fb48a345fa9b8420a0e626d029b538,,,552a30da07886059ad677fd85b295ae8bb85cfd9,,OCCURRENCE,,,2009-11-19,2009,11,19,,,,,,,,,,,,,,,,
d36b35ec031a61a3de7709f72dd53e7de0848d9a,,,cc026141300454242e1f8f59e9d6cd3e4f4e4cd2,,OCCURRENCE,,,2021-04-16,2021,4,16,,,,,,,,,,,,,,,,
90d51f1c5075cd04cc4a0647e62552251d2fcb07,,,0f2b698318523d35c54faba6f1170fb9ac3c8971,,OCCURRENCE,,,2021-04-17,2021,4,17,,,,,,,,,,,,,,,,
0d3cff7330e3ccd4bbb0762cfdb09aa50531a03e,,,22f7329d1cc7e7af283313eb46c769d2b0196bb6,,OCCURRENCE,,,2021-04-17,2021,4,17,,,,,,,,,,,,,,,,
ad31ae4ba960a81d2de010fc1d785e28113c2d8c,,,2beebd0dc9faea501240173bfe1d7ccfb688fedb,,OCCURRENCE,,,2021-04-18,2021,4,18,,,,,,,,,,,,,,,,
4abf12e34433f3b6ef7463ac5d489fbb7befcc42,,,76403e412876a69b6b2a0419f7c972823336311c,,OCCURRENCE,,,2021-04-18,2021,4,18,,,,,,,,,,,,,,,,
5bd6ce13734ef006fe06b629684c8b54201d3a78,,,463a51fb0f1d9a6b491f2cfd689d855bca26e562,,OCCURRENCE,,,2021-04-19,2021,4,19,,,,,,,,,,,,,,,,
03099a49f87c2b209a1141198166cb43571dff8e,,,0542c3140881de3e2e9a2ede5d1a779cc1a179be,,OCCURRENCE,,,2021-04-19,2021,4,19,,,,,,,,,,,,,,,,
a7f75e8c87a91307add508e998f3f469b85cee25,,,21d89417531bcfb36b36954fff26e2d2716e35dc,,OCCURRENCE,,,2021-04-19,2021,4,19,,,,,,,,,,,,,,,,
dba1bf18053809930751e6629c1071dda910658b,,,b9699ad80ee07d3e2ee03f272ab4e45fd1e8f615,,OCCURRENCE,,,2021-04-23,2021,4,23,,,,,,,,,,,,,,,,
768ff13d9b6e24323367deca5ae8fd7e9cf2a1e2,,,7af021bdefdb667337f0ef9a02f6c6e9d07bd654,,OCCURRENCE,,,2021-04-23,2021,4,23,,,,,,,,,,,,,,,,
da5cfc5140811ee24de0b880e242f0f6ecf25864,,,7635dbaedc7a3ccbd36cafe157157db8f4218f72,,OCCURRENCE,,,2021-04-23,2021,4,23,,,,,,,,,,,,,,,,
e631e0a67b13278eb3089dac1fab8ec94c185318,,,bbc433c4ab05b001d6e60b37153576067a5c3981,,OCCURRENCE,,,2018-09-28,2018,9,28,,,,,,,,,,,,,,,,
60f4d3ce5122b930231346d9346c5e9af0f9261f,,,d9844fef9af1bb4d9c7d3ba4c3ca6673e065ef76,,OCCURRENCE,,,2021-03-06,2021,3,6,,,,,,,,,,,,,,,,
0be57605d34212d4b553f2462a1a65ff50426187,,,37b666675d6081755600cc06c24b6544e8022fbe,,OCCURRENCE,,,2021-03-06,2021,3,6,,,,,,,,,,,,,,,,
b98e377af8a21dfa1585a7328de27797a60c1735,,,f418a9f8401c3620023e85d387af7fd3626540d5,,OCCURRENCE,,,2021-03-08,2021,3,8,,,,,,,,,,,,,,,,
d01636b96b5b0ca90aa07bc60f2e2c72185a0c87,,,d31466bd826852fb36ebf82a65242eef11f38f54,,OCCURRENCE,,,2021-03-08,2021,3,8,,,,,,,,,,,,,,,,
1b8c8e598cb811d5e48c1ffbe7794c14d6cea9ab,,,c9cdc87dae7d733f4d2561b8b6477cc9bbb03436,,OCCURRENCE,,,2021-03-08,2021,3,8,,,,,,,,,,,,,,,,
39d86c9a112d8486c78b29d26db74645545cafa6,,,1f4cbb3a28ca7b15a5ae68d1556a9928b87c31b3,,OCCURRENCE,,,2021-03-11,2021,3,11,,,,,,,,,,,,,,,,
2c6d959b4d01f4f0fda67dbcfc7d7b0616b101d4,,,3d2abc71c91c559d29f829a7b3aac0ac51d459e6,,OCCURRENCE,,,2021-03-11,2021,3,11,,,,,,,,,,,,,,,,
9a64bdc9ba57e93c2e2c4ba5e2278198203a3f45,,,17ebf76f3b9d9a137b11b1ba353efea3568edd98,,OCCURRENCE,,,2021-03-11,2021,3,11,,,,,,,,,,,,,,,,
b08e619c0927accaf334c4c8dcaf7541fa939f77,,,9e67ae314e9ca5c953b34288f2170989293203ab,,OCCURRENCE,,,2021-04-24,2021,4,24,,,,,,,,,,,,,,,,
d5acac4b74f49669c49f3e1129a17535de4f6f2c,,,ed3fd62ac90597245f2e3b9e095b5713732b7018,,OCCURRENCE,,,2021-04-25,2021,4,25,,,,,,,,,,,,,,,,
516b00a01a881828cc0c976aa5fd942e1bdbc2db,,,25a9a990cf1f2e7793f5cf8ad7104daf8cb2d9ea,,OCCURRENCE,,,2021-04-25,2021,4,25,,,,,,,,,,,,,,,,
1a021ece9e44fc985f6a691ff69fa5c74fe9cb3a,,,19f3600f06a85bb7ee5661506889252f40ab9eaa,,OCCURRENCE,,,2021-05-09,2021,5,9,,,,,,,,,,,,,,,,
0dee2214e2f6123a57e8a197523258e6df13c81d,,,c23b3b6c83e89d70facb95a707f88d68548bc806,,OCCURRENCE,,,2021-05-14,2021,5,14,,,,,,,,,,,,,,,,
2241efd369d36e06181c6c87c03c69e30ae6ec78,,,bbc433c4ab05b001d6e60b37153576067a5c3981,,OCCURRENCE,,,2018-09-08,2018,9,8,,,,,,,,,,,,,,,,
bc6c396d90d602c954f85b2245bbd833630e2a77,,,552a30da07886059ad677fd85b295ae8bb85cfd9,,OCCURRENCE,,,2009-09-14,2009,9,14,,,,,,,,,,,,,,,,
58874497ca70d975985e2f07fcd63a258c93415a,,,be6634c56685b6c433ba1dcfb7a190cd95ad9639,,OCCURRENCE,,,2009-07-14,2009,7,14,,,,,,,,,,,,,,,,
99b79e2fd35bc45c03d4241c973025ef95792240,,,29b3a5dfdcbe10df955a64709150782447828891,,OCCURRENCE,,,2009-07-15,2009,7,15,,,,,,,,,,,,,,,,
5fdd8bd734d4f93a2571a413dcb9d56c1fcaacc7,,,29b3a5dfdcbe10df955a64709150782447828891,,OCCURRENCE,,,2009-09-19,2009,9,19,,,,,,,,,,,,,,,,
c32e2a1d4f6e3fbd3b594ac3d126dacc3e6e4d20,,,29b3a5dfdcbe10df955a64709150782447828891,,OCCURRENCE,,,2009-09-16,2009,9,16,,,,,,,,,,,,,,,,
d5d18f582c6e3a8eedaf48a12d5f8bf1e8a3c3d5,,,be6634c56685b6c433ba1dcfb7a190cd95ad9639,,OCCURRENCE,,,2009-07-17,2009,7,17,,,,,,,,,,,,,,,,
c97db197a1487a3c198fc417ed7d621e2675bd8c,,,29b3a5dfdcbe10df955a64709150782447828891,,OCCURRENCE,,,2009-07-18,2009,7,18,,,,,,,,,,,,,,,,
5928a61eb4f39647b5de31b795d4d6542d7b772e,,,fdb1b8101942f9e092c1b54dcb8f19fa491fc32a,,OCCURRENCE,,,2010-12-09,2010,12,9,,,,,,,,,,,,,,,,
57a042ff4600928c4a513ff789e21aa4db8e5526,,,fdb1b8101942f9e092c1b54dcb8f19fa491fc32a,,OCCURRENCE,,,2010-04-06,2010,4,6,,,,,,,,,,,,,,,,
60fc91ec301b959bf284224f46c584b276df494a,,,be6634c56685b6c433ba1dcfb7a190cd95ad9639,,OCCURRENCE,,,2009-01-23,2009,1,23,,,,,,,,,,,,,,,,
6d3f69c7a400537e4c0754df3c7bf0cc2dd644e6,,,be6634c56685b6c433ba1dcfb7a190cd95ad9639,,OCCURRENCE,,,2009-03-10,2009,3,10,,,,,,,,,,,,,,,,
8789a0e9154d08c1a4d6601acb7075266da429cf,,,be6634c56685b6c433ba1dcfb7a190cd95ad9639,,OCCURRENCE,,,2009-01-20,2009,1,20,,,,,,,,,,,,,,,,
22b428b21bb2cbfd43c12f4652b665df1a6e8906,,,552a30da07886059ad677fd85b295ae8bb85cfd9,,OCCURRENCE,,,2009-03-12,2009,3,12,,,,,,,,,,,,,,,,
2c3b8157cbc7a2dd2e61f59b089340e5ddd38b5b,,,be6634c56685b6c433ba1dcfb7a190cd95ad9639,,OCCURRENCE,,,2009-03-13,2009,3,13,,,,,,,,,,,,,,,,
f394b5833f25399e4064a4225eb1329913474109,,,be6634c56685b6c433ba1dcfb7a190cd95ad9639,,OCCURRENCE,,,2009-05-22,2009,5,22,,,,,,,,,,,,,,,,
729f50ef5491843feffacff1ef3ddfcafde0a418,,,be6634c56685b6c433ba1dcfb7a190cd95ad9639,,OCCURRENCE,,,2009-11-20,2009,11,20,,,,,,,,,,,,,,,,
4771154cfaf30a1adcb264d6e650506e5fe403e9,,,be6634c56685b6c433ba1dcfb7a190cd95ad9639,,OCCURRENCE,,,2009-09-18,2009,9,18,,,,,,,,,,,,,,,,
042a971f4a2e3d7933d23b72ae8e9a35c386dee6,,,552a30da07886059ad677fd85b295ae8bb85cfd9,,OCCURRENCE,,,2009-01-19,2009,1,19,,,,,,,,,,,,,,,,
9256955f948671e312b31ab1cdc0d3a2dfd410fb,,,552a30da07886059ad677fd85b295ae8bb85cfd9,,OCCURRENCE,,,2009-09-17,2009,9,17,,,,,,,,,,,,,,,,
c671ac6db5c7eb2712ec2cfa5c8ba0b4573fe080,,,552a30da07886059ad677fd85b295ae8bb85cfd9,,OCCURRENCE,,,2009-01-22,2009,1,22,,,,,,,,,,,,,,,,
770bf2b866d88d0cf6b221871171098e05e9d24d,,,be6634c56685b6c433ba1dcfb7a190cd95ad9639,,OCCURRENCE,,,2009-05-19,2009,5,19,,,,,,,,,,,,,,,,
d590a026df1ae8fe0ecd3821d4ef3e6c02224fdd,,,552a30da07886059ad677fd85b295ae8bb85cfd9,,OCCURRENCE,,,2009-11-16,2009,11,16,,,,,,,,,,,,,,,,
afe1b2e2e745325f4378600248ef3c425cee3eb8,,,be6634c56685b6c433ba1dcfb7a190cd95ad9639,,OCCURRENCE,,,2009-11-17,2009,11,17,,,,,,,,,,,,,,,,
7381987a0211301877e7da99925a5ae4028e6664,,,552a30da07886059ad677fd85b295ae8bb85cfd9,,OCCURRENCE,,,2010-02-02,2010,2,2,,,,,,,,,,,,,,,,
4f414381db1ceffd311b31287dbd8fc9b90e2dd3,,,12be7d491639cd5283ac971d4d4f91264f349fd4,,OCCURRENCE,,,1990-01-02,1990,1,2,,,,,,,,,,,,,,,,
b9d0aff00ae1a584a6df0aac2e9574d1861eed69,,,d9b78459b6029db1e914e82f008d62e6dfec0a8b,,OCCURRENCE,,,2010-02-02,2010,2,2,,,,,,,,,,,,,,,,
646b2d31da3e1c8564e49da070d883ff1159cbe8,,,dff1a5995821d967a7154ee5acf7da85d7af30b0,,OCCURRENCE,,,2013-08-08,2013,8,8,,,,,,,,,,,,,,,,
fc95ae55e219a14567256200d7fce5f572f22e29,,,636981bf994eeb5e79ed4796dba8863a66ebc45c,,OCCURRENCE,,,2019-02-12,2019,2,12,,,,,,,,,,,,,,,,
c876ab4bd88f5691d7bbf3b2989648686787ffde,,,23ea43fea75bf7491c3febe2cc95d3643b74f3d2,,OCCURRENCE,,,2019-02-13,2019,2,13,,,,,,,,,,,,,,,,
d229ea65aec4a61e458af7fa3671cbc2a98bf2c5,,,846b3c9276b47b16f13708efc874143576c11db4,,OCCURRENCE,,,2018-01-03,2018,1,3,,,,,,,,,,,,,,,,
89c389722f5e423edab5e012ebcea6a26cb4b7b8,,,2c8a7532bd2d1700b291f86bc68bb6acebed7c49,,OCCURRENCE,,,2018-09-25,2018,9,25,,,,,,,,,,,,,,,,
8a551d2188e888ca6c8a81af5a9f001943aeaf5d,,,43a524b69a7d28a9bccdc048cd585ced7ddfd0f6,,OCCURRENCE,,,2018-09-25,2018,9,25,,,,,,,,,,,,,,,,
112e1c271eac368f8dfcee2ac2e3885586868dfb,,,82859365b8e9f1a92e46bed197e17c925f82e730,,OCCURRENCE,,,2019-04-28,2019,4,28,,,,,,,,,,,,,,,,
85e88701fab5940e589cfd5823d1c059e78431dd,,,82859365b8e9f1a92e46bed197e17c925f82e730,,OCCURRENCE,,,2019-05-02,2019,5,2,,,,,,,,,,,,,,,,
503da28d7aad6a4a2d14721d0f03b89dec1e348b,,,82859365b8e9f1a92e46bed197e17c925f82e730,,OCCURRENCE,,,2019-05-03,2019,5,3,,,,,,,,,,,,,,,,
61884c7636a1dce239a41d4b8ddc2ee7cf9daeb5,,,82859365b8e9f1a92e46bed197e17c925f82e730,,OCCURRENCE,,,2019-05-01,2019,5,1,,,,,,,,,,,,,,,,
12a85ca404cb8b0a0f80a431c2e4b57e810fa48c,,,ca7add9800e0976e633c2f483e706bc1e953b2ac,,OCCURRENCE,,,2013-08-03,2013,8,3,,,,,,,,,,,,,,,,
815f88088325300815517c89681cf2b05a7c9bb3,,,4b27b4fcd2a7949b9646b1c213e1ffaf22cd456c,,OCCURRENCE,,,2019-05-04,2019,5,4,,,,,,,,,,,,,,,,
0f974924065035be7e0268710d2c9655f191fe3b,,,e4e642ffbc0f077176550963e360a5a8bfd8fbac,,OCCURRENCE,,,2019-05-05,2019,5,5,,,,,,,,,,,,,,,,
1a9037932e6bc85ad32838cb5cfe0495d2297563,,,887401f1f187e4b69312e4e3804cb87670a6fe9d,,OCCURRENCE,,,2019-04-18,2019,4,18,,,,,,,,,,,,,,,,
5614bf7f44945548764439b58f7193a0c341e8a1,,,7e9c39406c5ddc68582129997e9ce538c4585dc5,,OCCURRENCE,,,2019-07-17,2019,7,17,,,,,,,,,,,,,,,,
d8c4cfcee588896fa3fb9c6c3be5d27420115892,,,ebdfbe41266a9c2a16a9f75686f715310220c3d3,,OCCURRENCE,,,2020-01-03,2020,1,3,,,,,,,,,,,,,,,,
fc2d805c1b4b55ea5badef0c55783f8e48773183,,,af94929a468b115bdc2eeabbd5afd1b1658f0a7a,,OCCURRENCE,,,2020-01-14,2020,1,14,,,,,,,,,,,,,,,,
46f0e7726c29866bc7addd3f8c72d7ab03eba898,,,0142ba261135d6cbea0713944594e307f7291479,,OCCURRENCE,,,2020-01-18,2020,1,18,,,,,,,,,,,,,,,,
e1c888dc061747f4db22dbfd8c885cd9c50d91ee,,,ee11d21f7e53a21b0af7a72df0be67d22dbd887d,,OCCURRENCE,,,2015-09-26,2015,9,26,,,,,,,,,,,,,,,,
27b1502dfa9510f1dcd3a7e4bac7ead4a62f4435,,,cc53ab9e42fe70ee849b39703291c05d1c4904ae,,OCCURRENCE,,,2020-03-04,2020,3,4,,,,,,,,,,,,,,,,
d1d665b0bece3ec1331f20190892bbd0cf556f2a,,,4f94dff2e3449809de9fdb99de7da606f8949e71,,OCCURRENCE,,,2020-03-04,2020,3,4,,,,,,,,,,,,,,,,
7499ab537caececfc8ed96c7e19a18b870ee95f4,,,a88be2d70608fc5ae83084dc5fe18daf1554c7df,,OCCURRENCE,,,2020-03-04,2020,3,4,,,,,,,,,,,,,,,,
2fdb90e355ff603c1ec1a9918353a1d25a54a6dd,,,829795e246a33d6f2217d792c980b892ad882763,,OCCURRENCE,,,2020-03-04,2020,3,4,,,,,,,,,,,,,,,,
17550a657a227de1bfa4ec1ee09d5e9cdfa96d6d,,,51d00239678f609bd88827b5b5e7cd20bd6f2d02,,OCCURRENCE,,,2020-03-06,2020,3,6,,,,,,,,,,,,,,,,
9e66d162525b108a955615e8179ab0b3a2143715,,,bc6448ea6572faeda3511356e82e249e78e79239,,OCCURRENCE,,,2020-03-06,2020,3,6,,,,,,,,,,,,,,,,
de593d7b520fe7e980dfb7087aaf957053b66d51,,,48fb87f202ddd1ff3bb3db15b12e1e108630d4e4,,OCCURRENCE,,,2020-03-20,2020,3,20,,,,,,,,,,,,,,,,
12cf9b226ec335c33d080c026fe0aa025898b234,,,2a9f2d0bbfd300f2735bf6976309d5a1c40e88ca,,OCCURRENCE,,,2021-11-17,2021,11,17,,,,,,,,,,,,,,,,
6ffc43e393f3832668d5be12ca556aa658ac867b,,,a94535b4fb1e33fc388725767f510411682428a2,,OCCURRENCE,,,2021-11-16,2021,11,16,,,,,,,,,,,,,,,,
1b82874fd7b277b73496101a36e941091cdff9f3,,,6e91cfc6c6aefe8818e6d48a34f592623cfd88e2,,OCCURRENCE,,,2021-11-16,2021,11,16,,,,,,,,,,,,,,,,
3251f2cf1d9466a7d3f391defae83ba5668ec02f,,,5ab17bdcb41c8959635ebb07f36ccfa99942be1e,,OCCURRENCE,,,2021-11-18,2021,11,18,,,,,,,,,,,,,,,,
cb43f58113c6921cbfe4ff405ce1d6a90cd67baa,,,91bff54c36431a30e9ccdabd4605c26ace461639,,OCCURRENCE,,,2021-11-18,2021,11,18,,,,,,,,,,,,,,,,
eff1a545abddd11832d3d2809b3626cd27decaa9,,,b2fd1af23cf090a1dd7de516e9f472d3c5cfb444,,OCCURRENCE,,,2022-01-26,2022,1,26,,,,,,,,,,,,,,,,
ff2c9e3649339d9d9e59c674ae971f8ef9d00556,,,0255a4365dee6144878c7cc70ba2954f5cf66d4e,,OCCURRENCE,,,2022-01-26,2022,1,26,,,,,,,,,,,,,,,,
82dbdd6699962005742c041afd0a1c9d80e4bf4b,,,8abf3d06c07b4373d927959dd0fd4dd5502c510d,,OCCURRENCE,,,2022-01-26,2022,1,26,,,,,,,,,,,,,,,,
9a59629c89804c59c212c282403e8f39135d3c77,,,2a03f5363c2b05440a235d40c5f259f46b4efb74,,OCCURRENCE,,,2022-04-11,2022,4,11,,,,,,,,,,,,,,,,
9579a5edd93a82429574d1650dc3fe87daaae7b4,,,f0f9effdf27be759249f33d9302066a5ae305fc0,,OCCURRENCE,,,2022-04-12,2022,4,12,,,,,,,,,,,,,,,,
1a2f284ad9aec132909efe992977ccf7dab54ea7,,,9084e0659918de11e0810c230c50ac75b11619a1,,OCCURRENCE,,,2022-04-15,2022,4,15,,,,,,,,,,,,,,,,
af8c824b84e65135aeaa8e890a452c47b4a55a54,,,7e9c39406c5ddc68582129997e9ce538c4585dc5,,OCCURRENCE,,,2020-06-01,2020,6,1,,,,,,,,,,,,,,,,
bc6aec8a64308c714ef29cb40589a758d1b6b4a6,,,7e9c39406c5ddc68582129997e9ce538c4585dc5,,OCCURRENCE,,,2020-06-02,2020,6,2,,,,,,,,,,,,,,,,
b668be7df8216b4dafa8590e60e7e9b9652e0645,,,7e9c39406c5ddc68582129997e9ce538c4585dc5,,OCCURRENCE,,,2020-10-06,2020,10,6,,,,,,,,,,,,,,,,
5a5827b4dff3cdc7d9acd08ec3f8d518c3a1882a,,,100d2d2b702463296601258626ea2e81bdc3e56a,,OCCURRENCE,,,2013-01-21,2013,1,21,,,,,,,,,,,,,,,,
f59f7eb40585048b67364e4319376d6700862b94,,,fe374820f0e731b99a4dbf7132644f661cf80c1a,,OCCURRENCE,,,2013-07-08,2013,7,8,,,,,,,,,,,,,,,,
d79d2498b0d1a6763efd74dad345ae68ea9769f0,,,c34717a3feff0fd1390e9948352f3777ab06fc09,,OCCURRENCE,,,1990-01-16,1990,1,16,,,,,,,,,,,,,,,,
50d09fcba2f36c9be0fa78394135f090f9df63ea,,,29b3a5dfdcbe10df955a64709150782447828891,,OCCURRENCE,,,2009-03-14,2009,3,14,,,,,,,,,,,,,,,,
47a7b1782f901fad4e0f1ecbd01f0a999b811e77,,,b483c13b21c6a8953a1b7d064783b116257ee207,,OCCURRENCE,,,1990-02-27,1990,2,27,,,,,,,,,,,,,,,,
f567c1a06c4bf3365852e5ead80ff5c50e5476e0,,,972f2607804e5978119b2d8c1dc4a1d4b88af7bc,,OCCURRENCE,,,1989-01-27,1989,1,27,,,,,,,,,,,,,,,,
6d07fa168f01f0de4d6bf8abeeffb830663b60f9,,,7fc0b58abb3931e7fc20e0d92a280d5a088c5e3e,,OCCURRENCE,,,2010-02-26,2010,2,26,,,,,,,,,,,,,,,,
2fc04927915b6d691f3c9e8bc3d7abd1d81919fd,,,e541b57f92a321cd4e2c9980f3537e7a3c185688,,OCCURRENCE,,,2010-02-11,2010,2,11,,,,,,,,,,,,,,,,
a102873e7b6a4376feb843834cc4ac3e6d7c59ec,,,5a61e634ec49d3919b83a13434809a009040ffa1,,OCCURRENCE,,,2010-04-12,2010,4,12,,,,,,,,,,,,,,,,
83f04b318101fd4dd8d7525b17843d90190c027b,,,552a30da07886059ad677fd85b295ae8bb85cfd9,,OCCURRENCE,,,2009-05-18,2009,5,18,,,,,,,,,,,,,,,,
0ae9533d261000aa94d4d5f1c6f80b11abf1673b,,,29b3a5dfdcbe10df955a64709150782447828891,,OCCURRENCE,,,2009-05-23,2009,5,23,,,,,,,,,,,,,,,,
2ce65de52682aa1d692d071a84d33c282375a681,,,29b3a5dfdcbe10df955a64709150782447828891,,OCCURRENCE,,,2009-05-20,2009,5,20,,,,,,,,,,,,,,,,
669348f0ec42988f85689c7276cfc38fd01b81fa,,,552a30da07886059ad677fd85b295ae8bb85cfd9,,OCCURRENCE,,,2009-05-21,2009,5,21,,,,,,,,,,,,,,,,
049d55e9756653f95b2abe17a73cf39cb6327dc2,,,29b3a5dfdcbe10df955a64709150782447828891,,OCCURRENCE,,,2009-03-11,2009,3,11,,,,,,,,,,,,,,,,
958260ad0dd36142ee50914e51b12660d94e77ca,,,fb7bc71b84dc9f961e5538c6dc0bfa7d98e5f671,,OCCURRENCE,,,1989-11-22,1989,11,22,,,,,,,,,,,,,,,,
3d443b6c5206a1845e51b6330dc7bb96a4baa3ac,,,552a30da07886059ad677fd85b295ae8bb85cfd9,,OCCURRENCE,,,2009-03-09,2009,3,9,,,,,,,,,,,,,,,,
0532d2565a670d633b587bd1b863ab5605c84f8d,,,a571a8616ce72df18327398f71816bcf77783a9f,,OCCURRENCE,,,2012-02-18,2012,2,18,,,,,,,,,,,,,,,,
b2c0692f98fb399a53c84e87822ef6a44ba1ba6a,,,cde912c41a95845c4f0f9ff16dbbdace95e5d818,,OCCURRENCE,,,2010-05-01,2010,5,1,,,,,,,,,,,,,,,,
57366ec14ded7f7ba94a4ecb5975de6af17794e0,,,45812b174302b1c11c3c963886492a69d86f329f,,OCCURRENCE,,,2010-04-27,2010,4,27,,,,,,,,,,,,,,,,
af0ce496d1036a6a098a3c002b076c4372b08627,,,29b3a5dfdcbe10df955a64709150782447828891,,OCCURRENCE,,,2009-11-18,2009,11,18,,,,,,,,,,,,,,,,
3caaaa91f2652cf089ff70e1f7f73dbeb4a78382,,,bbf63c1f80240bdea2fa7ea57566c5182f25cbdb,,OCCURRENCE,,,2010-05-02,2010,5,2,,,,,,,,,,,,,,,,
7b34e4fa3c16375845e32bb7bcfafd8d4db5e5cf,,,e4af690022a6f8ef85e9c7adb4742480c6e8f1a1,,OCCURRENCE,,,2010-02-24,2010,2,24,,,,,,,,,,,,,,,,
e9816657c0cb9dec5b142c4da51f37e329c37f3b,,,29b3a5dfdcbe10df955a64709150782447828891,,OCCURRENCE,,,2009-01-24,2009,1,24,,,,,,,,,,,,,,,,
a93ae87e286a864831d348204c4fa6e479b0ebcb,,,6373dd6f9b2ea9e1aea65aac8ac3324a4ceb7f90,,OCCURRENCE,,,2010-12-10,2010,12,10,,,,,,,,,,,,,,,,
5f758c5389a7aa80ffc12c84dc1ff0b57d95df0a,,,cc4de92cd1588b29deb6da4777db29598aaa1caf,,OCCURRENCE,,,2010-04-15,2010,4,15,,,,,,,,,,,,,,,,
7cbba51959ae2be730609e065f3dd9138d024960,,,e565c18e0c2df0cb8e65de9c81512b5572da12d1,,OCCURRENCE,,,2013-07-29,2013,7,29,,,,,,,,,,,,,,,,
fcd1fd9e4779d7701692a48125b5707c60dceb6d,,,7fc0b58abb3931e7fc20e0d92a280d5a088c5e3e,,OCCURRENCE,,,2010-04-27,2010,4,27,,,,,,,,,,,,,,,,
c2963207ca6b733f283f270e1fd7f6e5de30dd24,,,dff1a5995821d967a7154ee5acf7da85d7af30b0,,OCCURRENCE,,,2013-02-06,2013,2,6,,,,,,,,,,,,,,,,
0ae4da62f20626f050e74c89ab24c4e3b39775ac,,,45812b174302b1c11c3c963886492a69d86f329f,,OCCURRENCE,,,2010-02-26,2010,2,26,,,,,,,,,,,,,,,,
7cdd725e013f0e26805f58c6fbd724acbfa6d42d,,,dff1a5995821d967a7154ee5acf7da85d7af30b0,,OCCURRENCE,,,2013-03-06,2013,3,6,,,,,,,,,,,,,,,,
3bf684be2eea2eabb357fb5b1a117b514e7faa33,,,ae8035f984b7f698be9fba1b7ee35043406801a0,,OCCURRENCE,,,2010-04-29,2010,4,29,,,,,,,,,,,,,,,,
0da42d691fe7145398c25ebc2e08d53002c27396,,,100d2d2b702463296601258626ea2e81bdc3e56a,,OCCURRENCE,,,2013-02-15,2013,2,15,,,,,,,,,,,,,,,,
821deb3f49e56d8edc6e588537681b1051ae8840,,,2d615996fc349d2d80b5704adf80f61fb00b16e2,,OCCURRENCE,,,2013-02-17,2013,2,17,,,,,,,,,,,,,,,,
fc70b8919cf9c1cbc601f04d7e04955d3fb08e6e,,,956ba4e17f3520fac3ba6c3d3de520528adb0d58,,OCCURRENCE,,,2010-03-02,2010,3,2,,,,,,,,,,,,,,,,
08548d1467a12588ec0121a81652a283c63b4e55,,,2631313e559e96263581190a25339d71dd2013ad,,OCCURRENCE,,,2013-02-19,2013,2,19,,,,,,,,,,,,,,,,
466e97014774d7cba5388bea92fc1334d2f505e1,,,cde912c41a95845c4f0f9ff16dbbdace95e5d818,,OCCURRENCE,,,2010-11-18,2010,11,18,,,,,,,,,,,,,,,,
96e8bbd93bfeea794182ad3abc795ae470e95417,,,3ee92a503da9cf6fb540534d9f089cdadf7c6a42,,OCCURRENCE,,,2013-08-28,2013,8,28,,,,,,,,,,,,,,,,
b2b847cc57c99a40254b313e1827e4928d8fb692,,,ca7add9800e0976e633c2f483e706bc1e953b2ac,,OCCURRENCE,,,2013-02-22,2013,2,22,,,,,,,,,,,,,,,,
e1fb39c4acab67e6e95dd51aa91a2a839306ca6b,,,e541b57f92a321cd4e2c9980f3537e7a3c185688,,OCCURRENCE,,,2010-04-16,2010,4,16,,,,,,,,,,,,,,,,
1a2ebd51652d0ef3932db18b10bf0d3ecb57ea61,,,2422a903d46a76720e32bf31a02ac8d770588a11,,OCCURRENCE,,,2010-12-11,2010,12,11,,,,,,,,,,,,,,,,
92eb0d03a5971cda84808cf3222b963f4eb4b872,,,39e9bc86f8294333b316d33d5704810bbbab0abe,,OCCURRENCE,,,2010-12-11,2010,12,11,,,,,,,,,,,,,,,,
7be53ec9fcf323aa9ae583ac678576b3bebc9c6d,,,c6fe78a0941c3e63c26c74466071459b163414c8,,OCCURRENCE,,,2010-12-12,2010,12,12,,,,,,,,,,,,,,,,
6ebac8db5aaeef198000e2d21bc11c2fa2610023,,,cc4de92cd1588b29deb6da4777db29598aaa1caf,,OCCURRENCE,,,2010-12-15,2010,12,15,,,,,,,,,,,,,,,,
b68cc4b9cfd0cc31dac9233d9737c118670c688e,,,cc4de92cd1588b29deb6da4777db29598aaa1caf,,OCCURRENCE,,,2010-04-16,2010,4,16,,,,,,,,,,,,,,,,
490d634c0412672b477bed5f0c7bd5e12a9e560d,,,d01b78de2650039ecca4a25a112eea0f72f36371,,OCCURRENCE,,,2010-04-16,2010,4,16,,,,,,,,,,,,,,,,
0af802607c22b02efeeefe7104d232abab38c675,,,2422a903d46a76720e32bf31a02ac8d770588a11,,OCCURRENCE,,,2010-04-12,2010,4,12,,,,,,,,,,,,,,,,
bf6d320dc2d82901b8267215f72c314a604d370b,,,2422a903d46a76720e32bf31a02ac8d770588a11,,OCCURRENCE,,,2010-04-09,2010,4,9,,,,,,,,,,,,,,,,
bcff86a563667d6c0546afe0f3a3e1bc9ae87e57,,,e541b57f92a321cd4e2c9980f3537e7a3c185688,,OCCURRENCE,,,2010-04-15,2010,4,15,,,,,,,,,,,,,,,,
fde923de44891408ec0987b3219182df347a5bd9,,,cc4de92cd1588b29deb6da4777db29598aaa1caf,,OCCURRENCE,,,2010-02-07,2010,2,7,,,,,,,,,,,,,,,,
0ad2e6f8a1817c5eb7e853235f0228dc6656de14,,,39e9bc86f8294333b316d33d5704810bbbab0abe,,OCCURRENCE,,,2010-04-09,2010,4,9,,,,,,,,,,,,,,,,
649c0af26c4a4045b1a9d7dff863937f40e840cb,,,2422a903d46a76720e32bf31a02ac8d770588a11,,OCCURRENCE,,,2010-02-12,2010,2,12,,,,,,,,,,,,,,,,
cc671c9b1594dde718765ffac5b5c0441ee9765e,,,ca7add9800e0976e633c2f483e706bc1e953b2ac,,OCCURRENCE,,,2013-03-18,2013,3,18,,,,,,,,,,,,,,,,
97b2ff3f3be6cbbadfd2478083b2451cbb5cdcf7,,,552a30da07886059ad677fd85b295ae8bb85cfd9,,OCCURRENCE,,,2009-07-16,2009,7,16,,,,,,,,,,,,,,,,
82b4721d2dc043186adb228c0897bf02191de586,,,3ee92a503da9cf6fb540534d9f089cdadf7c6a42,,OCCURRENCE,,,2013-02-23,2013,2,23,,,,,,,,,,,,,,,,
a5ec69d0c61e9abe9c688a39f14dcf2e666642e8,,,fe374820f0e731b99a4dbf7132644f661cf80c1a,,OCCURRENCE,,,2013-04-17,2013,4,17,,,,,,,,,,,,,,,,
3093edadbf65e07b8a10927367ff6ebe63a4474c,,,3ee92a503da9cf6fb540534d9f089cdadf7c6a42,,OCCURRENCE,,,2013-07-13,2013,7,13,,,,,,,,,,,,,,,,
93b03a2bafc5364952dff1672ac32799a05bc853,,,ca7add9800e0976e633c2f483e706bc1e953b2ac,,OCCURRENCE,,,2013-04-18,2013,4,18,,,,,,,,,,,,,,,,
d18177c8f6078e5ee89d1c371d34a3681ba74201,,,100d2d2b702463296601258626ea2e81bdc3e56a,,OCCURRENCE,,,2013-07-11,2013,7,11,,,,,,,,,,,,,,,,
f8e3140edc92a29fdc580ca07925c9a1443e1fe5,,,f22eae97b3ae0b503ed9bacda7d99c1dc424f3b5,,OCCURRENCE,,,2013-07-24,2013,7,24,,,,,,,,,,,,,,,,
facd0f8b36a852083116a7fec659df7652018609,,,552a30da07886059ad677fd85b295ae8bb85cfd9,,OCCURRENCE,,,2009-07-13,2009,7,13,,,,,,,,,,,,,,,,
c288a00393ae797e5ec4f9c949096acc34b546cf,,,29f7b199eb17cbb422ea50fb99abafb6f7505e0c,,OCCURRENCE,,,2010-04-12,2010,4,12,,,,,,,,,,,,,,,,
3fbf9ae747332a419b0cbe160e55dab261485bb8,,,29f7b199eb17cbb422ea50fb99abafb6f7505e0c,,OCCURRENCE,,,2010-04-11,2010,4,11,,,,,,,,,,,,,,,,
35faab08f03eeaf779c13a4e9abd14c4abf10c75,,,39e9bc86f8294333b316d33d5704810bbbab0abe,,OCCURRENCE,,,2010-04-14,2010,4,14,,,,,,,,,,,,,,,,
4e7fc20024b998326202d5d3ee2ea47c1379ad9f,,,29f7b199eb17cbb422ea50fb99abafb6f7505e0c,,OCCURRENCE,,,2010-04-14,2010,4,14,,,,,,,,,,,,,,,,
b2bb6a35c33332ba254e40e6734e0ecdaede99b1,,,c6fe78a0941c3e63c26c74466071459b163414c8,,OCCURRENCE,,,2010-04-12,2010,4,12,,,,,,,,,,,,,,,,
8801ee3c4c9b55111382d869ece34bd98e02e604,,,95570693bdd577291fc6aac2c25512331cc69eef,,OCCURRENCE,,,2010-04-07,2010,4,7,,,,,,,,,,,,,,,,
05ee9217664c055f6dc70062873193b6ebecfc81,,,2631313e559e96263581190a25339d71dd2013ad,,OCCURRENCE,,,2013-01-22,2013,1,22,,,,,,,,,,,,,,,,
44a4459c1befcfc661ecd32942e46f9459871a57,,,7d764ec64a7a4b0748f9b0c124fd225958d15421,,OCCURRENCE,,,2011-12-30,2011,12,30,,,,,,,,,,,,,,,,
93e8326d47e136bc8f5f562cdcef9a6a3acd2511,,,ae8035f984b7f698be9fba1b7ee35043406801a0,,OCCURRENCE,,,2010-03-01,2010,3,1,,,,,,,,,,,,,,,,
f65e8e15d665e929255499ecb59cb36ce5a573d2,,,fdf6edbdbaea3fd2323cd1d9f970d37f26d3a005,,OCCURRENCE,,,2010-04-28,2010,4,28,,,,,,,,,,,,,,,,
5be321d6b228d3968443caff103efef57a93c0d4,,,9d3c6934803fc8b0dc7153a7c4b266ef1e5f46b1,,OCCURRENCE,,,2010-04-08,2010,4,8,,,,,,,,,,,,,,,,
6c4a5dfb68c7036bf459de3a22506851e39ab48b,,,d9b78459b6029db1e914e82f008d62e6dfec0a8b,,OCCURRENCE,,,2010-04-06,2010,4,6,,,,,,,,,,,,,,,,
db55605586d839ec4440dc09432b535f10c25178,,,050f618e9372d404b3f6222300f4fba55a38ea6a,,OCCURRENCE,,,2010-04-06,2010,4,6,,,,,,,,,,,,,,,,
12becac93c34d8a422a09b07aadaed0a8aa88533,,,6373dd6f9b2ea9e1aea65aac8ac3324a4ceb7f90,,OCCURRENCE,,,2010-04-18,2010,4,18,,,,,,,,,,,,,,,,
cb5e216ee38d7b7720daedde82d6b0551926aff6,,,d9b78459b6029db1e914e82f008d62e6dfec0a8b,,OCCURRENCE,,,2010-04-09,2010,4,9,,,,,,,,,,,,,,,,
5c9fb6ae65082f55ed8c912eb2f9a66f63f970c2,,,050f618e9372d404b3f6222300f4fba55a38ea6a,,OCCURRENCE,,,2010-04-11,2010,4,11,,,,,,,,,,,,,,,,
76cadea28c450ff7c189f14d7088631588e722e5,,,95570693bdd577291fc6aac2c25512331cc69eef,,OCCURRENCE,,,2010-04-09,2010,4,9,,,,,,,,,,,,,,,,
46a5f3a5bf59028688386b6009aea45aa5ef520b,,,9d3c6934803fc8b0dc7153a7c4b266ef1e5f46b1,,OCCURRENCE,,,2010-04-04,2010,4,4,,,,,,,,,,,,,,,,
6d97526b28a733f677cb37eb1fb83fd0bbf45f4a,,,ae8035f984b7f698be9fba1b7ee35043406801a0,,OCCURRENCE,,,2010-11-17,2010,11,17,,,,,,,,,,,,,,,,
fa747c99afaf1ad6392a0a36e1c95ead6b54bef5,,,6373dd6f9b2ea9e1aea65aac8ac3324a4ceb7f90,,OCCURRENCE,,,2010-04-09,2010,4,9,,,,,,,,,,,,,,,,
685f92d3a78237801895a148217e89c20a6a1a7e,,,d9b78459b6029db1e914e82f008d62e6dfec0a8b,,OCCURRENCE,,,2010-02-03,2010,2,3,,,,,,,,,,,,,,,,
83527a1c1c2e8bf4f2259131f4fece722d8a3db5,,,7362fed6f54b7e9fbd3ff2e65cd564c94631e5ad,,OCCURRENCE,,,2010-02-28,2010,2,28,,,,,,,,,,,,,,,,
ea51a9ea8ca91129033805dba5935269b45e4f38,,,d085c8d666080dbe9d195b403e0fb45edebf66d2,,OCCURRENCE,,,2010-03-02,2010,3,2,,,,,,,,,,,,,,,,
5b9258fc20275d635a87245d56d3808571c08c64,,,bbf63c1f80240bdea2fa7ea57566c5182f25cbdb,,OCCURRENCE,,,2010-02-23,2010,2,23,,,,,,,,,,,,,,,,
9e1466222de0130ca56085fd1bd5d1b5967750cf,,,e4af690022a6f8ef85e9c7adb4742480c6e8f1a1,,OCCURRENCE,,,2010-04-28,2010,4,28,,,,,,,,,,,,,,,,
4ab361ed152859d793c581b3a209587db81cca2b,,,956ba4e17f3520fac3ba6c3d3de520528adb0d58,,OCCURRENCE,,,2010-05-08,2010,5,8,,,,,,,,,,,,,,,,
7d968a7df154de41d3e6d8350e37dadae6330467,,,95570693bdd577291fc6aac2c25512331cc69eef,,OCCURRENCE,,,2010-02-02,2010,2,2,,,,,,,,,,,,,,,,
4e6674ae460e5806d6dad7b0049d87380d55ae00,,,6373dd6f9b2ea9e1aea65aac8ac3324a4ceb7f90,,OCCURRENCE,,,2010-04-11,2010,4,11,,,,,,,,,,,,,,,,
f8427995a4f6f0611a781e0fc1e8781552c6c7d1,,,9d3c6934803fc8b0dc7153a7c4b266ef1e5f46b1,,OCCURRENCE,,,2010-02-03,2010,2,3,,,,,,,,,,,,,,,,
4f38133ddf369106c8e2b2edb7c62a743a0c042d,,,fdb1b8101942f9e092c1b54dcb8f19fa491fc32a,,OCCURRENCE,,,2010-02-03,2010,2,3,,,,,,,,,,,,,,,,
b6f8a4e3568d8c596cfba85c8d3676ac6661cb5d,,,cde912c41a95845c4f0f9ff16dbbdace95e5d818,,OCCURRENCE,,,2010-02-23,2010,2,23,,,,,,,,,,,,,,,,
569b9fd058e310979b03841cd5dc9c8660982913,,,9d3c6934803fc8b0dc7153a7c4b266ef1e5f46b1,,OCCURRENCE,,,2010-04-07,2010,4,7,,,,,,,,,,,,,,,,
06c8eb4e8ecae08657a50253cfd0894af8584a6e,,,2d615996fc349d2d80b5704adf80f61fb00b16e2,,OCCURRENCE,,,2013-01-23,2013,1,23,,,,,,,,,,,,,,,,
90ed5fa45d22d3bca1ce74c9ab25de9501cd930a,,,35ba3a804cd866498be9c9c7b292d6a2fd48ab27,,OCCURRENCE,,,2010-02-08,2010,2,8,,,,,,,,,,,,,,,,
c7253e6c978be83b3ea7fc8b754aa6915049e8d0,,,35ba3a804cd866498be9c9c7b292d6a2fd48ab27,,OCCURRENCE,,,2010-04-11,2010,4,11,,,,,,,,,,,,,,,,
8cf366a04252b1d852b875df6591dd854e0342ef,,,dff1a5995821d967a7154ee5acf7da85d7af30b0,,OCCURRENCE,,,2013-06-30,2013,6,30,,,,,,,,,,,,,,,,
9000d4b23535e8c2039b07caa09e411b1c532c18,,,dff1a5995821d967a7154ee5acf7da85d7af30b0,,OCCURRENCE,,,2013-04-15,2013,4,15,,,,,,,,,,,,,,,,
daf4299271f60c591f8839d6e49267ada7450bc7,,,ca7add9800e0976e633c2f483e706bc1e953b2ac,,OCCURRENCE,,,2013-07-07,2013,7,7,,,,,,,,,,,,,,,,
cdaa99946ae5eab83b92c4b74d050e182f808fec,,,e565c18e0c2df0cb8e65de9c81512b5572da12d1,,OCCURRENCE,,,2013-04-27,2013,4,27,,,,,,,,,,,,,,,,
41d1bcfa9148e3a81357c25ebd626f32772e865c,,,fe374820f0e731b99a4dbf7132644f661cf80c1a,,OCCURRENCE,,,2013-02-05,2013,2,5,,,,,,,,,,,,,,,,
97d06e72af791f8dbf79274f00b09f9b01ca2316,,,fe374820f0e731b99a4dbf7132644f661cf80c1a,,OCCURRENCE,,,2013-10-05,2013,10,5,,,,,,,,,,,,,,,,
ec5d1e6cccabf82213bdccfa1a72a0b71aa21f55,,,ca7add9800e0976e633c2f483e706bc1e953b2ac,,OCCURRENCE,,,2013-10-04,2013,10,4,,,,,,,,,,,,,,,,
cfaee80ad86c0f09a55f3bbfea08adea123e0ebb,,,fdb1b8101942f9e092c1b54dcb8f19fa491fc32a,,OCCURRENCE,,,2010-02-02,2010,2,2,,,,,,,,,,,,,,,,
1452a48938381b3f5d0db147251a27e340432623,,,c6fe78a0941c3e63c26c74466071459b163414c8,,OCCURRENCE,,,2010-02-07,2010,2,7,,,,,,,,,,,,,,,,
c9748b22537d3acfaf5fcea791d9ea13ae19223e,,,d01b78de2650039ecca4a25a112eea0f72f36371,,OCCURRENCE,,,2010-02-08,2010,2,8,,,,,,,,,,,,,,,,
4b424a38736fad198f06389e267a9b22e5422e7a,,,3eeecbaf211eb4b1a22ec8ec000f69bb41d9bb74,,OCCURRENCE,,,2010-02-28,2010,2,28,,,,,,,,,,,,,,,,
0d7be608ab71e9fedfd49470b819f90a982371af,,,050f618e9372d404b3f6222300f4fba55a38ea6a,,OCCURRENCE,,,2010-04-08,2010,4,8,,,,,,,,,,,,,,,,
17ef9125b2badee4815641620aff0b40e80ed4a1,,,c6fe78a0941c3e63c26c74466071459b163414c8,,OCCURRENCE,,,2010-04-11,2010,4,11,,,,,,,,,,,,,,,,
21331561e95d7bd4f2b664f7d5cd7f5fd57fa71d,,,e565c18e0c2df0cb8e65de9c81512b5572da12d1,,OCCURRENCE,,,2013-10-21,2013,10,21,,,,,,,,,,,,,,,,
b4e3cd5eca96147601009b11ed4f37b51557cd72,,,2422a903d46a76720e32bf31a02ac8d770588a11,,OCCURRENCE,,,2010-04-11,2010,4,11,,,,,,,,,,,,,,,,
9d92d82aae4a086e24994152c4a8ece08f5ca513,,,ae8035f984b7f698be9fba1b7ee35043406801a0,,OCCURRENCE,,,2010-04-24,2010,4,24,,,,,,,,,,,,,,,,
54c4743101ec8392c106da6bc6561d51511982e0,,,956ba4e17f3520fac3ba6c3d3de520528adb0d58,,OCCURRENCE,,,2010-05-07,2010,5,7,,,,,,,,,,,,,,,,
319aa2563381a7bba7c6b6af28cedac4a7822aeb,,,45812b174302b1c11c3c963886492a69d86f329f,,OCCURRENCE,,,2010-05-08,2010,5,8,,,,,,,,,,,,,,,,
e5cbcfde7fef45aea60aeee0048cf5c8c22c3d8d,,,fdf6edbdbaea3fd2323cd1d9f970d37f26d3a005,,OCCURRENCE,,,2010-05-08,2010,5,8,,,,,,,,,,,,,,,,
d98af2a14c96e3c7d7951313d4fd3bdfa80b21ed,,,050f618e9372d404b3f6222300f4fba55a38ea6a,,OCCURRENCE,,,2010-04-12,2010,4,12,,,,,,,,,,,,,,,,
07366d04de02f9f49495ee271d2daa47abeee9e6,,,9d3c6934803fc8b0dc7153a7c4b266ef1e5f46b1,,OCCURRENCE,,,2010-12-08,2010,12,8,,,,,,,,,,,,,,,,
a6a85bb3d09f4b25d9ce8a33761773da80080775,,,95570693bdd577291fc6aac2c25512331cc69eef,,OCCURRENCE,,,2010-12-09,2010,12,9,,,,,,,,,,,,,,,,
ff0dcfe03582a30ad6d570080f4736d3e51cd459,,,c18bd00bef83c117a8830e9715737acdfa38b76a,,OCCURRENCE,,,1990-10-24,1990,10,24,,,,,,,,,,,,,,,,
3a7986bb21389b0a46646829ed29c9a0aa7e7666,,,d50493371d59b677000c9d15d18fe95e762dea94,,OCCURRENCE,,,1992-06-10,1992,6,10,,,,,,,,,,,,,,,,
f20c911b7006de67349dd05eeae0a411c3a47743,,,276f33cf6970c5e6d0e901826df14204875496c6,,OCCURRENCE,,,1988-11-22,1988,11,22,,,,,,,,,,,,,,,,
c7f90f03d4c8c041890d9e743ca05d24cd6c1f19,,,e4af690022a6f8ef85e9c7adb4742480c6e8f1a1,,OCCURRENCE,,,2010-05-08,2010,5,8,,,,,,,,,,,,,,,,
0c8667a1921fa359fbf2c559b11564c8b2cd53bb,,,f22eae97b3ae0b503ed9bacda7d99c1dc424f3b5,,OCCURRENCE,,,2013-10-19,2013,10,19,,,,,,,,,,,,,,,,
a1029e3f6f7fa210a6a776c4b83a2aef89ad470e,,,2631313e559e96263581190a25339d71dd2013ad,,OCCURRENCE,,,2013-10-22,2013,10,22,,,,,,,,,,,,,,,,
75f8a9654b9d7e7f9c4b20b2e26b3da3284355c0,,,e565c18e0c2df0cb8e65de9c81512b5572da12d1,,OCCURRENCE,,,2013-06-25,2013,6,25,,,,,,,,,,,,,,,,
06976cd6e520c9ed053653188f4899cbe0af0ff3,,,2d615996fc349d2d80b5704adf80f61fb00b16e2,,OCCURRENCE,,,2013-08-21,2013,8,21,,,,,,,,,,,,,,,,
b6014765e355c7729d9b0427bb64ef87bd4fd9ca,,,100d2d2b702463296601258626ea2e81bdc3e56a,,OCCURRENCE,,,2013-08-25,2013,8,25,,,,,,,,,,,,,,,,
bc010bd968dbf8905b7a2103bb53d7292ceb7016,,,e565c18e0c2df0cb8e65de9c81512b5572da12d1,,OCCURRENCE,,,2013-09-26,2013,9,26,,,,,,,,,,,,,,,,
ec68c1dfa916348b0baeffa6a190f824785d4125,,,f22eae97b3ae0b503ed9bacda7d99c1dc424f3b5,,OCCURRENCE,,,2013-09-19,2013,9,19,,,,,,,,,,,,,,,,
a4805ec07f48cfad4b05a9d8b102ba4ea3e84730,,,2631313e559e96263581190a25339d71dd2013ad,,OCCURRENCE,,,2013-09-27,2013,9,27,,,,,,,,,,,,,,,,
beb040a00b9c65c0bf5f0933a729e39f8a2d08f7,,,2422a903d46a76720e32bf31a02ac8d770588a11,,OCCURRENCE,,,2010-04-14,2010,4,14,,,,,,,,,,,,,,,,
c8578a3f4e1a79ba320f7c803c1004e650612299,,,c6fe78a0941c3e63c26c74466071459b163414c8,,OCCURRENCE,,,2010-04-09,2010,4,9,,,,,,,,,,,,,,,,
de093eaa7268e984e1512f39a0b33039bc473aef,,,6373dd6f9b2ea9e1aea65aac8ac3324a4ceb7f90,,OCCURRENCE,,,2010-02-04,2010,2,4,,,,,,,,,,,,,,,,
2209cf860d275af062f4939d180a130e77da2b67,,,7be876468ee74a5d7470ae8a3092bf308e2ef5e7,,OCCURRENCE,,,2011-12-30,2011,12,30,,,,,,,,,,,,,,,,
0067a45c9244bb3543348562efb349f46c95f600,,,d9b78459b6029db1e914e82f008d62e6dfec0a8b,,OCCURRENCE,,,2010-04-12,2010,4,12,,,,,,,,,,,,,,,,
09f61697ed9324e1c5cc94db115bd90806e0bf9e,,,d01b78de2650039ecca4a25a112eea0f72f36371,,OCCURRENCE,,,2010-02-07,2010,2,7,,,,,,,,,,,,,,,,
5d30f00af1dba6263947ab8b6d7d511c7f77c6e4,,,050f618e9372d404b3f6222300f4fba55a38ea6a,,OCCURRENCE,,,2010-02-03,2010,2,3,,,,,,,,,,,,,,,,
d8d7b3a415a41168d57a1444dd39a38886c4c41b,,,0325f7f1cbf9c2c04556d4bb92d129a4d507dd6b,,OCCURRENCE,,,2010-02-11,2010,2,11,,,,,,,,,,,,,,,,
e332ca91a8e1519c8103a8d78b143424bbf1519c,,,d01b78de2650039ecca4a25a112eea0f72f36371,,OCCURRENCE,,,2010-04-15,2010,4,15,,,,,,,,,,,,,,,,
6e51f97db3eadc9957f918f2cd38e740f2c0ae4b,,,c6fe78a0941c3e63c26c74466071459b163414c8,,OCCURRENCE,,,2010-04-14,2010,4,14,,,,,,,,,,,,,,,,
8b89ff36490be36ed31a400964955df0f1bbfcf6,,,9d3c6934803fc8b0dc7153a7c4b266ef1e5f46b1,,OCCURRENCE,,,2010-04-12,2010,4,12,,,,,,,,,,,,,,,,
da9205a0197beafe9e6d7a0fc1cf23f8d3c9d669,,,fdf6edbdbaea3fd2323cd1d9f970d37f26d3a005,,OCCURRENCE,,,2010-05-07,2010,5,7,,,,,,,,,,,,,,,,
e1d30d7af8ac0153711c8e74675f77ceab5fa1d8,,,45812b174302b1c11c3c963886492a69d86f329f,,OCCURRENCE,,,2010-05-09,2010,5,9,,,,,,,,,,,,,,,,
9c7ebe3fbf306bfbb2b2602431a15b174860956d,,,956ba4e17f3520fac3ba6c3d3de520528adb0d58,,OCCURRENCE,,,2010-04-29,2010,4,29,,,,,,,,,,,,,,,,
5cc2384f8e028c263fb3fff8ab791f5f6ecdb5ef,,,7fc0b58abb3931e7fc20e0d92a280d5a088c5e3e,,OCCURRENCE,,,2010-05-07,2010,5,7,,,,,,,,,,,,,,,,
50097c9fcb7b64c3f1f09cc814cb1d759cc89f9c,,,70776cd8b85318a4ba43232729955dfc5a2941b9,,OCCURRENCE,,,2010-05-07,2010,5,7,,,,,,,,,,,,,,,,
2c6f47e4f69242bc56323e417433dd976ad7cf02,,,5a61e634ec49d3919b83a13434809a009040ffa1,,OCCURRENCE,,,2010-02-05,2010,2,5,,,,,,,,,,,,,,,,
c6e204372ce2fe07f7d2c410a58bc61418c235a0,,,b8fe9e5ee7f6b1698d68e6b61b366109968f22cb,,OCCURRENCE,,,2010-05-08,2010,5,8,,,,,,,,,,,,,,,,
cd9827e28541ce7731204d31395e627bc77b4ab9,,,9d3c6934803fc8b0dc7153a7c4b266ef1e5f46b1,,OCCURRENCE,,,2010-04-11,2010,4,11,,,,,,,,,,,,,,,,
be06e5211b502c2ae2b71b0f4e45060acb9060b8,,,99df42bf1f21432d5ea8d5dd728eb22695b06774,,OCCURRENCE,,,2001-03-08,2001,3,8,,,,,,,,,,,,,,,,
558cc92ea350aa8967dfa084801074e666313b02,,,5a61e634ec49d3919b83a13434809a009040ffa1,,OCCURRENCE,,,2010-04-11,2010,4,11,,,,,,,,,,,,,,,,
ad743b0e7c06463991433087d60ece82ef71dda6,,,95570693bdd577291fc6aac2c25512331cc69eef,,OCCURRENCE,,,2010-04-06,2010,4,6,,,,,,,,,,,,,,,,
9bd585caec7ef580a941eba1833e03b58c3e2dca,,,39e9bc86f8294333b316d33d5704810bbbab0abe,,OCCURRENCE,,,2010-04-12,2010,4,12,,,,,,,,,,,,,,,,
6cecadcf683055617a8d259ec285c26c8ce231e7,,,e541b57f92a321cd4e2c9980f3537e7a3c185688,,OCCURRENCE,,,2010-12-17,2010,12,17,,,,,,,,,,,,,,,,
4de1f52700b748db76714dbc80f92355d32e3c19,,,95570693bdd577291fc6aac2c25512331cc69eef,,OCCURRENCE,,,2010-02-04,2010,2,4,,,,,,,,,,,,,,,,
f5e756b64e1dc9b9a6ff4143b71f7529ac8d4bbf,,,703eaed2de8268925e1e9464ee2909fd7fcde544,,OCCURRENCE,,,2010-05-08,2010,5,8,,,,,,,,,,,,,,,,
fc6f46e5e5186337aefdf0ab54f7153904eeb9fa,,,9d3c6934803fc8b0dc7153a7c4b266ef1e5f46b1,,OCCURRENCE,,,2010-04-06,2010,4,6,,,,,,,,,,,,,,,,
ab5e8c0bd2815cc0b1393b15e7d002f945f63f95,,,29f7b199eb17cbb422ea50fb99abafb6f7505e0c,,OCCURRENCE,,,2010-04-09,2010,4,9,,,,,,,,,,,,,,,,
1bdfa9bdac7f6fc3ed32a66f919ee50aa613f494,,,f58b994717e74fb73cb3256a371b1199a068f7b2,,OCCURRENCE,,,2010-02-12,2010,2,12,,,,,,,,,,,,,,,,
f40ff60c4308a21f5bedd74be727fceeb831d2bf,,,35ba3a804cd866498be9c9c7b292d6a2fd48ab27,,OCCURRENCE,,,2010-02-05,2010,2,5,,,,,,,,,,,,,,,,
32ba91d37c6112159757c27f46f2fdb94e99b991,,,39e9bc86f8294333b316d33d5704810bbbab0abe,,OCCURRENCE,,,2010-04-11,2010,4,11,,,,,,,,,,,,,,,,
cb17af3d121132876ea42976fc5c4dd08fa39711,,,fdb1b8101942f9e092c1b54dcb8f19fa491fc32a,,OCCURRENCE,,,2010-04-11,2010,4,11,,,,,,,,,,,,,,,,
aa02298315e8587ff5d9c1e020ae6071b67952ed,,,5a61e634ec49d3919b83a13434809a009040ffa1,,OCCURRENCE,,,2010-02-08,2010,2,8,,,,,,,,,,,,,,,,
4c901521756ec61529b5fb529ac179cdb107d07c,,,260e20d3c8f6c20b6d9573c02e3fa310091f785a,,OCCURRENCE,,,2011-11-07,2011,11,7,,,,,,,,,,,,,,,,
766ea2ad42d4fdd01f99a2518dfa3486c26c13a9,,,d9b78459b6029db1e914e82f008d62e6dfec0a8b,,OCCURRENCE,,,2010-04-11,2010,4,11,,,,,,,,,,,,,,,,
fe16af1a56f7d7f692209f6c6c4eb170c16993a8,,,eed51278dc994e1d93fd7179460443431bccf9fe,,OCCURRENCE,,,2010-05-08,2010,5,8,,,,,,,,,,,,,,,,
7dbdf35499435bda39a7b8f72a02b2f5e84406da,,,7fc0b58abb3931e7fc20e0d92a280d5a088c5e3e,,OCCURRENCE,,,2010-04-26,2010,4,26,,,,,,,,,,,,,,,,
e21af9e08909ad238499d9d8e71cafca42b18363,,,e4af690022a6f8ef85e9c7adb4742480c6e8f1a1,,OCCURRENCE,,,2010-05-07,2010,5,7,,,,,,,,,,,,,,,,
67710d5290ea972db5652b7341654657f1ec54ab,,,d01b78de2650039ecca4a25a112eea0f72f36371,,OCCURRENCE,,,2010-02-05,2010,2,5,,,,,,,,,,,,,,,,
070e5079604cb30d724fc7835ce9dcbf4a5a1ef2,,,1acc723e556fd22d5bc5ca41e6d36f77b7d7bee5,,OCCURRENCE,,,1992-10-21,1992,10,21,,,,,,,,,,,,,,,,
63a05a4da761341e879167eaa682a205b7d145d6,,,f3fcea5abf552e4caa2456d5e2dc0e461266add3,,OCCURRENCE,,,2011-10-29,2011,10,29,,,,,,,,,,,,,,,,
da5725661757fe22a5ce752b6aa507b06e04f119,,,c6fe78a0941c3e63c26c74466071459b163414c8,,OCCURRENCE,,,2010-02-05,2010,2,5,,,,,,,,,,,,,,,,
fddc246cf16ace0a874b6cb378ee2e73ba791dff,,,39e9bc86f8294333b316d33d5704810bbbab0abe,,OCCURRENCE,,,2010-02-09,2010,2,9,,,,,,,,,,,,,,,,
15b3cb23f634e24acfdcf72e9a2778a2144ae891,,,2422a903d46a76720e32bf31a02ac8d770588a11,,OCCURRENCE,,,2010-02-09,2010,2,9,,,,,,,,,,,,,,,,
8b73ab8fb4f27884c6a2146de084b2d41a68c8cf,,,95570693bdd577291fc6aac2c25512331cc69eef,,OCCURRENCE,,,2010-04-11,2010,4,11,,,,,,,,,,,,,,,,
8483e7bcdd78efa01e4dd3f6fbbf85449af29343,,,fdb1b8101942f9e092c1b54dcb8f19fa491fc32a,,OCCURRENCE,,,2010-04-23,2010,4,23,,,,,,,,,,,,,,,,
e20f4ee83be9ccf15f49bb0077908b37db094c00,,,99df42bf1f21432d5ea8d5dd728eb22695b06774,,OCCURRENCE,,,2000-05-26,2000,5,26,,,,,,,,,,,,,,,,
91a1290f167deb3cc1c5f52d732bb2758ea5f558,,,e9b5033a6e84f48bbd63ef069534f713edef9e30,,OCCURRENCE,,,2010-05-07,2010,5,7,,,,,,,,,,,,,,,,
7594dedb0d763d4faa935475be70180b6bf1080f,,,528d6177c6b2e320d5c385f235b1c7aa1d0dfcd1,,OCCURRENCE,,,2010-05-08,2010,5,8,,,,,,,,,,,,,,,,
0e51e2ca06e0291aef76e14791f3f968cfda139f,,,29b3a5dfdcbe10df955a64709150782447828891,,OCCURRENCE,,,2009-11-21,2009,11,21,,,,,,,,,,,,,,,,
64950add3860c6ee57a6c91e642191842ec2de74,,,29b3a5dfdcbe10df955a64709150782447828891,,OCCURRENCE,,,2009-01-21,2009,1,21,,,,,,,,,,,,,,,,
04e6f2514ea809417e8a85251ae53e18465d8513,,,ae8035f984b7f698be9fba1b7ee35043406801a0,,OCCURRENCE,,,2010-04-23,2010,4,23,,,,,,,,,,,,,,,,
ef6c4b31c56ce6979314ca0741377deb02994629,,,a6f58ab767af8c353668d1acdb9eae225cdaf123,,OCCURRENCE,,,2012-08-29,2012,8,29,,,,,,,,,,,,,,,,
88245c411c24fbac2cc33e3cd23e9e08415218b0,,,703eaed2de8268925e1e9464ee2909fd7fcde544,,OCCURRENCE,,,2010-05-07,2010,5,7,,,,,,,,,,,,,,,,
8244da1270f205eb777acac549e5d9d0459f80c6,,,528d6177c6b2e320d5c385f235b1c7aa1d0dfcd1,,OCCURRENCE,,,2010-05-07,2010,5,7,,,,,,,,,,,,,,,,
8c6ddb26e7eb4b522b29a73d6b72da1ba1ac9643,,,fdf6edbdbaea3fd2323cd1d9f970d37f26d3a005,,OCCURRENCE,,,2010-03-01,2010,3,1,,,,,,,,,,,,,,,,
c255b552467c684cf60575b92bdf696de15a950a,,,70776cd8b85318a4ba43232729955dfc5a2941b9,,OCCURRENCE,,,2010-05-08,2010,5,8,,,,,,,,,,,,,,,,
799d8509c23a7a1fac6aa341801d5994ebe925b1,,,fdb1b8101942f9e092c1b54dcb8f19fa491fc32a,,OCCURRENCE,,,2010-04-09,2010,4,9,,,,,,,,,,,,,,,,
2a922e9d98b910b40ecec53b17c562488f27ff72,,,20f08eb3c0f6f3f8d36bfcced80ac33b614604a5,,OCCURRENCE,,,1989-12-11,1989,12,11,,,,,,,,,,,,,,,,
0043223786c31c9c4e4fa7377a39191780a0160f,,,7bf320ca4fb128bcbcb104f9fa47517f4dbbe3b5,,OCCURRENCE,,,2012-01-29,2012,1,29,,,,,,,,,,,,,,,,
7f3b98ac39502de87ca47e27a6a76b71aee4b567,,,6373dd6f9b2ea9e1aea65aac8ac3324a4ceb7f90,,OCCURRENCE,,,2010-02-02,2010,2,2,,,,,,,,,,,,,,,,
2f73f8e623976cd7a4ea82353080a43fdea34458,,,fb7bc71b84dc9f961e5538c6dc0bfa7d98e5f671,,OCCURRENCE,,,1991-09-12,1991,9,12,,,,,,,,,,,,,,,,
42c700983847b242be7d82c82c73881532051174,,,1c10c344dc6e71ad09ff631c27964a95a3dc7c53,,OCCURRENCE,,,1988-07-07,1988,7,7,,,,,,,,,,,,,,,,
b06ff2556a9f6d9e6a295ff76b79d4bbcc8739c7,,,ff8d6ffe8998666dfdebdcddf4497e096fdf46de,,OCCURRENCE,,,2011-12-28,2011,12,28,,,,,,,,,,,,,,,,
e18e01d908a4392fa6f7bb7d8d69cd20ebbaca73,,,552a30da07886059ad677fd85b295ae8bb85cfd9,,OCCURRENCE,,,2008-11-22,2008,11,22,,,,,,,,,,,,,,,,
302cb70f4616f7249a7d10269e31f939bcbd30c7,,,1210a5bac07073f97913e506072079cf9f153dbf,,OCCURRENCE,,,2012-09-17,2012,9,17,,,,,,,,,,,,,,,,
b13944cd6ca84718f39e697924996826ca7999c1,,,75e3679a9633e675f39c04b255838378e1615ccd,,OCCURRENCE,,,2016-04-27,2016,4,27,,,,,,,,,,,,,,,,
a85d47bc557c249e4f7dbc8b2eddd03e5dc383ec,,,cd5f9031608d7ae02f717194f1bbfe9de50b9002,,OCCURRENCE,,,2016-04-27,2016,4,27,,,,,,,,,,,,,,,,
49dce1905b36b5355cbf17b0c38074850a6de64a,,,be6634c56685b6c433ba1dcfb7a190cd95ad9639,,OCCURRENCE,,,2009-01-07,2009,1,7,,,,,,,,,,,,,,,,
97def234b04c5d0b11233241af43a3e8513b1b65,,,1c10c344dc6e71ad09ff631c27964a95a3dc7c53,,OCCURRENCE,,,1990-08-27,1990,8,27,,,,,,,,,,,,,,,,
36a73bd60a958b95e26ce819c70fe077986e6445,,,c18bd00bef83c117a8830e9715737acdfa38b76a,,OCCURRENCE,,,1990-10-17,1990,10,17,,,,,,,,,,,,,,,,
28e5ba5d5624c5116a7c7b3f64e5ecec0fd8daba,,,12be7d491639cd5283ac971d4d4f91264f349fd4,,OCCURRENCE,,,1989-12-27,1989,12,27,,,,,,,,,,,,,,,,
f1c55184d044fad7e60b30f47a18feeb1bc22699,,,29f7b199eb17cbb422ea50fb99abafb6f7505e0c,,OCCURRENCE,,,2010-02-05,2010,2,5,,,,,,,,,,,,,,,,
0679f475b91ce4d9a818df3d8c425a808542589f,,,cc4de92cd1588b29deb6da4777db29598aaa1caf,,OCCURRENCE,,,2010-02-08,2010,2,8,,,,,,,,,,,,,,,,
fcfb5f5ed6fb2d237a963bd01022ca3c92510c40,,,29f7b199eb17cbb422ea50fb99abafb6f7505e0c,,OCCURRENCE,,,2010-02-08,2010,2,8,,,,,,,,,,,,,,,,
d09976f40f0369492de09de1cc98c11c03859718,,,c18bd00bef83c117a8830e9715737acdfa38b76a,,OCCURRENCE,,,1990-09-24,1990,9,24,,,,,,,,,,,,,,,,
bc1e3d1cd156c052aba9d102cda5da9061c7f55b,,,12be7d491639cd5283ac971d4d4f91264f349fd4,,OCCURRENCE,,,1989-11-27,1989,11,27,,,,,,,,,,,,,,,,
e9637656ae447638cee1f5554d9594668880766f,,,12be7d491639cd5283ac971d4d4f91264f349fd4,,OCCURRENCE,,,1990-11-02,1990,11,2,,,,,,,,,,,,,,,,
54d0723280928f98c3c02f99b35441582c8861d1,,,3dd92bd1674663509a29f06d103e602af2b058f1,,OCCURRENCE,,,2016-05-08,2016,5,8,,,,,,,,,,,,,,,,
4baa617ab1bdea26a906dbc970d974ac8098f1ec,,,79f8e6ba8a3ba00ac938b3057dc73510136162e9,,OCCURRENCE,,,2015-09-24,2015,9,24,,,,,,,,,,,,,,,,
8c648b370acb41a1b969befbf77ff3dcaa9830cb,,,efeccc16269b56807912df646e60c809370d4263,,OCCURRENCE,,,2015-07-23,2015,7,23,,,,,,,,,,,,,,,,
f26d561ebe78ba9f39e0edd79ecdd953cdf00930,,,8ec23f5847abca61b1cdd4b9c0a40de6990a4372,,OCCURRENCE,,,2015-07-24,2015,7,24,,,,,,,,,,,,,,,,
300f8282da79d8024e93c1b9e64f1eeae78b246e,,,63a7ceb5af257078009c9398cc842c4b164d6ba4,,OCCURRENCE,,,2015-07-28,2015,7,28,,,,,,,,,,,,,,,,
c1fc301974015f02cf9f05df142ee6ccafd72bd7,,,5b2898220ff8e9d32e26cae6f79e1144e52df30b,,OCCURRENCE,,,2015-10-02,2015,10,2,,,,,,,,,,,,,,,,
77daff75232f14192ec56d2cd64c273c24d6f478,,,0c62cf3d1bf113881d5b341888aab2d9de202992,,OCCURRENCE,,,2015-10-05,2015,10,5,,,,,,,,,,,,,,,,
adfeda13f5cd308b32d4a083312a65c6ac1559c3,,,7d34a1774a05cdfa32c6ad096bae92b5f7d566d2,,OCCURRENCE,,,2015-10-08,2015,10,8,,,,,,,,,,,,,,,,
13014887b125fef6af1d3bc23cb2e7c1aa6a7715,,,275f389d05ad092c0f884387ccecf03c8614aa99,,OCCURRENCE,,,2015-09-26,2015,9,26,,,,,,,,,,,,,,,,
b154820bcd8f22314c99dd1f70adba02869c05dd,,,2a7aa2cecd75195fbf1590efd4fd30e10d61d832,,OCCURRENCE,,,2015-10-03,2015,10,3,,,,,,,,,,,,,,,,
9433fd0807d60f3f59e406eecaaf93e33a99586b,,,6ee2c01a3196c08ffa573db56bcb4d70122eb45d,,OCCURRENCE,,,2015-09-27,2015,9,27,,,,,,,,,,,,,,,,
6f806f0ae67ac1a9510479eb5ec329b282012202,,,5c2229620023d4cb2e1e5e6c00a62c8905b62a0a,,OCCURRENCE,,,2015-10-09,2015,10,9,,,,,,,,,,,,,,,,
5561cf218db06594831a91af4f654fd0055e6378,,,275f389d05ad092c0f884387ccecf03c8614aa99,,OCCURRENCE,,,2015-09-25,2015,9,25,,,,,,,,,,,,,,,,
f696b4b7670417f3895ad5d723356fad7bfab7cd,,,c328e86e0452fd9e5e5954b2c0cdf3c3b3f49884,,OCCURRENCE,,,2015-10-11,2015,10,11,,,,,,,,,,,,,,,,
4c982de25c1f311b12936e77d3b8d5518f44011f,,,8ec23f5847abca61b1cdd4b9c0a40de6990a4372,,OCCURRENCE,,,2015-02-25,2015,2,25,,,,,,,,,,,,,,,,
73ad53859d7351a72281bc389dc2d158c6d428c8,,,c328e86e0452fd9e5e5954b2c0cdf3c3b3f49884,,OCCURRENCE,,,2015-03-02,2015,3,2,,,,,,,,,,,,,,,,
f3c6d9cba7703ce557fa34d2609141d7a8f30d9a,,,8ec23f5847abca61b1cdd4b9c0a40de6990a4372,,OCCURRENCE,,,2015-04-11,2015,4,11,,,,,,,,,,,,,,,,
f0d5ccd58cedbbad8796e9a6f471f499b5237528,,,7d34a1774a05cdfa32c6ad096bae92b5f7d566d2,,OCCURRENCE,,,2015-04-14,2015,4,14,,,,,,,,,,,,,,,,
afeacdbdce490f9250f1123c72e4ddbc502dcad1,,,5b2898220ff8e9d32e26cae6f79e1144e52df30b,,OCCURRENCE,,,2015-04-29,2015,4,29,,,,,,,,,,,,,,,,
177f0cce6a959a82b1bf0750ff88def079aaee25,,,7ec924f641e502288eb8c22905c3c31d1513dc26,,OCCURRENCE,,,2015-02-24,2015,2,24,,,,,,,,,,,,,,,,
fd580c63e692009bf9d20dfdb335be0e4f1343ac,,,5b2898220ff8e9d32e26cae6f79e1144e52df30b,,OCCURRENCE,,,2015-03-04,2015,3,4,,,,,,,,,,,,,,,,
82a543e0a19deabd32a8600f3f4c2470fe508a78,,,6ee2c01a3196c08ffa573db56bcb4d70122eb45d,,OCCURRENCE,,,2015-04-10,2015,4,10,,,,,,,,,,,,,,,,
e2f2eb3d8ab1f260ac45847d16209d87e5eb025e,,,33670f3a593248ec0d782022297eb669c2517895,,OCCURRENCE,,,2015-10-04,2015,10,4,,,,,,,,,,,,,,,,
446380765e2a4e40c2bb74690d09bc67135f435a,,,d66ec551ad2e7c7a88efbf44c5b68b555abd5457,,OCCURRENCE,,,2015-04-26,2015,4,26,,,,,,,,,,,,,,,,
8661a8132ac9baac468415807840364eedc7ee21,,,63a7ceb5af257078009c9398cc842c4b164d6ba4,,OCCURRENCE,,,2015-04-10,2015,4,10,,,,,,,,,,,,,,,,
e7f5ca5b20945e5c2d63493b554a0d255a8c46f4,,,5c2229620023d4cb2e1e5e6c00a62c8905b62a0a,,OCCURRENCE,,,2015-04-18,2015,4,18,,,,,,,,,,,,,,,,
6d549c87cf3f763cb97e6ea5992d95f13cc6eeda,,,79f8e6ba8a3ba00ac938b3057dc73510136162e9,,OCCURRENCE,,,2015-02-16,2015,2,16,,,,,,,,,,,,,,,,
0cf7ab52376bda4f8c2c7b5f4760100c5ccc02d8,,,5c2229620023d4cb2e1e5e6c00a62c8905b62a0a,,OCCURRENCE,,,2015-02-17,2015,2,17,,,,,,,,,,,,,,,,
d5a32251e04613b1f1daeb9fc6f2d63165f2c763,,,2a7aa2cecd75195fbf1590efd4fd30e10d61d832,,OCCURRENCE,,,2015-04-18,2015,4,18,,,,,,,,,,,,,,,,
17ebb52de89f0260f07ff825f24c04575242d224,,,fe4fc17e8a3ad046e1e14ab62ebcac78db5cf3ae,,OCCURRENCE,,,2015-02-23,2015,2,23,,,,,,,,,,,,,,,,
223819bcad6382be35ef9c9e08c73043ef397f6d,,,a63a78d0e139cea19d5eaf34ab1bc13c66f1df0c,,OCCURRENCE,,,2015-02-25,2015,2,25,,,,,,,,,,,,,,,,
5f24a9d9d2b30a62725d9c9d71266911ca7b80c5,,,a63a78d0e139cea19d5eaf34ab1bc13c66f1df0c,,OCCURRENCE,,,2015-04-15,2015,4,15,,,,,,,,,,,,,,,,
5f3c2000985b9e354e57a6adfd095ec27a608791,,,275f389d05ad092c0f884387ccecf03c8614aa99,,OCCURRENCE,,,2015-04-17,2015,4,17,,,,,,,,,,,,,,,,
aa8824992138d18e7d9a2b0804a9b981cfb8d342,,,c328e86e0452fd9e5e5954b2c0cdf3c3b3f49884,,OCCURRENCE,,,2015-04-17,2015,4,17,,,,,,,,,,,,,,,,
f4980b2d7118036a7666ebfc5d7390ca5c19132f,,,a63a78d0e139cea19d5eaf34ab1bc13c66f1df0c,,OCCURRENCE,,,2015-10-07,2015,10,7,,,,,,,,,,,,,,,,
1230cca6c088fe5471157d09c26b1c97c1992ae6,,,d66ec551ad2e7c7a88efbf44c5b68b555abd5457,,OCCURRENCE,,,2015-07-30,2015,7,30,,,,,,,,,,,,,,,,
8ce9f406f5824166921d708e8cadbe12699ec584,,,efeccc16269b56807912df646e60c809370d4263,,OCCURRENCE,,,2015-11-18,2015,11,18,,,,,,,,,,,,,,,,
5b5b553f3c678f3b86a05e3000c8dea074ee9820,,,63a7ceb5af257078009c9398cc842c4b164d6ba4,,OCCURRENCE,,,2015-07-25,2015,7,25,,,,,,,,,,,,,,,,
dd30ce2079b4bb14ca2e04bd31a3279f0636622e,,,d66ec551ad2e7c7a88efbf44c5b68b555abd5457,,OCCURRENCE,,,2015-07-02,2015,7,2,,,,,,,,,,,,,,,,
780b3dddadb6dd804eb5497cf92c89d89dc385c1,,,efeccc16269b56807912df646e60c809370d4263,,OCCURRENCE,,,2015-08-11,2015,8,11,,,,,,,,,,,,,,,,
48ac81a68fae53705ca0288ebadd330156efe459,,,fe4fc17e8a3ad046e1e14ab62ebcac78db5cf3ae,,OCCURRENCE,,,2015-10-01,2015,10,1,,,,,,,,,,,,,,,,
5de4638f2251f4f36581646821c05f2d124686b2,,,efeccc16269b56807912df646e60c809370d4263,,OCCURRENCE,,,2015-07-28,2015,7,28,,,,,,,,,,,,,,,,
62d34583985d925698267be11507101866029085,,,efeccc16269b56807912df646e60c809370d4263,,OCCURRENCE,,,2015-02-24,2015,2,24,,,,,,,,,,,,,,,,
492bc1af36b63c6435ec199be750a1de62796291,,,d66ec551ad2e7c7a88efbf44c5b68b555abd5457,,OCCURRENCE,,,2015-07-22,2015,7,22,,,,,,,,,,,,,,,,
028be56dad006e24c9cdc121cc38ab3731e34511,,,275f389d05ad092c0f884387ccecf03c8614aa99,,OCCURRENCE,,,2015-03-03,2015,3,3,,,,,,,,,,,,,,,,
97b0490a0def82db9aa68b80c2a649d8bfbce544,,,d66ec551ad2e7c7a88efbf44c5b68b555abd5457,,OCCURRENCE,,,2015-07-27,2015,7,27,,,,,,,,,,,,,,,,
64e132befa8db9790803609fd826fa45fca106c1,,,63a7ceb5af257078009c9398cc842c4b164d6ba4,,OCCURRENCE,,,2015-07-26,2015,7,26,,,,,,,,,,,,,,,,
1673a23c1e176942d59cb02adc09f3e27ffb1487,,,7ec924f641e502288eb8c22905c3c31d1513dc26,,OCCURRENCE,,,2015-09-29,2015,9,29,,,,,,,,,,,,,,,,
5e86b19055642178edbf4bf9ef4b89753aa8d5cf,,,33670f3a593248ec0d782022297eb669c2517895,,OCCURRENCE,,,2015-02-17,2015,2,17,,,,,,,,,,,,,,,,
9329e8d10f9824b32d42ed3bbd0d76555f88ef15,,,a590be0a7ae785bc32675ca55ea728024e91c45f,,OCCURRENCE,,,2015-04-26,2015,4,26,,,,,,,,,,,,,,,,
a3fde83f6c384514e2daa7f6c344611d7d95fcb8,,,a590be0a7ae785bc32675ca55ea728024e91c45f,,OCCURRENCE,,,2015-09-28,2015,9,28,,,,,,,,,,,,,,,,
6954109c996266878885c1551d2128c65ef7dcbd,,,0c62cf3d1bf113881d5b341888aab2d9de202992,,OCCURRENCE,,,2015-04-13,2015,4,13,,,,,,,,,,,,,,,,
409a3d71045706999043ff989d316925770b43e5,,,7d34a1774a05cdfa32c6ad096bae92b5f7d566d2,,OCCURRENCE,,,2015-02-21,2015,2,21,,,,,,,,,,,,,,,,
09a4bae96ab20eed06c7c43da55692c6a77a339c,,,0c62cf3d1bf113881d5b341888aab2d9de202992,,OCCURRENCE,,,2015-02-21,2015,2,21,,,,,,,,,,,,,,,,
5c6f227437fb2e6958fe519d79fdf878d91efb02,,,efeccc16269b56807912df646e60c809370d4263,,OCCURRENCE,,,2015-04-11,2015,4,11,,,,,,,,,,,,,,,,
fad45fc7381c443984162d8240ebaf78667d77d8,,,2a7aa2cecd75195fbf1590efd4fd30e10d61d832,,OCCURRENCE,,,2015-02-25,2015,2,25,,,,,,,,,,,,,,,,
0772c079f8d1cfc51b2af01438136bfbadf9f7ac,,,63a7ceb5af257078009c9398cc842c4b164d6ba4,,OCCURRENCE,,,2015-04-16,2015,4,16,,,,,,,,,,,,,,,,
71093c5ddd17719c3d7b82ed57dd016b04bfb954,,,8430d5e81de472210623a36258df159a8dc5758c,,OCCURRENCE,,,2015-08-04,2015,8,4,,,,,,,,,,,,,,,,
b0ab437acad1abd09dd1f076417fe94dc9387ad1,,,54a7956c8bbb6f32390988cb23473c5840fa958b,,OCCURRENCE,,,2015-08-03,2015,8,3,,,,,,,,,,,,,,,,
75ef73fd48488a8b0b5fcf661f6ac8e48895979d,,,ecc6c85d8b17b3462d13db4f2f0586201172ece0,,OCCURRENCE,,,2015-08-05,2015,8,5,,,,,,,,,,,,,,,,
dcfbaeb297e3c745e999982d750b88a0cfc86cf4,,,11b6d51efae8594b4c651e361cbb044617b3bafd,,OCCURRENCE,,,2015-08-04,2015,8,4,,,,,,,,,,,,,,,,
773701245d2e541d18d0235cf171b3c62df1a744,,,b88810a1a0aa9e5b2001800d45862c08aac5f634,,OCCURRENCE,,,2015-08-03,2015,8,3,,,,,,,,,,,,,,,,
88d8a91468b993e0d326880912df3b826106e2c5,,,412772bdd02aba352b07106d5463a5e728de9f6b,,OCCURRENCE,,,2015-08-07,2015,8,7,,,,,,,,,,,,,,,,
83fc029f445fdd444ab94d56059fb014aafa269b,,,c70b0b8af44efe666a8e392c171bc431137d1e77,,OCCURRENCE,,,2016-12-04,2016,12,4,,,,,,,,,,,,,,,,
ec81537d71abc68debf27945fa2c0029426abef9,,,69452dd9d4afffca06fae22849bd048409c0190a,,OCCURRENCE,,,2016-12-04,2016,12,4,,,,,,,,,,,,,,,,
d53816c2e7be10770b8c6d906ecc5f8a127f641c,,,20a362aaa1a8bd284d1088c00f61572817d21db4,,OCCURRENCE,,,2016-12-24,2016,12,24,,,,,,,,,,,,,,,,
ef753e2ad102aa41ec41d544640a23a450c2e6d9,,,ec863083d69d22f58fbb34067969089633e7256e,,OCCURRENCE,,,2016-12-24,2016,12,24,,,,,,,,,,,,,,,,
190bd7ab9a0d36499d1b2984b51c2e91da037ed0,,,f0e30fcea0b9762a2a18be0551753c11c7819a77,,OCCURRENCE,,,2017-01-14,2017,1,14,,,,,,,,,,,,,,,,
8fce2c852bf55ddf86c3e912b9f47013a9446081,,,e90d2edb205e6508e503a74b503b966a8329a485,,OCCURRENCE,,,2017-01-14,2017,1,14,,,,,,,,,,,,,,,,
b4256ad31ce6484f74427fa2dc346787d06db489,,,9521fcd86c8bc87cd9f8ca1e54d20a91f0f9ddfe,,OCCURRENCE,,,2017-01-14,2017,1,14,,,,,,,,,,,,,,,,
9de2c0fc5cd49e8c6c7fe4f3743d76de044a48d4,,,a0ecef6ceb7c2fd74e3df25d989ee7effa2855b1,,OCCURRENCE,,,2017-01-15,2017,1,15,,,,,,,,,,,,,,,,
a60c25e9afe75630194ff42392d16465d0874877,,,038236faa0431831a54a51c9558406039de2b579,,OCCURRENCE,,,2017-01-15,2017,1,15,,,,,,,,,,,,,,,,
d0164eacde5de1305dc18926f7eba98bc3dd1681,,,6f27b722f50d29e50621917cf91f8cf0eeec56d7,,OCCURRENCE,,,2017-01-15,2017,1,15,,,,,,,,,,,,,,,,
02afffcf5e14929abdf26c1ed21f7043bc18ed78,,,bae3f523b2c178188a71e1b0fa523d9935b52183,,OCCURRENCE,,,2017-01-15,2017,1,15,,,,,,,,,,,,,,,,
184d36ed917c37302e0e57d9915020b409206641,,,0e1bdae3931dac2598c3876947bba050c5245a98,,OCCURRENCE,,,2014-10-20,2014,10,20,,,,,,,,,,,,,,,,
5ef8fb27b56ad80de384bc54af5bc2bc89ce321f,,,d5039197e013bb3e752673cdf4e69d072cd30c01,,OCCURRENCE,,,2017-09-24,2017,9,24,,,,,,,,,,,,,,,,
81c26c0b5d9204e4dfdad0b6108a45c1eb9cebdf,,,6a55672d848d523bf4696ce8e96aa752f47099f5,,OCCURRENCE,,,2017-09-30,2017,9,30,,,,,,,,,,,,,,,,
3f766e3b1cfc317f0be4abf39c345031624c1277,,,3a8b5aedc5cd4d2a18c3fd65fe76c3059b0f1872,,OCCURRENCE,,,2017-09-30,2017,9,30,,,,,,,,,,,,,,,,
a3d55f8fea68f48d9ff426aab22e962bd8cbeeee,,,041b6c5d8ee090a41e377dd33ec8ca26f4796d23,,OCCURRENCE,,,2017-09-30,2017,9,30,,,,,,,,,,,,,,,,
958d1721b3ce91b3aa9436e42088d1abadfe18bf,,,05157e1b73415910cbff5a4698aa964908cb34c0,,OCCURRENCE,,,2017-09-30,2017,9,30,,,,,,,,,,,,,,,,
265ba0fd9ab0867bfc52c798ee7a1fc410e2cf6b,,,37b666675d6081755600cc06c24b6544e8022fbe,,OCCURRENCE,,,2017-10-02,2017,10,2,,,,,,,,,,,,,,,,
a88badc23f091287c193165acd8f99a5141f1a30,,,b2019bcd0c8b283a0fd3b50c957552572e7c8716,,OCCURRENCE,,,2017-10-05,2017,10,5,,,,,,,,,,,,,,,,
92fd3e44418bcd8d40b90410f8fed3be17de76d6,,,6cbe7ac8d4248d5e45d4984d6ff57e45a66522fa,,OCCURRENCE,,,2017-10-05,2017,10,5,,,,,,,,,,,,,,,,
54f7b6fec829b68b1fdceccb2ec9258bfb3c835f,,,955b90df9368ae56cd586feb4ee3f7d3bb7f0119,,OCCURRENCE,,,2017-10-06,2017,10,6,,,,,,,,,,,,,,,,
3f4ecb9ae09aef3ffe15afaf786d76b72ccd8a9c,,,77b7b6617c2a193db777e4da7d708606984525da,,OCCURRENCE,,,2017-10-06,2017,10,6,,,,,,,,,,,,,,,,
87cbdaca7b29071fea425a8580487c09fc29de9d,,,85380aaf36b1354684275caa0c84cc9fa6e4e606,,OCCURRENCE,,,2017-10-06,2017,10,6,,,,,,,,,,,,,,,,
978d7b23638d7a236612cab60c1add24e0936838,,,6b7728838f51a60dd7b910710686b9ab71db37ee,,OCCURRENCE,,,2017-10-06,2017,10,6,,,,,,,,,,,,,,,,
f5c73b6e2104d6a81c4e9f65e8fe6bef4f6bd53a,,,6c7b43ea0851263ebbc9cc5306b2c401ff984148,,OCCURRENCE,,,2017-10-09,2017,10,9,,,,,,,,,,,,,,,,
f616f058be73404d2c4b165efc1243a60e70e2f8,,,80fcf08172087b1486e7e7b97aab122c04815d17,,OCCURRENCE,,,2017-10-09,2017,10,9,,,,,,,,,,,,,,,,
c0710bb48d8c884676ab8a381d2237ad03d61e06,,,b2619a2e8214ce11011cc08ba21f354163ef1b11,,OCCURRENCE,,,2017-10-17,2017,10,17,,,,,,,,,,,,,,,,
936b724e7dfed67801f28a4a52b55f670b29be42,,,ce02e46b1dec90b13fa4d9f210dd347163b65ef1,,OCCURRENCE,,,2017-10-19,2017,10,19,,,,,,,,,,,,,,,,
253aa58cf5bac5601b00a2522448c99097781514,,,0e2f3276fcf47d92e04bbc63dc156ae3c77afe4e,,OCCURRENCE,,,2017-10-19,2017,10,19,,,,,,,,,,,,,,,,
f2726e184b701a0d214014bef366a0922115a610,,,79457de547520ce2387fdba215c73790ba5f03d0,,OCCURRENCE,,,2017-10-20,2017,10,20,,,,,,,,,,,,,,,,
cd9ac78b11b8ed759b45d8a86b0afa74bb92bd05,,,5f1a267860045115347e655060fa4dde53101455,,OCCURRENCE,,,2017-10-20,2017,10,20,,,,,,,,,,,,,,,,
58c1a57f4a82bbbdfe3612c9a890f36fbb244a44,,,52d47fe0aa0b8c7188fb8a188cc72369dd5990a3,,OCCURRENCE,,,2017-10-20,2017,10,20,,,,,,,,,,,,,,,,
baf6cf61f6280819fd5adb2e1a1e8d75428f685f,,,d3fcedd94a391bc8b617755432176cd8d73b24db,,OCCURRENCE,,,2017-11-04,2017,11,4,,,,,,,,,,,,,,,,
7bd02189746f2cd73ad7b0f9b39f80021e109882,,,0dedcbe8fa2753c35584790bd8290b33c7c725f8,,OCCURRENCE,,,2017-11-01,2017,11,1,,,,,,,,,,,,,,,,
ffcf7817ac4f9acc2861864052e5e1b921b52dbd,,,dc353a5b2d6a13cb15c44e7cf765b6ff88bbd466,,OCCURRENCE,,,2017-11-12,2017,11,12,,,,,,,,,,,,,,,,
f8c09dcd6ac1192a0939bf7ca6fae03fa2991e6d,,,846b3c9276b47b16f13708efc874143576c11db4,,OCCURRENCE,,,2017-11-09,2017,11,9,,,,,,,,,,,,,,,,
9f1ad72795f92778da074f9064682071be7d1cb5,,,07d4e158ca4717e93ad356a8c8445ff009ed5dc5,,OCCURRENCE,,,2017-10-28,2017,10,28,,,,,,,,,,,,,,,,
509c28bc99d9b95ba9c1318ef4894096d755a509,,,17bb26e83268579fc501467d4a42e0767830c7bb,,OCCURRENCE,,,2017-10-28,2017,10,28,,,,,,,,,,,,,,,,
85be4a525f5dce454cbe4ac02499bf6d88d88d15,,,cb439e483bf5431d1e9296c3c58a74bb2b28c859,,OCCURRENCE,,,2017-10-10,2017,10,10,,,,,,,,,,,,,,,,
625e841fba9f8b9b3b88509c07118940bd279e85,,,c9c94caabd810e3bee427cfe5ca2470b24411f09,,OCCURRENCE,,,2009-03-22,2009,3,22,,,,,,,,,,,,,,,,
ea333053994f7236f2040c5223eaf21fb8f6aaad,,,3f917830d4c1bd798c0049282c0f6eeb8425567f,,OCCURRENCE,,,2019-08-19,2019,8,19,,,,,,,,,,,,,,,,
aeaaf82b1e7ea574f7e8e71d488d697755a5ebbd,,,efdc4989d9c7d51ddec66190cf95cffc5d705b1b,,OCCURRENCE,,,2020-12-18,2020,12,18,,,,,,,,,,,,,,,,
aae7c60c1522b90ad94a061b133d59d04b14f34a,,,1570aae09ea208670589219ca2edac309998c744,,OCCURRENCE,,,2021-01-29,2021,1,29,,,,,,,,,,,,,,,,
a12d1ec02826d02635de778458f3c1e31a86f691,,,738a8419f2e6224a033b63858bad4887cf1b05da,,OCCURRENCE,,,2022-03-20,2022,3,20,,,,,,,,,,,,,,,,
1e6659df2c808f918ec77592ed6bd97279b585c4,,,db4cf67a70c0c873bf6c118a5cd9d1b49b44c565,,OCCURRENCE,,,2022-03-20,2022,3,20,,,,,,,,,,,,,,,,
93ae7e0c8043a75654cf29000af42b49091f424b,,,935df4760571dc4752a8a879cc823b326ae63843,,OCCURRENCE,,,2022-03-20,2022,3,20,,,,,,,,,,,,,,,,
5b85596679859761f97b7c75bfb1bd12f0c033e1,,,905d1820aa8987f2ab2e5167b4a367d995f9abe1,,OCCURRENCE,,,2022-03-19,2022,3,19,,,,,,,,,,,,,,,,
bbef164c9f14ca50dfbc6bf07f495e7f46de375e,,,5dd1bf4b84a12a6a280e2007a7367e84369f0608,,OCCURRENCE,,,2022-03-16,2022,3,16,,,,,,,,,,,,,,,,
d4d157470b8c980de8823de82d8ff8cbed1d808c,,,688f182cbbc41d6a4f8a7134c03ebd8dcd4e9bf6,,OCCURRENCE,,,2015-11-10,2015,11,10,,,,,,,,,,,,,,,,
bdf6ddc52fb7cb10c68643b508cb670794cc1489,,,55ec0a46bd98795bf19fa7fbc276441a78b31c71,,OCCURRENCE,,,2015-11-16,2015,11,16,,,,,,,,,,,,,,,,
cfc8237f5a372d1815f73d1629c01ffc40fd236b,,,484681da6d9c960f004a27483d50fd3809ca767b,,OCCURRENCE,,,2015-11-11,2015,11,11,,,,,,,,,,,,,,,,
4edc923bf8571521015cb170a5184dd35c4dbc56,,,a008f1aff2849ea88f3c289aa699179711147e04,,OCCURRENCE,,,2015-11-11,2015,11,11,,,,,,,,,,,,,,,,
76794c6d83aeed75b5d8ad6eeda8b7f7fcd94778,,,31c73712cb083b5a7d81c842ed494690428514ed,,OCCURRENCE,,,2015-11-11,2015,11,11,,,,,,,,,,,,,,,,
26a905239dc05606780bcbf2b66e792aa3773603,,,c594a6bda5792d6aa7558e39ba5fff949a0760e6,,OCCURRENCE,,,2015-11-13,2015,11,13,,,,,,,,,,,,,,,,
c026f65ddab96a9809075fd5d2222fb957510b22,,,cd5f9031608d7ae02f717194f1bbfe9de50b9002,,OCCURRENCE,,,2015-11-02,2015,11,2,,,,,,,,,,,,,,,,
f4310a7fa80d22dcf75292f55c50fa170c68db07,,,1472e912652e250cfabd3767b7136a1f93c62d5f,,OCCURRENCE,,,2015-11-20,2015,11,20,,,,,,,,,,,,,,,,
ee70d32e250e8427e8d59c22e12e83494a3f3385,,,e24d9c6c1e312996173362f55658edf42bed804a,,OCCURRENCE,,,2015-11-02,2015,11,2,,,,,,,,,,,,,,,,
8e1ada4d6dfc086d5675f8ebfffb03681448bb65,,,100d2d2b702463296601258626ea2e81bdc3e56a,,OCCURRENCE,,,2015-11-03,2015,11,3,,,,,,,,,,,,,,,,
c5509eb868de1fdf9426e9c14bd3b8651a7eae0b,,,ec2bddfe9370bfa5967db64c0ef67c4e07fcdcd4,,OCCURRENCE,,,2015-11-09,2015,11,9,,,,,,,,,,,,,,,,
4fa5b6dfdb520ae4bc9512f34b04592a6ab8a116,,,3d167cc75e634cb676525776518d906adc34c3d5,,OCCURRENCE,,,2015-11-03,2015,11,3,,,,,,,,,,,,,,,,
c288569622e0b648c782b2b5cda77468d744963d,,,69219ce86719e50b6d7f573e08f4f8ceefcc5b6d,,OCCURRENCE,,,2015-11-04,2015,11,4,,,,,,,,,,,,,,,,
40fda204dad398d3a77b9cdf75a816fe29acfb04,,,e3fb44733250235e25208c8c78ce12a57693254d,,OCCURRENCE,,,2015-11-07,2015,11,7,,,,,,,,,,,,,,,,
2719e4986ad49ffef91ebccb5bd5472173c486a1,,,164baf32e5ae02f088b3c308fb60e8d6deb2ee46,,OCCURRENCE,,,2015-11-14,2015,11,14,,,,,,,,,,,,,,,,
ee0a1aa5be69d7c5139a4ed606d30a1fe657bf36,,,91fd239d83a4831a6e84d6842e2f934ce2c8404a,,OCCURRENCE,,,2015-11-10,2015,11,10,,,,,,,,,,,,,,,,
ae074b4beac9f2451936d367c5fd8b817baf7089,,,354190a79d43a444fd4d6862f0236af585cc06f2,,OCCURRENCE,,,2015-11-14,2015,11,14,,,,,,,,,,,,,,,,
f0498d5baebbd0605761c36dbe0af6571fe2646e,,,d1f10d6dc5601e51ed480230cf1c36779ffd2b4a,,OCCURRENCE,,,2015-12-11,2015,12,11,,,,,,,,,,,,,,,,
2cc34876e4162c19c325dce85c0d4ba367b51689,,,b35be8bc6a6f462891e192e3bf17b7d77c7dd51c,,OCCURRENCE,,,2015-12-11,2015,12,11,,,,,,,,,,,,,,,,
7a3847506c83244aa7c99561d41f6f54b2aa79d7,,,5c0f664474b9eee9f9a49d7046330c5ad6771c78,,OCCURRENCE,,,2015-12-21,2015,12,21,,,,,,,,,,,,,,,,
c365a7e676cf3127ed1532cedcab6f7c0b5b8298,,,685832839a26cb7b556e320e0ae04628ac1fda92,,OCCURRENCE,,,2015-12-21,2015,12,21,,,,,,,,,,,,,,,,
32abfd8a02ea614a4167e79cb027ab4887e3b23d,,,16117d6ccc279a1c56085302525052cb28426a30,,OCCURRENCE,,,2015-12-21,2015,12,21,,,,,,,,,,,,,,,,
8db34c7bfd21b07cb76e8b61413ba59c731cd267,,,468c2fde9fd4b0de7cdf5d444e1fd9a012998cd7,,OCCURRENCE,,,2016-01-11,2016,1,11,,,,,,,,,,,,,,,,
623bfcd55e361b37234c86e702e7358075007585,,,ae31d763d198ad7a64518eb697b3f87dc54a0997,,OCCURRENCE,,,2016-01-11,2016,1,11,,,,,,,,,,,,,,,,
6a0ee6d91a29d42dbe245507565d2b96a5491683,,,eafbc6f5c2a77d13c70a0f765d6f04b1a662d4ad,,OCCURRENCE,,,2016-01-11,2016,1,11,,,,,,,,,,,,,,,,
21504c5c2bd48a73ec02f995340e6cc98bdbb3ab,,,354190a79d43a444fd4d6862f0236af585cc06f2,,OCCURRENCE,,,2016-01-11,2016,1,11,,,,,,,,,,,,,,,,
51fb3f2484eb9d7527f1182890d88cf3e0d9e30f,,,0194733d23a77e301e0a1e84d1396b121bf4f752,,OCCURRENCE,,,2016-01-10,2016,1,10,,,,,,,,,,,,,,,,
0dc072271098dab1f790de3f63abaf99eaec7038,,,985e4120805aa7b77c832dc7c05ef61b7b4986c9,,OCCURRENCE,,,2016-01-10,2016,1,10,,,,,,,,,,,,,,,,
43f99404fb81ba0ca2658846686605c129004961,,,0da7719bc6ad8e31eee459d709fdd2f24952e048,,OCCURRENCE,,,2016-01-11,2016,1,11,,,,,,,,,,,,,,,,
5ab3e4e6d6874e164053ec1465b4baa8cd0287f2,,,f655f6de07acbc61762f9b326c9c64a85a23ed0f,,OCCURRENCE,,,2016-01-11,2016,1,11,,,,,,,,,,,,,,,,
70f08654d26eb46c30c3e7b5f4b641e119462eb2,,,5c87a471cad0da4edd1dd769046396236634f779,,OCCURRENCE,,,2016-01-13,2016,1,13,,,,,,,,,,,,,,,,
3c98b8baeb2b34735fd397d1c27650eef9d2a34d,,,b72795360727131cd12f02c0214e6cac7cebe006,,OCCURRENCE,,,2016-01-14,2016,1,14,,,,,,,,,,,,,,,,
ecf9f1352dc9ee1763740880d5d1546e6cf42090,,,783727a463e11482fc6c0efd034f47c39f87fd6a,,OCCURRENCE,,,2016-01-14,2016,1,14,,,,,,,,,,,,,,,,
ba63c4ddbffd0f391851774964cb3699a8ac296e,,,8fdf219b11a17a97c03985c69091042144a77c2a,,OCCURRENCE,,,2016-01-14,2016,1,14,,,,,,,,,,,,,,,,
cad273b99cdbb36b7a7ba842b9adbbae961d6f1a,,,7d65d8c465d07d4851cf05490da5f38446615efe,,OCCURRENCE,,,2016-01-14,2016,1,14,,,,,,,,,,,,,,,,
42a87eac1d0aa4cb7531774d872f3d51662ec367,,,4fbc0c7aabc59e7fbcc22b7aa6c40bb534081622,,OCCURRENCE,,,2016-01-14,2016,1,14,,,,,,,,,,,,,,,,
99c74df521e739b8c60bc65969dd080244b6247e,,,2d62b569eadd771dfc5a34169cb5822e6efd47ca,,OCCURRENCE,,,2016-01-14,2016,1,14,,,,,,,,,,,,,,,,
5a1a8e6d217f6ba3c6eb17eb03917f4a5cd55e6e,,,8b224939f21c27258fea0d05efeeab24640bf133,,OCCURRENCE,,,2016-02-27,2016,2,27,,,,,,,,,,,,,,,,
a8b247f18e49a79f8d8565a3d1e0f8e1fc941621,,,e2cebcc6acb3dfff8a4533410f0f5e4f54b60ed4,,OCCURRENCE,,,2016-02-27,2016,2,27,,,,,,,,,,,,,,,,
af54336e19dee8bb756ae1e7df40865a0b7f8ff0,,,39e224875a089d007cdad8d744662bb2e7c8a20c,,OCCURRENCE,,,2016-02-27,2016,2,27,,,,,,,,,,,,,,,,
7de3029afed87ef89905f94b97d042023ea61891,,,ef245fd1206cd9d46ca6e379b66aa0b93f744bf7,,OCCURRENCE,,,2016-02-27,2016,2,27,,,,,,,,,,,,,,,,
73548179e87d5e1d1154b082689493474c477ba9,,,25313405dfcd06209e5b068d97b78fa6749d1893,,OCCURRENCE,,,2016-02-26,2016,2,26,,,,,,,,,,,,,,,,
fcf6a2af089a65305bf9341fd4ebdff4b2e94318,,,d5c1922c58a492015432c7533ba55b2d73bbe751,,OCCURRENCE,,,2016-02-26,2016,2,26,,,,,,,,,,,,,,,,
e67f62f43996a01054420a492f5ae23ad16d3269,,,822ea0595fe63b19d302298a9aff7102ab8f4ad9,,OCCURRENCE,,,2016-03-01,2016,3,1,,,,,,,,,,,,,,,,
b0ac0a8e997baeca43e8a526c532115fc30e0a97,,,990537d1af55af5c7630652e9799c60b805f0cd5,,OCCURRENCE,,,2016-03-01,2016,3,1,,,,,,,,,,,,,,,,
c2ec1c169951c1b9c30284a9a105f02927484bba,,,78745c1de662a94fb29fcf98e2a58b5291b611d3,,OCCURRENCE,,,2016-03-01,2016,3,1,,,,,,,,,,,,,,,,
e6577aa61378da521fd2d33f95b47a7e18f7052b,,,edb7b786b484bfc13b7eb38f02736dfae1e8e959,,OCCURRENCE,,,2016-03-01,2016,3,1,,,,,,,,,,,,,,,,
a9b60b7d79f4d6460dc9f5dc8d8931ccea5974df,,,2ce13e61d776cb79dd95fcaba9d467f6301da8fc,,OCCURRENCE,,,2016-03-01,2016,3,1,,,,,,,,,,,,,,,,
577592cb9454b1f1794b2e3d1a7ae7fffd6fe846,,,5b6143698cb04bcb70e22e50bbc2079ca14369b4,,OCCURRENCE,,,2016-03-02,2016,3,2,,,,,,,,,,,,,,,,
7228cad63727b0a6336febd51d0897a15eb25042,,,bdb6d0895425af8486c2ea6cb87e2ccbca921db9,,OCCURRENCE,,,2016-03-02,2016,3,2,,,,,,,,,,,,,,,,
7396be7e1171c01ad7d6d2067cba5e8a5b5ffdcc,,,24debfeb05ea188591fa3fd393563ef559e795dc,,OCCURRENCE,,,2015-09-25,2015,9,25,,,,,,,,,,,,,,,,
3866c9d007b2001ad2fd0e6f487e6dc91f80c0c1,,,a4388b7ef22a88082c83ec4da15a6ce144c858ae,,OCCURRENCE,,,2016-01-21,2016,1,21,,,,,,,,,,,,,,,,
1dc1461755dd2ae98465e8f250313a06ada032f1,,,5a08c0405565086d4e2d59693ef8f66b3c06e539,,OCCURRENCE,,,2016-01-21,2016,1,21,,,,,,,,,,,,,,,,
326ad4157595dc7940fb666b4e0a2683af174c93,,,6030e3e06b1df6e1c13c83d12a3eb68f3a1e7f03,,OCCURRENCE,,,2016-01-22,2016,1,22,,,,,,,,,,,,,,,,
5b8d9fab36ba5f8e24f457b1c49c71c16bb4527a,,,51f6fbfce33ebe310e9dc228afb86333adfadf4b,,OCCURRENCE,,,2016-01-22,2016,1,22,,,,,,,,,,,,,,,,
c5a023f1f6e018f678f8041d54a4473a23aa7ff0,,,6c1c87d506f9b8e1389d4e6a0d1bc3302a954a44,,OCCURRENCE,,,2016-01-24,2016,1,24,,,,,,,,,,,,,,,,
1d44abb06cf40c4a8f0f7032bc3d7569490db781,,,0b33c99a6fc5510d59ad764c96990f82dcc6a7ab,,OCCURRENCE,,,2016-01-24,2016,1,24,,,,,,,,,,,,,,,,
6e416d03894d9f12c6213588868c9e76ecf85f0f,,,d118806b9d4d7653bb7c5143239ced5d6eba3b66,,OCCURRENCE,,,2016-01-25,2016,1,25,,,,,,,,,,,,,,,,
1dfe9c211f405c3ad6233765e43d16a0f9e7e510,,,434368555e6e989006414933ace0cf82af44ee69,,OCCURRENCE,,,2016-01-25,2016,1,25,,,,,,,,,,,,,,,,
45a5549a6c1fbe29358bed27cb5d71d09414b0ff,,,e247960fe540a88d7cddc460076aea71799e8221,,OCCURRENCE,,,2016-01-26,2016,1,26,,,,,,,,,,,,,,,,
9433194e5aa074e4a3bcfae645a5ca0939ea2ca5,,,8569afda58fc7ea0a88f551dfe54dbb474b02908,,OCCURRENCE,,,2016-01-26,2016,1,26,,,,,,,,,,,,,,,,
dd54167683a59926ad987c599a2e4ed0b3010be3,,,b82bb8fa7e1533bb5f1997812f992bb8e7c11c1e,,OCCURRENCE,,,2016-01-27,2016,1,27,,,,,,,,,,,,,,,,
b5fdb96d4abb44dc9369e8b2d59e69a235a423fc,,,e486a88003331d6c0e09b50b40cc5ff61e4e4087,,OCCURRENCE,,,2016-01-27,2016,1,27,,,,,,,,,,,,,,,,
f2e003e81697923a19232dbc01f54ceda4e92ad8,,,24debfeb05ea188591fa3fd393563ef559e795dc,,OCCURRENCE,,,2016-01-30,2016,1,30,,,,,,,,,,,,,,,,
886a9a02e636095d0cbfefde2e1c1572c34db373,,,28c34df5df5d4663fce47e257a7dc9cb0e691471,,OCCURRENCE,,,2016-01-30,2016,1,30,,,,,,,,,,,,,,,,
c10646036735b701e6691a511524a3ae9df8a47c,,,2ba46775457e3be973e377854e406e602ef2d551,,OCCURRENCE,,,2016-02-01,2016,2,1,,,,,,,,,,,,,,,,
06f3a71e3edf39d545be9461a267242730d6dd33,,,8366e2b2af1090c8a3e62d55ee3cf43e2f0bc9d4,,OCCURRENCE,,,2016-02-01,2016,2,1,,,,,,,,,,,,,,,,
917572b8f33443eacd4d6d8bd409f69a4dd8f0d4,,,a4388b7ef22a88082c83ec4da15a6ce144c858ae,,OCCURRENCE,,,2016-05-09,2016,5,9,,,,,,,,,,,,,,,,
37cb49614b6024678da3861dfa4dab78133eb485,,,8569afda58fc7ea0a88f551dfe54dbb474b02908,,OCCURRENCE,,,2016-05-26,2016,5,26,,,,,,,,,,,,,,,,
6fc26c1fa9491766a3f6b9308ab90a2528393e61,,,e247960fe540a88d7cddc460076aea71799e8221,,OCCURRENCE,,,2016-05-26,2016,5,26,,,,,,,,,,,,,,,,
ca4e6585d6d1e5e053d6435a24bece8c188a1e20,,,e486a88003331d6c0e09b50b40cc5ff61e4e4087,,OCCURRENCE,,,2016-05-28,2016,5,28,,,,,,,,,,,,,,,,
a7460fd8f947bc93613fb2cc6230d16124adc72f,,,192d120547b9edcb124bdc61fec39963a4f9191b,,OCCURRENCE,,,2016-02-04,2016,2,4,,,,,,,,,,,,,,,,
708a610f58cb22f09c6a2b75eccbd27ef9a4cf9b,,,95e708ef53c51814288abe36cc60053c20c39699,,OCCURRENCE,,,2016-02-08,2016,2,8,,,,,,,,,,,,,,,,
2ffb3ffb20ca77ac2c134fc86a986a1f0280ce86,,,22704f3799ad365a3fa759ced74734ffbaab71b7,,OCCURRENCE,,,2016-02-04,2016,2,4,,,,,,,,,,,,,,,,
343bb27f58ad30e5ff9110d05d7ea410e65198ed,,,d02f5ab1d8880a2375004d2c972e6608c1b078b4,,OCCURRENCE,,,2016-02-03,2016,2,3,,,,,,,,,,,,,,,,
7b10eb1aa9c9129fdc0239a9d230b14370ad9c33,,,5728a5b35e666dbb88804169355efa0ed5a6b131,,OCCURRENCE,,,2016-02-05,2016,2,5,,,,,,,,,,,,,,,,
a98a20aab9387c769db742cec0b809c014f4c327,,,5728a5b35e666dbb88804169355efa0ed5a6b131,,OCCURRENCE,,,2016-02-25,2016,2,25,,,,,,,,,,,,,,,,
4ce562d72ec5904a988eedcac19a9bd0014edfb5,,,5728a5b35e666dbb88804169355efa0ed5a6b131,,OCCURRENCE,,,2016-02-29,2016,2,29,,,,,,,,,,,,,,,,
2397400e335f63810a22cba9b48b9c4289a6727b,,,e5380ca0eba47a0c63c9dd217f6f3b7c6814c8fa,,OCCURRENCE,,,2016-01-28,2016,1,28,,,,,,,,,,,,,,,,
3e4d80b7c34988bdc793d0d81005299e789b7421,,,e5380ca0eba47a0c63c9dd217f6f3b7c6814c8fa,,OCCURRENCE,,,2016-02-17,2016,2,17,,,,,,,,,,,,,,,,
a724006be07e6378f3803d87bb627f8b2e2fc42e,,,65c66ce376a05af83971f2354acaecbcb1c08310,,OCCURRENCE,,,2016-01-31,2016,1,31,,,,,,,,,,,,,,,,
568cc7c755a8df9bf52755e5c27d8801e3219f91,,,65c66ce376a05af83971f2354acaecbcb1c08310,,OCCURRENCE,,,2016-02-02,2016,2,2,,,,,,,,,,,,,,,,
ade91d03876322e364bd4997477ef9ce41a2f3a3,,,c8b65906a45b582955e1a6bbb0db86ea133f12b6,,OCCURRENCE,,,2016-02-01,2016,2,1,,,,,,,,,,,,,,,,
3f9edf1ae310b5bfb5da9440240dc5060b53840a,,,01d813bf2202cd05d6fc69a768861c531c80dc7f,,OCCURRENCE,,,2016-02-12,2016,2,12,,,,,,,,,,,,,,,,
c75946830c43b1343d61d2a3cd41648d577b2b3f,,,74cc2adcf9c235d2772eecb6414c75b8e4749977,,OCCURRENCE,,,2016-03-15,2016,3,15,,,,,,,,,,,,,,,,
7a697f21e418dfc0c4a4c388d4eba5a36dfe7c6e,,,256de614ed2870d57942572ee7da8d05f3814647,,OCCURRENCE,,,2016-03-16,2016,3,16,,,,,,,,,,,,,,,,
cb96f57650aa2d1db9bf3f4c97c9f441a63930d5,,,256de614ed2870d57942572ee7da8d05f3814647,,OCCURRENCE,,,2016-03-14,2016,3,14,,,,,,,,,,,,,,,,
99727da2981ba1c81525c09b8e2c0d754c9e1f19,,,43488e36de2f93d327f5e06570b4a520fb3b0577,,OCCURRENCE,,,2016-02-08,2016,2,8,,,,,,,,,,,,,,,,
7544895929e236cbf243d416d51cd4cfcb340d80,,,43488e36de2f93d327f5e06570b4a520fb3b0577,,OCCURRENCE,,,2016-02-11,2016,2,11,,,,,,,,,,,,,,,,
3ce29ee59fb174c93d47efe40d65a27cdfe1e3d1,,,43488e36de2f93d327f5e06570b4a520fb3b0577,,OCCURRENCE,,,2016-02-15,2016,2,15,,,,,,,,,,,,,,,,
635486e3a007e8cd2fd5dd25ae59b4df92bd0c59,,,43488e36de2f93d327f5e06570b4a520fb3b0577,,OCCURRENCE,,,2016-02-16,2016,2,16,,,,,,,,,,,,,,,,
b37bcf65495c54973b28da1d871a06cc671a1863,,,7edf631ee01e9df91c5d4f952317a7ea1c6c416c,,OCCURRENCE,,,2022-04-02,2022,4,2,,,,,,,,,,,,,,,,
abef4a642e349648d5f610b08519d5ce27eb0fd4,,,40220764ad4cfab34e9c2cbe623e8f0209a43a21,,OCCURRENCE,,,2022-04-02,2022,4,2,,,,,,,,,,,,,,,,
cda419fdd0623e8220296ecf976dacf160eeab93,,,ed3fd62ac90597245f2e3b9e095b5713732b7018,,OCCURRENCE,,,2022-04-03,2022,4,3,,,,,,,,,,,,,,,,
022dcaf52c98cd029e137b55961a5bc40bca3a58,,,d169a62e1befaa2ec4daff60bea96464955236ca,,OCCURRENCE,,,2022-04-03,2022,4,3,,,,,,,,,,,,,,,,
0c70d86280bd666fccaf63748057c27aaaea6f2f,,,22bad5978084e49ba134d0c0cd42a9dd26e8382e,,OCCURRENCE,,,2022-04-03,2022,4,3,,,,,,,,,,,,,,,,
96cff1093606160ad105648fbc57b3c69fe7a2fe,,,5c16c859d41a7e38b314e9fa9afc21c7b994eac2,,OCCURRENCE,,,2022-05-20,2022,5,20,,,,,,,,,,,,,,,,
8fae849afb4f1ea4e8feaee428eb011512a34679,,,29f7b199eb17cbb422ea50fb99abafb6f7505e0c,,OCCURRENCE,,,2010-02-07,2010,2,7,,,,,,,,,,,,,,,,
6f80459ccf57d15ccda176ff6266b041214600d3,,,be59576393736d6987ee5778ae27229d105195c0,,OCCURRENCE,,,2014-10-17,2014,10,17,,,,,,,,,,,,,,,,
