georeference_id,location_id,decimal_latitude,decimal_longitude,geodetic_datum,coordinate_uncertainty_in_meters,coordinate_precision,point_radius_spatial_fit,footprint_wkt,footprint_srs,footprint_spatial_fit,georeferenced_by,georeferenced_date,georeference_protocol,georeference_sources,georeference_remarks,preferred_spatial_representation
797acff17771d7d39ad2779e56378bae00fd81ce,32779b605d76b14bbe3f547116543f2290fe7ed6,16.709,92.6157,EPSG:4326,,,,,,,,,,,,
bfccbbb0ad6d65d755449367ee56599e45efb9c0,2d615996fc349d2d80b5704adf80f61fb00b16e2,16.8019,92.32189,EPSG:4326,,,,,,,,,,,,
29a7a0097813eb91c337e7983f0c2291b409e11a,3ee92a503da9cf6fb540534d9f089cdadf7c6a42,16.78602,92.36719,EPSG:4326,,,,,,,,,,,,
9e01ba287e95efb181e64340400859e6158255d4,29f7b199eb17cbb422ea50fb99abafb6f7505e0c,16.94469,92.18388,EPSG:4326,,,,,,,,,,,,
ef8768c3d5d6eb20a83d97e4260198b0321a5a06,0325f7f1cbf9c2c04556d4bb92d129a4d507dd6b,16.88589,92.27417,EPSG:4326,,,,,,,,,,,,
12274b67f8db0a619488a75370bf8dda9f8cb3c4,0360eae101b021bed9535fd2bd4ccce7762dbf02,16.0118,92.0267,EPSG:4326,,,,,,,,,,,,
fa10599e54b316b6ede0453fcdbd075bf85f5e6a,d085c8d666080dbe9d195b403e0fb45edebf66d2,15.6653,91.8618,EPSG:4326,,,,,,,,,,,,
1950164270b395445bfcb35860f15e4545ecd96a,95570693bdd577291fc6aac2c25512331cc69eef,16.9024,92.3595,EPSG:4326,,,,,,,,,,,,
c32e395ea98051a547a6e92d1aa12b89c622226f,5a61e634ec49d3919b83a13434809a009040ffa1,16.89199,92.08374,EPSG:4326,,,,,,,,,,,,
b95acc3d62609b7f7666ed6c60584505e490fdb1,956ba4e17f3520fac3ba6c3d3de520528adb0d58,15.63746,91.78722,EPSG:4326,,,,,,,,,,,,
0c55a22535ff6ee1a1021b234c195bb42d3f116c,dff1a5995821d967a7154ee5acf7da85d7af30b0,16.7907,92.3452,EPSG:4326,,,,,,,,,,,,
5fe50de93c532ccde9f146a8c7b30923876c5cae,100d2d2b702463296601258626ea2e81bdc3e56a,16.80509,92.3606,EPSG:4326,,,,,,,,,,,,
01285c85feabf0b0c3d52caabee44ec2cd9e5f73,53b72321e3dd9e00962e772be846916b7527d53b,16.21103,96.53598,EPSG:4326,,,,,,,,,,,,
8b6c525cb642b5d961caa19e26ea3d3a1e53f5f9,c6fe78a0941c3e63c26c74466071459b163414c8,16.91625,92.13153,EPSG:4326,,,,,,,,,,,,
1a1f0786269b3707601b86114c2993e30ee4a1b8,35ba3a804cd866498be9c9c7b292d6a2fd48ab27,16.86149,92.10616,EPSG:4326,,,,,,,,,,,,
efdaebcf4c9d760efff867dfe5706f6df9b6e44b,9d3c6934803fc8b0dc7153a7c4b266ef1e5f46b1,16.8965,92.4505,EPSG:4326,,,,,,,,,,,,
a275f79a7ad6ae9402285c87c9aee10d474c2cb2,050f618e9372d404b3f6222300f4fba55a38ea6a,16.894,92.4019,EPSG:4326,,,,,,,,,,,,
c5a9a454dd85fa418939800325e2bd08aed5a08a,6373dd6f9b2ea9e1aea65aac8ac3324a4ceb7f90,16.947,92.4087,EPSG:4326,,,,,,,,,,,,
59c164b331365f1fc4bcc4db05405d9936e06cff,fdb1b8101942f9e092c1b54dcb8f19fa491fc32a,16.9474,92.3578,EPSG:4326,,,,,,,,,,,,
e935c9d290bcf6ef1c172baf0fcddab43cf7907f,d01b78de2650039ecca4a25a112eea0f72f36371,16.91399,91.95614,EPSG:4326,,,,,,,,,,,,
55a50bc37076eb01dd45ee4ec74b501581d97f28,7362fed6f54b7e9fbd3ff2e65cd564c94631e5ad,15.68064,91.72623,EPSG:4326,,,,,,,,,,,,
1960f25b02c81df703514895aecf2016cddf096c,3eeecbaf211eb4b1a22ec8ec000f69bb41d9bb74,15.71666,91.74551,EPSG:4326,,,,,,,,,,,,
c8f1ce7ef62bf676049e8fff3096a431741a5658,d9b78459b6029db1e914e82f008d62e6dfec0a8b,16.9394,92.4434,EPSG:4326,,,,,,,,,,,,
aec411f688278518fb85209d86e4bbe2217806ce,b6d9ca4a511f0741257decf1a5b2c40a642a7652,17.32212,91.27428,EPSG:4326,,,,,,,,,,,,
8f04f2871043ad1b5aad4f286bc3005d014104a0,7a3e6aedfd47fd75c5abdf6dc570c0ec6bf8f367,17.269856863868,91.1867926338454,EPSG:4326,,,,,,,,,,,,
e94f2167c5f4d6f9ad0e70c67bb39836ac4d6e5a,9e8503b2a4a7c7686b4deb5b41d2aec312999659,17.4639177294193,91.5059020556633,EPSG:4326,,,,,,,,,,,,
e68470e7ae41a6abb6b8ec5e758b400625acc480,7852ddc1b19b10304c31dcf2ab19f63d7ab1c170,17.3102691858705,91.222696372577,EPSG:4326,,,,,,,,,,,,
4f8bd37510b92fcfb73f95477f8eddffcc924f62,b4577f1ddb4cde00b57012dd2c7477a9461cb836,17.2782896108641,91.1573110162561,EPSG:4326,,,,,,,,,,,,
3e453804695d32f53cb4d8bca96b85ad30d7dc97,7fef7cd1590924c03d9b49623032f8dd7220f897,17.5451142226322,91.4872464732147,EPSG:4326,,,,,,,,,,,,
70e068d4ad2722fd078e835b3729cded00d795fa,adf5bc0a06a6865034e6c81f427156d56d58d97d,17.5702081960042,91.4544795043026,EPSG:4326,,,,,,,,,,,,
a55e70f8d1e8a53446e7e1ba22dd0e3d79e1d476,bbc433c4ab05b001d6e60b37153576067a5c3981,17.4182744884537,91.3241636245712,EPSG:4326,,,,,,,,,,,,
013e6457c011eeccc4a1aa152f48926baa7904a6,ba3436534983c4079d461bb2e04a63349818962a,17.5324257763688,91.3862692058384,EPSG:4326,,,,,,,,,,,,
f5ca10dff5bc2d5eac3784462d03798121b3ce8d,5b981d6f3dfc3e689fec55c2c483961a8c283d68,17.5402284796743,91.4035594618583,EPSG:4326,,,,,,,,,,,,
e7e0f94f6f83896204aab8eeb7e6b2604d77457d,53f04932a0045fef0d2b201db82b94627884f39e,18.46298,89.89098,EPSG:4326,,,,,,,,,,,,
ceba3058f604ff291728683ce1d0e67992556ffa,965b0c88175fc6aefa3686aed6e7070ea834368a,17.46133,91.43137,EPSG:4326,,,,,,,,,,,,
763f24f114352a021b7a402d3348812609c5daeb,6347c762f216546717849e542d763924d7794807,15.82019,92.92319,EPSG:4326,,,,,,,,,,,,
14a352a34665adf0e157bf9b746699d936e46d9c,f22eae97b3ae0b503ed9bacda7d99c1dc424f3b5,16.79782,92.31598,EPSG:4326,,,,,,,,,,,,
518b10fba7bc184349380e78360c4de5406f9151,e565c18e0c2df0cb8e65de9c81512b5572da12d1,16.78865,92.37189,EPSG:4326,,,,,,,,,,,,
392ffe376b9419b225ed89214fbcad668451f8dc,fe374820f0e731b99a4dbf7132644f661cf80c1a,16.7737,92.3421,EPSG:4326,,,,,,,,,,,,
7ac0f6d5caa9d22e1c43812a4d31cd6ec6b96e5b,8a82ed453701633f1b4df41d74fc3dbe3e950623,14.98055,92.17293,EPSG:4326,,,,,,,,,,,,
4b47bfa4f65f3a0c00945d0af8fd1bfb2e4b6424,2631313e559e96263581190a25339d71dd2013ad,16.72855,92.31024,EPSG:4326,,,,,,,,,,,,
cf510b85b2c19a02ba944980d45803be869fe19e,8c98bcaac607b87a29ba4ad5ab579ce60c326afa,19.41908,98.18226,EPSG:4326,,,,,,,,,,,,
21fcce48d4db5c433dcb4fd7b1a50e4931618265,20581667354b3fd11c1719b5e41e449757eb9e13,16.27872,91.69202,EPSG:4326,,,,,,,,,,,,
b20360974091901305057806b2391cecd38b8f2b,7e9c39406c5ddc68582129997e9ce538c4585dc5,16.7059,92.6149,EPSG:4326,,,,,,,,,,,,
5f18113b458fcaea07b8819891b86684c1ca6cc5,826e089d5613b3465f60710ba632461164da35ad,26.18908,112.07252,EPSG:4326,,,,,,,,,,,,
006152230ee852f71a7f57ed1e1795fde671576c,ca7add9800e0976e633c2f483e706bc1e953b2ac,16.7808,92.33432,EPSG:4326,,,,,,,,,,,,
ca5b3e95721b590e329f538e5cf6efbcac9fb8db,45a7fc9ae58454115763fefe8ef4ab222ff0b5ee,20.17703,103.73587,EPSG:4326,,,,,,,,,,,,
bde01193e221fa513372eaf1458e431ba1ce610c,6dd81b5187be711a734e56160742a87875614769,16.8824,92.2801,EPSG:4326,,,,,,,,,,,,
e4778c1d385192b3d4eb4a092e1fc96f7361d619,3080e3be266288d63c52514a1acf4980e06deffc,16.42974,94.24079,EPSG:4326,,,,,,,,,,,,
376f3a698ed1c9ff34bf0d54f4a9949278c37282,cae1d426d5e8b635f0a44264f52c687cbc1d6ea3,16.78428,96.36053,EPSG:4326,,,,,,,,,,,,
ad9ce97b93a1a854ebd7dcd414980262f1b321e6,d833758d00583158f92d93ecf3a5e6969e604826,16.79418,96.37409,EPSG:4326,,,,,,,,,,,,
e25906c24d6767f6598308d34813b4d5dbaf315b,be6634c56685b6c433ba1dcfb7a190cd95ad9639,16.32131,93.9832,EPSG:4326,,,,,,,,,,,,
ae07388d388c60aebf4e1d470db09fe92abcf07a,fda2226a92a8ec2f02b11fd70fb7f683d9aee972,16.94741,96.44855,EPSG:4326,,,,,,,,,,,,
9ba9a67f1055bd8734ab49d350b5079fde5cc92d,552a30da07886059ad677fd85b295ae8bb85cfd9,16.1352,93.6824,EPSG:4326,,,,,,,,,,,,
838e0a6abe381d68ecdbce6b02b87bf5e900a1cf,cc026141300454242e1f8f59e9d6cd3e4f4e4cd2,17.69995,97.36033,EPSG:4326,,,,,,,,,,,,
4bb8ab84fb4dd5f87faf5a9b2824f3fa2b8d4964,0f2b698318523d35c54faba6f1170fb9ac3c8971,17.04117,97.94527,EPSG:4326,,,,,,,,,,,,
5bde4e8176ebc6bc80e611758b016fad19b79375,22f7329d1cc7e7af283313eb46c769d2b0196bb6,16.95912,97.94205,EPSG:4326,,,,,,,,,,,,
3b543b0b10ec8110e4278d70fb0060084d24a41e,2beebd0dc9faea501240173bfe1d7ccfb688fedb,16.85212,98.00643,EPSG:4326,,,,,,,,,,,,
679b03a8697caba76604fabdb75c5bac98c3ed29,76403e412876a69b6b2a0419f7c972823336311c,16.85588,98.02454,EPSG:4326,,,,,,,,,,,,
5d5fedb5590d3d5a3d45b2558788c1197c35c81b,463a51fb0f1d9a6b491f2cfd689d855bca26e562,17.50815,97.50791,EPSG:4326,,,,,,,,,,,,
f48e1332be5051036d39275f3e1c263b7cbf6f31,0542c3140881de3e2e9a2ede5d1a779cc1a179be,17.54599,97.42853,EPSG:4326,,,,,,,,,,,,
6733398b0f5b9aa5ae208ca0c759dfcf2144eab5,21d89417531bcfb36b36954fff26e2d2716e35dc,17.43251,97.20507,EPSG:4326,,,,,,,,,,,,
6435f05ba7ed39fcd40a601a52786bae099a509d,b9699ad80ee07d3e2ee03f272ab4e45fd1e8f615,15.80996,92.93011,EPSG:4326,,,,,,,,,,,,
3d7240afecd8cd5aa5bddef6479102732c65d68c,7af021bdefdb667337f0ef9a02f6c6e9d07bd654,15.82922,92.91998,EPSG:4326,,,,,,,,,,,,
b0f40c3762f9b7d4d31b32b1ecd665b985800ad0,7635dbaedc7a3ccbd36cafe157157db8f4218f72,15.74953,92.96705,EPSG:4326,,,,,,,,,,,,
1ce991320e3c28532522cb32ba36ced8d65fce5e,d9844fef9af1bb4d9c7d3ba4c3ca6673e065ef76,16.60753,93.00938,EPSG:4326,,,,,,,,,,,,
72a2e1cfb1014bb70e205ec8b2ae99ae5a0de095,37b666675d6081755600cc06c24b6544e8022fbe,16.57045,93.01349,EPSG:4326,,,,,,,,,,,,
54b49d3f165ad38e1ec6f099d5beea26c39169d3,f418a9f8401c3620023e85d387af7fd3626540d5,16.45871,92.48244,EPSG:4326,,,,,,,,,,,,
fd27be99ced6f3ef3bfd9ef490bc55c9157fc23d,d31466bd826852fb36ebf82a65242eef11f38f54,16.48843,92.50895,EPSG:4326,,,,,,,,,,,,
18619e98c37c3ff5fa5799c7eb388440674644a0,c9cdc87dae7d733f4d2561b8b6477cc9bbb03436,16.47467,92.60109,EPSG:4326,,,,,,,,,,,,
c28243c065f488c79697b81c08ffd977d31e655b,1f4cbb3a28ca7b15a5ae68d1556a9928b87c31b3,16.70193,93.43717,EPSG:4326,,,,,,,,,,,,
916a41e84aad19f81a6a0f0c8db4e53657ad47fb,3d2abc71c91c559d29f829a7b3aac0ac51d459e6,16.68868,93.47461,EPSG:4326,,,,,,,,,,,,
7b875795d102dcf246cd109dc6786c6d0469396b,17ebf76f3b9d9a137b11b1ba353efea3568edd98,16.69664,93.45305,EPSG:4326,,,,,,,,,,,,
f512051385b7a916da6de4936fad61a4d789957e,9e67ae314e9ca5c953b34288f2170989293203ab,15.79094,93.04142,EPSG:4326,,,,,,,,,,,,
cdfd1b4a991dcf1b75706db9e387b083a6f002f0,ed3fd62ac90597245f2e3b9e095b5713732b7018,15.86361,92.9479,EPSG:4326,,,,,,,,,,,,
4b83f4c38eb5b4a625dd22c69c32033961cec712,25a9a990cf1f2e7793f5cf8ad7104daf8cb2d9ea,15.85345,92.9669,EPSG:4326,,,,,,,,,,,,
4f96065e5231b82c276dbb77d85ea1f2cd1e5023,19f3600f06a85bb7ee5661506889252f40ab9eaa,16.74557,92.62126,EPSG:4326,,,,,,,,,,,,
4f4f922252999e177b40d0c7492aa0493ca6ec18,c23b3b6c83e89d70facb95a707f88d68548bc806,16.46994,92.99347,EPSG:4326,,,,,,,,,,,,
d056722059d62cd04911daec1e76f09f485d179a,29b3a5dfdcbe10df955a64709150782447828891,16.34207,93.9544,EPSG:4326,,,,,,,,,,,,
4c3ce86f29e2a1141b56067a0e8f9c1a9acffffe,12be7d491639cd5283ac971d4d4f91264f349fd4,14.8888,92.4811,EPSG:4326,,,,,,,,,,,,
1050159555ebce06991f7c357f8d13b29a40f590,636981bf994eeb5e79ed4796dba8863a66ebc45c,17.4196,91.3228,EPSG:4326,,,,,,,,,,,,
b56ed4fc77291f6ea5ea647bf58fbe536f355285,23ea43fea75bf7491c3febe2cc95d3643b74f3d2,17.4487,91.4776,EPSG:4326,,,,,,,,,,,,
f10d10c126aea0ebd78bb6c32d5cfb3b87510430,846b3c9276b47b16f13708efc874143576c11db4,18.74949,98.17328,EPSG:4326,,,,,,,,,,,,
874a2cb2ee78ed6f47ee72e206e998cee727cc07,2c8a7532bd2d1700b291f86bc68bb6acebed7c49,19.1889,96.97434,EPSG:4326,,,,,,,,,,,,
e84403cc8f73e41e34dbb75ab3241e50d8430af2,43a524b69a7d28a9bccdc048cd585ced7ddfd0f6,19.18088,96.97369,EPSG:4326,,,,,,,,,,,,
7fbe4baf499e0a2b17bbcab865f386ba4016b5a3,82859365b8e9f1a92e46bed197e17c925f82e730,18.58486,95.07405,EPSG:4326,,,,,,,,,,,,
f7e12fa7079ae9c5af88a3c70f51076b15544c8b,4b27b4fcd2a7949b9646b1c213e1ffaf22cd456c,18.58123,95.09815,EPSG:4326,,,,,,,,,,,,
db5e62450505b94ca660c62d0db1d582e348e58b,e4e642ffbc0f077176550963e360a5a8bfd8fbac,18.66847,95.13125,EPSG:4326,,,,,,,,,,,,
65db1a9480089be4ae67daa20257f573f7a32447,887401f1f187e4b69312e4e3804cb87670a6fe9d,19.6569,89.87272,EPSG:4326,,,,,,,,,,,,
d7220e25b4019705e88970d0ede02bfd5889d54e,ebdfbe41266a9c2a16a9f75686f715310220c3d3,17.50282,97.68886,EPSG:4326,,,,,,,,,,,,
e90797f83b596fc6b76cff55380a0fa1907d1258,af94929a468b115bdc2eeabbd5afd1b1658f0a7a,17.11178,96.71669,EPSG:4326,,,,,,,,,,,,
69bac1106f6e0ad2ebd9fba83ecf2011a99c29c1,0142ba261135d6cbea0713944594e307f7291479,15.66283,96.55666,EPSG:4326,,,,,,,,,,,,
e5b2dd6871786792a6e0e2162b7f1b7c0c6147b7,ee11d21f7e53a21b0af7a72df0be67d22dbd887d,16.04243,92.01793,EPSG:4326,,,,,,,,,,,,
c19ba5775dabd1933eca8093f0a2399a3dc50444,cc53ab9e42fe70ee849b39703291c05d1c4904ae,16.25613,93.01047,EPSG:4326,,,,,,,,,,,,
b017dc6afaf8f80a95222f2d320e6ecf4013f7c3,4f94dff2e3449809de9fdb99de7da606f8949e71,15.97605,92.81658,EPSG:4326,,,,,,,,,,,,
e65662a7323fa257434828417399e2fadf92961d,a88be2d70608fc5ae83084dc5fe18daf1554c7df,15.9635,92.79847,EPSG:4326,,,,,,,,,,,,
4de92d415efdca1013fb2269f7b655627a8bb706,829795e246a33d6f2217d792c980b892ad882763,15.9235,92.75364,EPSG:4326,,,,,,,,,,,,
1d526bc74228b3cb9b685f7ab734d220d160a4ca,51d00239678f609bd88827b5b5e7cd20bd6f2d02,15.17367,92.42175,EPSG:4326,,,,,,,,,,,,
d5c99baa48757f1447e71f370024d2c4e1d9e8ae,bc6448ea6572faeda3511356e82e249e78e79239,15.0351,92.15142,EPSG:4326,,,,,,,,,,,,
c57fe6c29a4c7a107dff83ed7e837236fec6e52a,48fb87f202ddd1ff3bb3db15b12e1e108630d4e4,16.71027,93.00592,EPSG:4326,,,,,,,,,,,,
93d5f8024484401c71a1c251941a4d39e8a25bd9,2a9f2d0bbfd300f2735bf6976309d5a1c40e88ca,17.03847,92.18357,EPSG:4326,,,,,,,,,,,,
29dbe7941b896247de8a8c42698fb84e819d3682,a94535b4fb1e33fc388725767f510411682428a2,15.09994,92.14526,EPSG:4326,,,,,,,,,,,,
bbffb50d3a4523302be9e79156c40a9618663934,6e91cfc6c6aefe8818e6d48a34f592623cfd88e2,15.10338,92.14647,EPSG:4326,,,,,,,,,,,,
2d100c11f8d50fa17427f287012cdb0405b81250,5ab17bdcb41c8959635ebb07f36ccfa99942be1e,15.09354,92.14449,EPSG:4326,,,,,,,,,,,,
b72c6c76a2498e3ba08757c01207a21f5a9ba32b,91bff54c36431a30e9ccdabd4605c26ace461639,15.09254,92.14532,EPSG:4326,,,,,,,,,,,,
e866ccf498d5ef097422dec9c2fe4f6cbbf9fea8,b2fd1af23cf090a1dd7de516e9f472d3c5cfb444,15.77672,92.95191,EPSG:4326,,,,,,,,,,,,
93c15e234e714f05fd702f45d6f45c590e99ae74,0255a4365dee6144878c7cc70ba2954f5cf66d4e,15.72697,92.96687,EPSG:4326,,,,,,,,,,,,
796f1c7e112444803aad9acb40ecafa2946704da,8abf3d06c07b4373d927959dd0fd4dd5502c510d,15.74512,92.96778,EPSG:4326,,,,,,,,,,,,
48e5eb122f605cfeb67fab81b2aff91267caca05,2a03f5363c2b05440a235d40c5f259f46b4efb74,19.5885,101.6155,EPSG:4326,,,,,,,,,,,,
205a7827f68c1072904d6aaada38f7c01500ac47,f0f9effdf27be759249f33d9302066a5ae305fc0,19.56592,101.71788,EPSG:4326,,,,,,,,,,,,
8b0ae6883607c170dab925a42faaf5ee124ca137,9084e0659918de11e0810c230c50ac75b11619a1,19.53428,102.2483,EPSG:4326,,,,,,,,,,,,
9e033ebec98a902030fb82d4a689c83246e02426,c34717a3feff0fd1390e9948352f3777ab06fc09,14.783,92.3679,EPSG:4326,,,,,,,,,,,,
b7f802fb7d1c096192f7bf5e45f55d4a456c1d5a,b483c13b21c6a8953a1b7d064783b116257ee207,14.94,92.515,EPSG:4326,,,,,,,,,,,,
1708ce75ebe68da0f80dd4d8f92eb2cb8a7a6d2f,972f2607804e5978119b2d8c1dc4a1d4b88af7bc,14.8148,92.342,EPSG:4326,,,,,,,,,,,,
880b36d9d795a65046660074a935d582053a9281,7fc0b58abb3931e7fc20e0d92a280d5a088c5e3e,15.57104,91.84962,EPSG:4326,,,,,,,,,,,,
4027adb655a4abbf489708f86a66189e65a879dd,e541b57f92a321cd4e2c9980f3537e7a3c185688,16.9156,92.0483,EPSG:4326,,,,,,,,,,,,
29fc83717173e99335187ad04e5471d7ea4cdcfd,fb7bc71b84dc9f961e5538c6dc0bfa7d98e5f671,14.8867,92.2866,EPSG:4326,,,,,,,,,,,,
4f9b1cc33bd89a7aa8ecc491832bd18f2adb2a51,a571a8616ce72df18327398f71816bcf77783a9f,15.6071,92.2143,EPSG:4326,,,,,,,,,,,,
0d7b24dbf4ef404a4994cd1ea82b32d3bdacdf0e,cde912c41a95845c4f0f9ff16dbbdace95e5d818,15.61016,91.74186,EPSG:4326,,,,,,,,,,,,
42f901768a32b3796b804a403f15e96f014dbf7c,45812b174302b1c11c3c963886492a69d86f329f,15.57402,91.81413,EPSG:4326,,,,,,,,,,,,
5990162ab472576bfcf0a3f982b8fb889fae9a3d,bbf63c1f80240bdea2fa7ea57566c5182f25cbdb,15.68597,91.78158,EPSG:4326,,,,,,,,,,,,
583f7af303c97e7d759c62dc4ebad9e7e55b29cc,e4af690022a6f8ef85e9c7adb4742480c6e8f1a1,15.67407,91.95515,EPSG:4326,,,,,,,,,,,,
c31d19ab2f9c4b93ffa1382fe934b3bb9b9f56ba,cc4de92cd1588b29deb6da4777db29598aaa1caf,16.90044,92.01452,EPSG:4326,,,,,,,,,,,,
94004b682a6c519f0865b73a6144070e03be9f17,ae8035f984b7f698be9fba1b7ee35043406801a0,15.66123,91.82008,EPSG:4326,,,,,,,,,,,,
e4bde8e7c370b7ea4d8494f62d8b7db61c9aabab,2422a903d46a76720e32bf31a02ac8d770588a11,16.82235,91.97311,EPSG:4326,,,,,,,,,,,,
1d08d1ab328bdd871769d2534b500903256a2c2d,39e9bc86f8294333b316d33d5704810bbbab0abe,16.847375,92.037983,EPSG:4326,,,,,,,,,,,,
85e014957a77f9c7cc94079194fdc394f0b571be,7d764ec64a7a4b0748f9b0c124fd225958d15421,16.69431,92.78112,EPSG:4326,,,,,,,,,,,,
b7b33750d3c5105e54f3b14f2e231f099e742b10,fdf6edbdbaea3fd2323cd1d9f970d37f26d3a005,15.61604,91.87273,EPSG:4326,,,,,,,,,,,,
48ee01a123e15e17b784f0174090fa30c90c6839,c18bd00bef83c117a8830e9715737acdfa38b76a,14.6397,92.2675,EPSG:4326,,,,,,,,,,,,
65661874c414610149f49a6fff6d77fc245aee9a,d50493371d59b677000c9d15d18fe95e762dea94,14.76,92.3002,EPSG:4326,,,,,,,,,,,,
4dcc12d1ee273c6fa5bf07691bf49742c80edd9e,276f33cf6970c5e6d0e901826df14204875496c6,14.94,92.1592,EPSG:4326,,,,,,,,,,,,
281d76d41113a1926f3420caa6a0c3da34548fd4,7be876468ee74a5d7470ae8a3092bf308e2ef5e7,16.69018,92.79971,EPSG:4326,,,,,,,,,,,,
f50f254c3d34a6327d2869e34861143e22d3ee7d,70776cd8b85318a4ba43232729955dfc5a2941b9,15.5802,91.8617,EPSG:4326,,,,,,,,,,,,
7b574f02be36f9b8f881a64d001dc7918fa9548e,b8fe9e5ee7f6b1698d68e6b61b366109968f22cb,15.6521,91.8038,EPSG:4326,,,,,,,,,,,,
d02116038c3cba4dcfd045fc60b5b3d1af7a6315,99df42bf1f21432d5ea8d5dd728eb22695b06774,14.9733,92.1546,EPSG:4326,,,,,,,,,,,,
bc01b439511ab992df844c5b0fd91cbde47fdac8,703eaed2de8268925e1e9464ee2909fd7fcde544,15.5689,91.8414,EPSG:4326,,,,,,,,,,,,
89af439ef2018136afb867f1b41e88606ca70fb6,f58b994717e74fb73cb3256a371b1199a068f7b2,16.91296,92.3218,EPSG:4326,,,,,,,,,,,,
fa0f8e2cece537cca1a2ff0a81f74e4ddf440eee,260e20d3c8f6c20b6d9573c02e3fa310091f785a,15.3716,92.2371,EPSG:4326,,,,,,,,,,,,
98c69f48e70a9ad52adc5d8c8b7ce9ae1895af41,eed51278dc994e1d93fd7179460443431bccf9fe,15.5684,91.8277,EPSG:4326,,,,,,,,,,,,
f5e5b26222376051f56927cea637b852abb05dcd,1acc723e556fd22d5bc5ca41e6d36f77b7d7bee5,14.9855,92.1705,EPSG:4326,,,,,,,,,,,,
3f5711f8da89c83db7c4e0fa13378667ce5c1863,f3fcea5abf552e4caa2456d5e2dc0e461266add3,16.4768,92.4922,EPSG:4326,,,,,,,,,,,,
74df090ee12245674df16d51bb27cecc46ffa92a,e9b5033a6e84f48bbd63ef069534f713edef9e30,15.623,91.78,EPSG:4326,,,,,,,,,,,,
830a905d3c055d52d955187d940352eb12ae6226,528d6177c6b2e320d5c385f235b1c7aa1d0dfcd1,15.6679,91.9552,EPSG:4326,,,,,,,,,,,,
82318124d0f3e2382a19ff296a5dcc09d4bc3ec0,a6f58ab767af8c353668d1acdb9eae225cdaf123,16.1117,91.62929,EPSG:4326,,,,,,,,,,,,
4d429f454ade6496136c0adfdf8ef9ac7457da41,20f08eb3c0f6f3f8d36bfcced80ac33b614604a5,14.8455,92.4658,EPSG:4326,,,,,,,,,,,,
b97e90d0df3dd098af8faee2989d08cf00b2a2d0,7bf320ca4fb128bcbcb104f9fa47517f4dbbe3b5,15.6668,96.54062,EPSG:4326,,,,,,,,,,,,
b55cf794171b97673534c8cba191664d6e6dfdaa,1c10c344dc6e71ad09ff631c27964a95a3dc7c53,15.0618,92.08,EPSG:4326,,,,,,,,,,,,
dacaf63a0dce0d81f876310fe3c26df07a762dee,ff8d6ffe8998666dfdebdcddf4497e096fdf46de,16.748,92.9747,EPSG:4326,,,,,,,,,,,,
d6b20aba48cae2d0cf0fd4c43cb1875ded31e7b0,1210a5bac07073f97913e506072079cf9f153dbf,18.96952,97.28791,EPSG:4326,,,,,,,,,,,,
bb7a18187300c5727dc4955c72526bb08a03fe6c,75e3679a9633e675f39c04b255838378e1615ccd,16.6386,92.3973,EPSG:4326,,,,,,,,,,,,
095307c0d3ae45972d6d2d8c2c4041d7571d5f06,cd5f9031608d7ae02f717194f1bbfe9de50b9002,16.6369,92.3314,EPSG:4326,,,,,,,,,,,,
d12200d62e6ee0b6931c4b001ae414da349f4e0a,3dd92bd1674663509a29f06d103e602af2b058f1,16.9785,93.54453,EPSG:4326,,,,,,,,,,,,
5cd84da71de9f159f12efc4a0aeeb970e144ffd3,79f8e6ba8a3ba00ac938b3057dc73510136162e9,16.7102,92.6263,EPSG:4326,,,,,,,,,,,,
1b276f5d88e36866958c95ecacb2249d3b110d38,efeccc16269b56807912df646e60c809370d4263,16.7506,92.666,EPSG:4326,,,,,,,,,,,,
d133df5e5310afdb504f3e32b90fb4f7e5a76473,8ec23f5847abca61b1cdd4b9c0a40de6990a4372,16.7613,92.6703,EPSG:4326,,,,,,,,,,,,
4434c455360df3e3e4d99045920cde0df3260f0a,63a7ceb5af257078009c9398cc842c4b164d6ba4,16.7339,92.6175,EPSG:4326,,,,,,,,,,,,
dc635e313e2f93beaa544658d60aa95670088ee0,5b2898220ff8e9d32e26cae6f79e1144e52df30b,16.7142,92.6218,EPSG:4326,,,,,,,,,,,,
c9aad1e86f10702a66bd8ac354dfaf3c29af8a83,0c62cf3d1bf113881d5b341888aab2d9de202992,16.7331,92.6259,EPSG:4326,,,,,,,,,,,,
6fd7371fac96b47dd6f6b8a60e4d55b186e9a8f2,7d34a1774a05cdfa32c6ad096bae92b5f7d566d2,16.713,92.6532,EPSG:4326,,,,,,,,,,,,
8e03698847e40ac90fe2b82fea8fa2ed609155a3,275f389d05ad092c0f884387ccecf03c8614aa99,16.7136,92.6084,EPSG:4326,,,,,,,,,,,,
d62a14235036537436560f7ce689ee64ce9c11b7,2a7aa2cecd75195fbf1590efd4fd30e10d61d832,16.7424,92.6235,EPSG:4326,,,,,,,,,,,,
1f5be3ef4a9d5789acb0b2267dc30aa1dbe19b3e,6ee2c01a3196c08ffa573db56bcb4d70122eb45d,16.7319,92.6475,EPSG:4326,,,,,,,,,,,,
948e3b147a5c003b19ad9f0933c9f93c8d741d12,5c2229620023d4cb2e1e5e6c00a62c8905b62a0a,16.7479,92.6428,EPSG:4326,,,,,,,,,,,,
1dbc4596c01f6be916b397cf08466a1ee91f2dca,c328e86e0452fd9e5e5954b2c0cdf3c3b3f49884,16.733,92.626,EPSG:4326,,,,,,,,,,,,
a6fdb4eab3055fe06bd076a39a471bc7f2404c86,7ec924f641e502288eb8c22905c3c31d1513dc26,16.7407,92.6277,EPSG:4326,,,,,,,,,,,,
b561701c2673ed803c0f16a405c3cff8cb38620f,33670f3a593248ec0d782022297eb669c2517895,16.7193,92.6589,EPSG:4326,,,,,,,,,,,,
ce32501b8dfb3d665f906e54bbc028ce610f405e,d66ec551ad2e7c7a88efbf44c5b68b555abd5457,16.7063,92.6157,EPSG:4326,,,,,,,,,,,,
03e7c39b2ca37264fc398d947e428f254535d7d6,fe4fc17e8a3ad046e1e14ab62ebcac78db5cf3ae,16.7374,92.6337,EPSG:4326,,,,,,,,,,,,
1b41f99a33b9942c1a1233c3e04f4892596cc78a,a63a78d0e139cea19d5eaf34ab1bc13c66f1df0c,16.7276,92.6401,EPSG:4326,,,,,,,,,,,,
201578e24e597100513320fdafe74db24df154a1,a590be0a7ae785bc32675ca55ea728024e91c45f,16.7062,92.6069,EPSG:4326,,,,,,,,,,,,
5a0cb0fa58d283c036350645c9e25ab404f3029b,8430d5e81de472210623a36258df159a8dc5758c,15.63791,92.13083,EPSG:4326,,,,,,,,,,,,
e9f342fd2939a14d81b50c647ab784572df06928,54a7956c8bbb6f32390988cb23473c5840fa958b,15.69929,92.15029,EPSG:4326,,,,,,,,,,,,
0ce6320ad3aecbf8bdd6d347dc6f175d74954b5d,ecc6c85d8b17b3462d13db4f2f0586201172ece0,15.63915,92.13881,EPSG:4326,,,,,,,,,,,,
3a27c469840497136a7cd5a1eea639ce25f86822,11b6d51efae8594b4c651e361cbb044617b3bafd,15.63684,92.11624,EPSG:4326,,,,,,,,,,,,
9f06c45bdd96876c856d0dbb49b6461f2045a43e,b88810a1a0aa9e5b2001800d45862c08aac5f634,15.69795,92.15615,EPSG:4326,,,,,,,,,,,,
789a8e08d29ee62bc059708e24a239b814595009,412772bdd02aba352b07106d5463a5e728de9f6b,15.7002,92.15752,EPSG:4326,,,,,,,,,,,,
cf712ba8470ea8a3dc592944adb71edd3a2043c8,c70b0b8af44efe666a8e392c171bc431137d1e77,16.70076,92.86656,EPSG:4326,,,,,,,,,,,,
4484588ecfd268b8eb8e31f9156e89762d7a2438,69452dd9d4afffca06fae22849bd048409c0190a,16.91784,92.91729,EPSG:4326,,,,,,,,,,,,
782893c6b8bb16cc594cfabfbe15f647a1b1142f,20a362aaa1a8bd284d1088c00f61572817d21db4,16.16865,93.50988,EPSG:4326,,,,,,,,,,,,
93f6e1a1fb88f403df17bb0eaf9455469572a508,ec863083d69d22f58fbb34067969089633e7256e,16.1527,93.6091,EPSG:4326,,,,,,,,,,,,
5ad91abe589db4f9fac3bf26a0c6d60d229fe909,f0e30fcea0b9762a2a18be0551753c11c7819a77,16.15206,92.38493,EPSG:4326,,,,,,,,,,,,
0650c303bba70f8297629da9c5c175958aff3222,e90d2edb205e6508e503a74b503b966a8329a485,16.13092,92.40914,EPSG:4326,,,,,,,,,,,,
a56299be69e8fa19eaef3a11b444f4b8135c70cf,9521fcd86c8bc87cd9f8ca1e54d20a91f0f9ddfe,16.10118,92.44592,EPSG:4326,,,,,,,,,,,,
5811fe07c68377ec73167f38bd3ebee0d356823b,a0ecef6ceb7c2fd74e3df25d989ee7effa2855b1,16.22243,92.35469,EPSG:4326,,,,,,,,,,,,
8d36706e908823b5feb42e0971811915b34de642,038236faa0431831a54a51c9558406039de2b579,16.43619,92.40099,EPSG:4326,,,,,,,,,,,,
bb17aa69a6817a82b874882aa218d8304b17b282,6f27b722f50d29e50621917cf91f8cf0eeec56d7,16.1479,92.31876,EPSG:4326,,,,,,,,,,,,
8376d58cfb2a40ec90fa03486873da8f689a44b7,bae3f523b2c178188a71e1b0fa523d9935b52183,16.34328,92.38043,EPSG:4326,,,,,,,,,,,,
eeae29028429e57eb798e0bbb02c39f8de16cc1d,0e1bdae3931dac2598c3876947bba050c5245a98,17.12846,96.44551,EPSG:4326,,,,,,,,,,,,
e6338f6f226cdc4b03143984658f66d494761123,d5039197e013bb3e752673cdf4e69d072cd30c01,17.1867,93.5274,EPSG:4326,,,,,,,,,,,,
8f4683237dcaa56a04be8e3f18eb29a67b1bf50a,6a55672d848d523bf4696ce8e96aa752f47099f5,16.60998,92.68538,EPSG:4326,,,,,,,,,,,,
4f31acd018bd5f92e9dd34f0cae98926154d2f1a,3a8b5aedc5cd4d2a18c3fd65fe76c3059b0f1872,16.60415,92.69944,EPSG:4326,,,,,,,,,,,,
ee011950659c7c9b3ee4c7ea1a95c730fbbcb7ee,041b6c5d8ee090a41e377dd33ec8ca26f4796d23,16.58474,92.71923,EPSG:4326,,,,,,,,,,,,
57e458dd4d2f34d2d6e5f9e2244942f2e36ddaaf,05157e1b73415910cbff5a4698aa964908cb34c0,16.6077,92.72165,EPSG:4326,,,,,,,,,,,,
1361f6e14fb522f449fc852eb7ae0224df534ea5,b2019bcd0c8b283a0fd3b50c957552572e7c8716,16.03018,92.02205,EPSG:4326,,,,,,,,,,,,
56f8d1222b3ab34fd7807f6b9b9433ec3dd04e88,6cbe7ac8d4248d5e45d4984d6ff57e45a66522fa,16.05073,91.91535,EPSG:4326,,,,,,,,,,,,
fcd77f17a91b7f6ae4019d4701f64eef54e50be2,955b90df9368ae56cd586feb4ee3f7d3bb7f0119,15.87867,91.9964,EPSG:4326,,,,,,,,,,,,
c96ff6ad66c32bd9c67245c78074d8dd4dce36c3,77b7b6617c2a193db777e4da7d708606984525da,16.03241,92.08958,EPSG:4326,,,,,,,,,,,,
6508c63a82ce15e1c935a2658924f7ecef691bf4,85380aaf36b1354684275caa0c84cc9fa6e4e606,16.11908,92.20726,EPSG:4326,,,,,,,,,,,,
a7d83d4f3828e491743da40370757b0a2d39de49,6b7728838f51a60dd7b910710686b9ab71db37ee,16.11546,92.19632,EPSG:4326,,,,,,,,,,,,
6305a16ca518fb7b2826401bf2bcd38ebce3dcee,6c7b43ea0851263ebbc9cc5306b2c401ff984148,16.487,92.97316,EPSG:4326,,,,,,,,,,,,
0970595e1e0a27111897b33c60df3b33e3214ee2,80fcf08172087b1486e7e7b97aab122c04815d17,16.48989,93.0,EPSG:4326,,,,,,,,,,,,
909dd4fe6077efbc93bf9bff919af393956ce4c1,b2619a2e8214ce11011cc08ba21f354163ef1b11,16.41729,92.90731,EPSG:4326,,,,,,,,,,,,
3c2cb8baa1a670c3d059ea15226ccc757039865e,ce02e46b1dec90b13fa4d9f210dd347163b65ef1,16.3665,93.04094,EPSG:4326,,,,,,,,,,,,
18fba1181d89274092080785be1e64ad3e82a7d4,0e2f3276fcf47d92e04bbc63dc156ae3c77afe4e,16.35593,92.9626,EPSG:4326,,,,,,,,,,,,
3cb94f385dc3887a1668c3cf33c26a844188352c,79457de547520ce2387fdba215c73790ba5f03d0,16.36388,93.00394,EPSG:4326,,,,,,,,,,,,
2a1d22c30b25c6a6458809a9f9d34d81f200381d,5f1a267860045115347e655060fa4dde53101455,16.36631,93.0675,EPSG:4326,,,,,,,,,,,,
4ddb7549e159b8214998381399656adaf9c1bfbf,52d47fe0aa0b8c7188fb8a188cc72369dd5990a3,16.28806,93.19163,EPSG:4326,,,,,,,,,,,,
81f5098e0503847b84fa1fd8122973fcd3d84a05,d3fcedd94a391bc8b617755432176cd8d73b24db,15.73103,92.58577,EPSG:4326,,,,,,,,,,,,
bb6144c902b708fd47366a22c4170c5aa40d6fee,0dedcbe8fa2753c35584790bd8290b33c7c725f8,16.7148,92.55912,EPSG:4326,,,,,,,,,,,,
c9acc394c427d78e6af1e9c9b9a3e29f78ce1841,dc353a5b2d6a13cb15c44e7cf765b6ff88bbd466,16.6608,92.67874,EPSG:4326,,,,,,,,,,,,
944dbbd1995830319d004721bbc00e8d1ebb7055,07d4e158ca4717e93ad356a8c8445ff009ed5dc5,18.76192,98.17253,EPSG:4326,,,,,,,,,,,,
48bc3e99dcc9b7e636a87c168452de897f7fa6af,17bb26e83268579fc501467d4a42e0767830c7bb,18.77071,98.19099,EPSG:4326,,,,,,,,,,,,
75e5d0dca0a0b543dbb189bcb276778f41b7f6f4,cb439e483bf5431d1e9296c3c58a74bb2b28c859,18.75558,98.17335,EPSG:4326,,,,,,,,,,,,
361a9431f8013805a5e8dbf09532364083a5e2e6,c9c94caabd810e3bee427cfe5ca2470b24411f09,25.2525,100.03555,EPSG:4326,,,,,,,,,,,,
e2fcd6919978183e2ab24f6e87dabb80c9972d79,3f917830d4c1bd798c0049282c0f6eeb8425567f,27.02446,100.50801,EPSG:4326,,,,,,,,,,,,
613875359442dd931a9375caf9ac1141cfbc77c9,efdc4989d9c7d51ddec66190cf95cffc5d705b1b,16.83907,93.44034,EPSG:4326,,,,,,,,,,,,
69beb0d849524d2f41ce649e177f5a457db855d4,1570aae09ea208670589219ca2edac309998c744,16.8345,93.45762,EPSG:4326,,,,,,,,,,,,
e7050118d59c9d0395cbe814dfa7bd4d284bbd28,738a8419f2e6224a033b63858bad4887cf1b05da,18.71186,88.6134,EPSG:4326,,,,,,,,,,,,
7944d8192dc800ce91875d5c26c1c6e3c4bf257e,db4cf67a70c0c873bf6c118a5cd9d1b49b44c565,18.71198,88.60832,EPSG:4326,,,,,,,,,,,,
9f63cb653153fe618d54a0b4ba89b43e2143de57,935df4760571dc4752a8a879cc823b326ae63843,18.70642,88.56887,EPSG:4326,,,,,,,,,,,,
562fc613805e83e8ce6aa496e4d165460bed296b,905d1820aa8987f2ab2e5167b4a367d995f9abe1,18.68472,88.42405,EPSG:4326,,,,,,,,,,,,
6c24690a5a1076a62e6967159e2e8cb7b6835c52,5dd1bf4b84a12a6a280e2007a7367e84369f0608,17.10399,92.49188,EPSG:4326,,,,,,,,,,,,
c97ce572a764fdf2eadf1d756b500187cc24072a,688f182cbbc41d6a4f8a7134c03ebd8dcd4e9bf6,19.004,99.11074,EPSG:4326,,,,,,,,,,,,
566535c0c2bfdcdbd54ec67c65cce216a4aa618c,55ec0a46bd98795bf19fa7fbc276441a78b31c71,17.15561,96.75833,EPSG:4326,,,,,,,,,,,,
13a7fa052b16d924851711d0608f6411888eef93,484681da6d9c960f004a27483d50fd3809ca767b,18.97067,99.07678,EPSG:4326,,,,,,,,,,,,
1cfd0ec1560c671e31430a07c16f6834f5b8cc32,a008f1aff2849ea88f3c289aa699179711147e04,18.51658,98.412,EPSG:4326,,,,,,,,,,,,
10134f86348f9cf673253555dc44f7d71c097572,31c73712cb083b5a7d81c842ed494690428514ed,18.93742,99.04283,EPSG:4326,,,,,,,,,,,,
6e4d20db004570fcd17e0db5d03024881cdada12,c594a6bda5792d6aa7558e39ba5fff949a0760e6,16.16864,96.49786,EPSG:4326,,,,,,,,,,,,
b6cf312737953bc830e8712217cd515bdfb1802a,1472e912652e250cfabd3767b7136a1f93c62d5f,16.88488,92.9293,EPSG:4326,,,,,,,,,,,,
eced9b33af038a789a7136bc31c80519f8b8393b,e24d9c6c1e312996173362f55658edf42bed804a,16.65063,92.42912,EPSG:4326,,,,,,,,,,,,
d22b3ed84973df706d411cdd50f7c70a13fddaae,ec2bddfe9370bfa5967db64c0ef67c4e07fcdcd4,20.09694,99.90361,EPSG:4326,,,,,,,,,,,,
18886dc11ec91ad54604ea314a0be3ec57572979,3d167cc75e634cb676525776518d906adc34c3d5,16.98381,91.57217,EPSG:4326,,,,,,,,,,,,
66b0f5cf4d3f56099a51bfb274d0a3b42d050bad,69219ce86719e50b6d7f573e08f4f8ceefcc5b6d,16.92625,93.45562,EPSG:4326,,,,,,,,,,,,
417ef8c95f146d47c33cb3094605ddb4fcd69624,e3fb44733250235e25208c8c78ce12a57693254d,20.85064,99.58828,EPSG:4326,,,,,,,,,,,,
65c2b5472bde0ebbb8ea7a74dd47d577daccf6e8,164baf32e5ae02f088b3c308fb60e8d6deb2ee46,16.17409,96.49235,EPSG:4326,,,,,,,,,,,,
3e603bec6baa1c9204646857f21247af46ee2020,91fd239d83a4831a6e84d6842e2f934ce2c8404a,18.86781,99.64884,EPSG:4326,,,,,,,,,,,,
9185a5fb4d0fbeacb1da76337e41f2b9b3acb5de,354190a79d43a444fd4d6862f0236af585cc06f2,16.17017,96.49415,EPSG:4326,,,,,,,,,,,,
4399c6460e718411d34c2e1b7a6c2ef5556583a5,d1f10d6dc5601e51ed480230cf1c36779ffd2b4a,16.71654,92.85908,EPSG:4326,,,,,,,,,,,,
2f9a8da0ec2ab59fa090f09695405b1b646a9248,b35be8bc6a6f462891e192e3bf17b7d77c7dd51c,16.72828,92.81242,EPSG:4326,,,,,,,,,,,,
6529c540e3e6ce39b90652a4831ce86e981e7023,5c0f664474b9eee9f9a49d7046330c5ad6771c78,16.44849,92.40286,EPSG:4326,,,,,,,,,,,,
77e156bac138c9e022dfaaacc2ce59d776e2eb4b,685832839a26cb7b556e320e0ae04628ac1fda92,16.32169,92.41574,EPSG:4326,,,,,,,,,,,,
86f28581e9a8e2bbbddf8aee51666952f3a1e5f2,16117d6ccc279a1c56085302525052cb28426a30,16.40147,92.73015,EPSG:4326,,,,,,,,,,,,
3093f17b0aad8f3decdb752cace0768cdf603119,468c2fde9fd4b0de7cdf5d444e1fd9a012998cd7,16.84316,96.65405,EPSG:4326,,,,,,,,,,,,
74c309ff9994bb27e9ba2974ea89d74bc68b279d,ae31d763d198ad7a64518eb697b3f87dc54a0997,16.50719,96.73696,EPSG:4326,,,,,,,,,,,,
13e10e2c4b0077974c31394e9dc5a0de31142a03,eafbc6f5c2a77d13c70a0f765d6f04b1a662d4ad,16.41448,96.66933,EPSG:4326,,,,,,,,,,,,
740dc384a49d24b52f073067c46ad178806b7a05,0194733d23a77e301e0a1e84d1396b121bf4f752,16.07961,96.47385,EPSG:4326,,,,,,,,,,,,
b88c1bd5ef11908721c932ae851693cea46459ff,985e4120805aa7b77c832dc7c05ef61b7b4986c9,16.11575,96.47539,EPSG:4326,,,,,,,,,,,,
919eb06f605926d3e9944341e343eaf0528d20bf,0da7719bc6ad8e31eee459d709fdd2f24952e048,16.27867,96.58105,EPSG:4326,,,,,,,,,,,,
e68049a2b5ee14d3b0d36b51beb082e4f853ee8e,f655f6de07acbc61762f9b326c9c64a85a23ed0f,16.24921,96.54864,EPSG:4326,,,,,,,,,,,,
e3ce1cc75d5e233cbc1dff54fabd8b15efc54b50,5c87a471cad0da4edd1dd769046396236634f779,17.00791,96.45296,EPSG:4326,,,,,,,,,,,,
efac83ddb36e4d42ec448cd05dc37688c048e9ac,b72795360727131cd12f02c0214e6cac7cebe006,16.93552,96.43465,EPSG:4326,,,,,,,,,,,,
c08f5f2ede6b2f77511fdd48959082440bfe7fc8,783727a463e11482fc6c0efd034f47c39f87fd6a,16.84101,96.37163,EPSG:4326,,,,,,,,,,,,
a53ef76135120267c3fab99c74c065830cd9e09a,8fdf219b11a17a97c03985c69091042144a77c2a,16.61578,96.03024,EPSG:4326,,,,,,,,,,,,
93d0d56cd0babdf8c755815a9daad6085ce2d2e2,7d65d8c465d07d4851cf05490da5f38446615efe,16.68043,96.31699,EPSG:4326,,,,,,,,,,,,
f56ecfbf4499e41d2a3aba6b79e3fc6ddc315d08,4fbc0c7aabc59e7fbcc22b7aa6c40bb534081622,16.52987,95.93128,EPSG:4326,,,,,,,,,,,,
1a0391fa39dbda18054d974f3eab34bda160e132,2d62b569eadd771dfc5a34169cb5822e6efd47ca,17.10908,96.49475,EPSG:4326,,,,,,,,,,,,
9c9c978db9d75068b285cd6d2f45563d913df57a,8b224939f21c27258fea0d05efeeab24640bf133,17.57642,96.50914,EPSG:4326,,,,,,,,,,,,
e10d4c34b59c32704d00f9174574a424fc4c09e8,e2cebcc6acb3dfff8a4533410f0f5e4f54b60ed4,17.54313,96.51542,EPSG:4326,,,,,,,,,,,,
799bdcfbe77deccfd618a70422cdea3ff14e59a2,39e224875a089d007cdad8d744662bb2e7c8a20c,17.3839,96.51066,EPSG:4326,,,,,,,,,,,,
a67f1625b401adfe874902c807effd843d13de23,ef245fd1206cd9d46ca6e379b66aa0b93f744bf7,17.19802,96.59466,EPSG:4326,,,,,,,,,,,,
885e7be206a1ced2505c17e9ce859242d1fcae73,25313405dfcd06209e5b068d97b78fa6749d1893,17.26611,96.80103,EPSG:4326,,,,,,,,,,,,
72ea975b1cb405ff151dc3b81d056d86691a0514,d5c1922c58a492015432c7533ba55b2d73bbe751,17.20244,96.94672,EPSG:4326,,,,,,,,,,,,
7ab873da65c7737cbc5f0a80717652fe83061143,822ea0595fe63b19d302298a9aff7102ab8f4ad9,15.44532,92.27891,EPSG:4326,,,,,,,,,,,,
3f6323a813d144fa3bd6d545d79c5f5f739189d1,990537d1af55af5c7630652e9799c60b805f0cd5,15.39453,92.33005,EPSG:4326,,,,,,,,,,,,
c1bd37b64acf0fb97c326407e688f14fab9e127d,78745c1de662a94fb29fcf98e2a58b5291b611d3,15.45515,92.30473,EPSG:4326,,,,,,,,,,,,
8f943df0f9fcd364c4b5876689dbd5be730ffb65,edb7b786b484bfc13b7eb38f02736dfae1e8e959,15.55552,92.40129,EPSG:4326,,,,,,,,,,,,
a9cca472374ffeea8ca5fca2b6df8888934d7dca,2ce13e61d776cb79dd95fcaba9d467f6301da8fc,15.6435,92.49969,EPSG:4326,,,,,,,,,,,,
b48f58500ed020c4ae5c16c4fa404df8562f9b83,5b6143698cb04bcb70e22e50bbc2079ca14369b4,15.8649,92.74038,EPSG:4326,,,,,,,,,,,,
ceeb353adb0c8b48964b303e99e75926238285ad,bdb6d0895425af8486c2ea6cb87e2ccbca921db9,15.78974,92.80896,EPSG:4326,,,,,,,,,,,,
a2c7b72ecf9901142e4db264fa084d40b344f363,24debfeb05ea188591fa3fd393563ef559e795dc,19.24231,89.32024,EPSG:4326,,,,,,,,,,,,
e8daa1d38af692e03b79bb58e9662e35814fd03a,a4388b7ef22a88082c83ec4da15a6ce144c858ae,19.76077,89.94472,EPSG:4326,,,,,,,,,,,,
52df043643f6aa58b47b7d2dfa58f8f0a1324cdf,5a08c0405565086d4e2d59693ef8f66b3c06e539,19.734,89.943,EPSG:4326,,,,,,,,,,,,
f33751881d5257930a96c219469ba50ec61699cc,6030e3e06b1df6e1c13c83d12a3eb68f3a1e7f03,20.04292,89.7415,EPSG:4326,,,,,,,,,,,,
6c048f38f1125059ba18acef5e56602d670bc30e,51f6fbfce33ebe310e9dc228afb86333adfadf4b,20.04472,89.70139,EPSG:4326,,,,,,,,,,,,
1eddb1a94539bef76dd0746ca729282c066b05cb,6c1c87d506f9b8e1389d4e6a0d1bc3302a954a44,19.65609,89.65735,EPSG:4326,,,,,,,,,,,,
218f17be76ac08289df1a5a377172ef0b551ba22,0b33c99a6fc5510d59ad764c96990f82dcc6a7ab,19.71292,89.80461,EPSG:4326,,,,,,,,,,,,
313d0fb89e238923aeeb60a0012b8baacea800f0,d118806b9d4d7653bb7c5143239ced5d6eba3b66,19.57628,89.77431,EPSG:4326,,,,,,,,,,,,
6f860eb5cbb36f3dd6cd409913c5fd28257fd512,434368555e6e989006414933ace0cf82af44ee69,19.5425,89.74861,EPSG:4326,,,,,,,,,,,,
178619a20e71a6e0165c560a0103da2135ed1cfc,e247960fe540a88d7cddc460076aea71799e8221,19.39277,89.70933,EPSG:4326,,,,,,,,,,,,
d658b3e924c9ad32c2913046aa24e1f31902b6dc,8569afda58fc7ea0a88f551dfe54dbb474b02908,19.36586,89.72721,EPSG:4326,,,,,,,,,,,,
19436eb1ed63155e6ac61d614bdfe956a935d219,b82bb8fa7e1533bb5f1997812f992bb8e7c11c1e,19.40737,89.39675,EPSG:4326,,,,,,,,,,,,
1672e7f3e2c5afe8e5e79a1d09151eaa6b9b56e5,e486a88003331d6c0e09b50b40cc5ff61e4e4087,19.40694,89.35139,EPSG:4326,,,,,,,,,,,,
18066c581695bc6a68d31bddb035cc19d59a44c7,28c34df5df5d4663fce47e257a7dc9cb0e691471,19.33339,89.26522,EPSG:4326,,,,,,,,,,,,
0ff204e95b128c9aef35ca8731ac05cc60c19104,2ba46775457e3be973e377854e406e602ef2d551,19.22753,89.37812,EPSG:4326,,,,,,,,,,,,
49d2f5409f6ad9b5488ded9fb3921affba7b9918,8366e2b2af1090c8a3e62d55ee3cf43e2f0bc9d4,19.192,89.373,EPSG:4326,,,,,,,,,,,,
f84e5775254a92dba13fd0b32488422a22164907,192d120547b9edcb124bdc61fec39963a4f9191b,11.19334,85.76996,EPSG:4326,,,,,,,,,,,,
15f4bef4f2fb0aa4f96fc4350e91af01b6eb9fbc,95e708ef53c51814288abe36cc60053c20c39699,11.12114,85.75496,EPSG:4326,,,,,,,,,,,,
7c78ae37f2c68ce4e161c3b26b46292f5ad282cf,22704f3799ad365a3fa759ced74734ffbaab71b7,11.18204,85.79354,EPSG:4326,,,,,,,,,,,,
45d8268fb7994b58a339ef3674d5a384d9cc15e7,d02f5ab1d8880a2375004d2c972e6608c1b078b4,11.18569,85.72649,EPSG:4326,,,,,,,,,,,,
1d3ed0453385c676615fccf116b8eeb40aa607ee,5728a5b35e666dbb88804169355efa0ed5a6b131,11.20235,85.65926,EPSG:4326,,,,,,,,,,,,
f5876197c93dfafa848fb36567d4bb5dd24c19e3,e5380ca0eba47a0c63c9dd217f6f3b7c6814c8fa,11.14192,85.7829,EPSG:4326,,,,,,,,,,,,
1d0a9b5e1b653fe011bdffc3cddf74f7ce24d68c,65c66ce376a05af83971f2354acaecbcb1c08310,11.11025,85.76227,EPSG:4326,,,,,,,,,,,,
7bd6b6ddd318f57e98275b4bddc2e737aa5d80a2,c8b65906a45b582955e1a6bbb0db86ea133f12b6,11.19744,85.66385,EPSG:4326,,,,,,,,,,,,
c4e7a9b2148684a471574aeee4a864a980b24555,01d813bf2202cd05d6fc69a768861c531c80dc7f,11.17169,85.80283,EPSG:4326,,,,,,,,,,,,
f5efa38e791ea724aa5d932a4f60e42f5b8470ff,74cc2adcf9c235d2772eecb6414c75b8e4749977,11.22777,85.54059,EPSG:4326,,,,,,,,,,,,
3a4b15fee900b02b55aba0421bed634201a61f07,256de614ed2870d57942572ee7da8d05f3814647,11.20235,85.65926,EPSG:4326,,,,,,,,,,,,
214a491eb8d945f462a87a0b7b52ce17ce1038b1,43488e36de2f93d327f5e06570b4a520fb3b0577,11.12598,85.7498,EPSG:4326,,,,,,,,,,,,
f8082b72ad93573ba9c07869a07e35acd99c3d24,7edf631ee01e9df91c5d4f952317a7ea1c6c416c,15.78258,92.98462,EPSG:4326,,,,,,,,,,,,
968ff119c87ebbbd1f5a9237062355b8681bff8f,40220764ad4cfab34e9c2cbe623e8f0209a43a21,15.76952,92.95732,EPSG:4326,,,,,,,,,,,,
0863466d6b4de30cec8cf373fc66696929bc7aeb,d169a62e1befaa2ec4daff60bea96464955236ca,15.77563,93.00939,EPSG:4326,,,,,,,,,,,,
aebe649cd30fd951c614120d1f1fbc72fa7d6115,22bad5978084e49ba134d0c0cd42a9dd26e8382e,15.78002,93.00684,EPSG:4326,,,,,,,,,,,,
a7d054f62250f570c96bcf16ac10dbe8eea67201,5c16c859d41a7e38b314e9fa9afc21c7b994eac2,32.22755,115.94368,EPSG:4326,,,,,,,,,,,,
de43cd30e26ca671d70fe6985a0483a49fc669c7,be59576393736d6987ee5778ae27229d105195c0,17.39602,96.5092,EPSG:4326,,,,,,,,,,,,
