ENTITY_RELATIONSHIP_ID	DEPENDS_ON_ENTITY_RELATIONSHIP_ID	SUBJECT_ENTITY_ID	ENTITY_RELATIONSHIP_TYPE	OBJECT_ENTITY_ID	OBJECT_ENTITY_IRI	ENTITY_RELATIONSHIP_DATE	ENTITY_RELATIONSHIP_ORDER
id.gbif.ch/3997432907		id.gbif.ch/12114805	IMAGE OF	id.gbif.ch/989939123		23.01.23	0
id.gbif.ch/3892468129		id.gbif.ch/14446892	IMAGE OF	id.gbif.ch/989939123		23.01.23	0
id.gbif.ch/471219828		id.gbif.ch/1158412735	IMAGE OF	id.gbif.ch/989939123		23.01.23	0
id.gbif.ch/373896765		id.gbif.ch/1723337237	MATERIAL SAMPLE OF	id.gbif.ch/989939123		09.12.22	0
id.gbif.ch/2830393704		id.gbif.ch/737579597	MATERIAL SAMPLE OF	id.gbif.ch/989939123		09.12.22	0
id.gbif.ch/4027647863		id.gbif.ch/661797346	IMAGE OF	id.gbif.ch/989939123		23.01.23	0
id.gbif.ch/2153658806		id.gbif.ch/472422594	IMAGE OF	id.gbif.ch/989939123		23.01.23	0
id.gbif.ch/1471901180		id.gbif.ch/4193431184	IMAGE OF	id.gbif.ch/989939123		23.01.23	0
id.gbif.ch/3813400169		id.gbif.ch/2405181465	IMAGE OF	id.gbif.ch/989939123		23.01.23	0
id.gbif.ch/1042630431		id.gbif.ch/3392823314	IMAGE OF	id.gbif.ch/989939123		23.01.23	0
id.gbif.ch/2425091094		id.gbif.ch/3337535157	MATERIAL SAMPLE OF	id.gbif.ch/2281451594		09.12.22	0
id.gbif.ch/3554989927		id.gbif.ch/1202397484	MATERIAL SAMPLE OF	id.gbif.ch/2281451594		09.12.22	0
id.gbif.ch/2287567469		id.gbif.ch/3468126178	MATERIAL SAMPLE OF	id.gbif.ch/2062472674		09.12.22	0
id.gbif.ch/2618537030		id.gbif.ch/4229562337	MATERIAL SAMPLE OF	id.gbif.ch/2062472674		09.12.22	0
id.gbif.ch/968367040		id.gbif.ch/1542933166	SEQUENCE OF	id.gbif.ch/2062472674		23.01.23	0
id.gbif.ch/2136358541		id.gbif.ch/2289599522	SEQUENCE OF	id.gbif.ch/2062472674		23.01.23	0
id.gbif.ch/921187431		id.gbif.ch/4013798033	SEQUENCE OF	id.gbif.ch/2062472674		23.01.23	0
id.gbif.ch/1382353568		id.gbif.ch/1451071954	SEQUENCE OF	id.gbif.ch/2062472674		23.01.23	0
id.gbif.ch/4084565122		id.gbif.ch/2678867694	SEQUENCE OF	id.gbif.ch/2062472674		23.01.23	0
id.gbif.ch/2203270928		id.gbif.ch/2239094733	SEQUENCE OF	id.gbif.ch/2062472674		23.01.23	0
id.gbif.ch/3649887417		id.gbif.ch/2063709026	SEQUENCE OF	id.gbif.ch/2062472674		23.01.23	0
id.gbif.ch/925544305		id.gbif.ch/2648123790	SEQUENCE OF	id.gbif.ch/2062472674		23.01.23	0
id.gbif.ch/2006883395		id.gbif.ch/242540810	SEQUENCE OF	id.gbif.ch/2062472674		23.01.23	0
id.gbif.ch/4098671297		id.gbif.ch/1831187705	SEQUENCE OF	id.gbif.ch/2062472674		23.01.23	0
id.gbif.ch/2137232128		id.gbif.ch/2526051805	MATERIAL SAMPLE OF	id.gbif.ch/397850255		09.12.22	0
id.gbif.ch/1863223622		id.gbif.ch/42304014	MATERIAL SAMPLE OF	id.gbif.ch/397850255		09.12.22	0
id.gbif.ch/758170147		id.gbif.ch/2998036788	MATERIAL SAMPLE OF	id.gbif.ch/331991340		09.12.22	0
id.gbif.ch/2135618528		id.gbif.ch/2597086056	MATERIAL SAMPLE OF	id.gbif.ch/331991340		09.12.22	0
id.gbif.ch/2929001279		id.gbif.ch/2024017253	MATERIAL SAMPLE OF	id.gbif.ch/331991340		09.12.22	0
id.gbif.ch/2613634932		id.gbif.ch/541785446	MATERIAL SAMPLE OF	id.gbif.ch/4109704260		09.12.22	0
id.gbif.ch/2459208815		id.gbif.ch/310662365	DNA SAMPLE OF	id.gbif.ch/4109704260		03.03.23	0
id.gbif.ch/1341342387		id.gbif.ch/1441102842	SEQUENCE OF	id.gbif.ch/4109704260		23.01.23	0
id.gbif.ch/1104876474		id.gbif.ch/909886538	MATERIAL SAMPLE OF	id.gbif.ch/2690550298		09.12.22	0
id.gbif.ch/4175704330		id.gbif.ch/3541581100	MATERIAL SAMPLE OF	id.gbif.ch/2690550298		09.12.22	0
id.gbif.ch/3337245724		id.gbif.ch/1476763696	MATERIAL SAMPLE OF	id.gbif.ch/3151586005		09.12.22	0
id.gbif.ch/3318132415		id.gbif.ch/3119300633	MATERIAL SAMPLE OF	id.gbif.ch/3151586005		09.12.22	0
id.gbif.ch/2504746583		id.gbif.ch/1641424264	MATERIAL SAMPLE OF	id.gbif.ch/3151586005		09.12.22	0
id.gbif.ch/2932700436		id.gbif.ch/3698998572	MATERIAL SAMPLE OF	id.gbif.ch/3445821799		09.12.22	0
id.gbif.ch/3337748183		id.gbif.ch/1449523903	MATERIAL SAMPLE OF	id.gbif.ch/3445821799		09.12.22	0
