ENTITY_ID	ENTITY_TYPE	DATASET_ID	ENTITY_NAME	ENTITY_REMARKS
id.gbif.ch/989939123	MATERIAL_ENTITY	5a659248-1f70-11e3-b2c5-00145eb45e9a		
id.gbif.ch/12114805	DIGITAL_ENTITY	5a659248-1f70-11e3-b2c5-00145eb45e9a		
id.gbif.ch/14446892	DIGITAL_ENTITY	5a659248-1f70-11e3-b2c5-00145eb45e9a		
id.gbif.ch/1158412735	DIGITAL_ENTITY	5a659248-1f70-11e3-b2c5-00145eb45e9a		
id.gbif.ch/661797346	DIGITAL_ENTITY	5a659248-1f70-11e3-b2c5-00145eb45e9a		
id.gbif.ch/472422594	DIGITAL_ENTITY	5a659248-1f70-11e3-b2c5-00145eb45e9a		
id.gbif.ch/4193431184	DIGITAL_ENTITY	5a659248-1f70-11e3-b2c5-00145eb45e9a		
id.gbif.ch/2405181465	DIGITAL_ENTITY	5a659248-1f70-11e3-b2c5-00145eb45e9a		
id.gbif.ch/3392823314	DIGITAL_ENTITY	5a659248-1f70-11e3-b2c5-00145eb45e9a		
id.gbif.ch/1723337237	MATERIAL_ENTITY	5a659248-1f70-11e3-b2c5-00145eb45e9a		
id.gbif.ch/737579597	MATERIAL_ENTITY	5a659248-1f70-11e3-b2c5-00145eb45e9a		
id.gbif.ch/2281451594	MATERIAL_ENTITY	5a659248-1f70-11e3-b2c5-00145eb45e9a		
id.gbif.ch/3337535157	MATERIAL_ENTITY	5a659248-1f70-11e3-b2c5-00145eb45e9a		
id.gbif.ch/1202397484	MATERIAL_ENTITY	5a659248-1f70-11e3-b2c5-00145eb45e9a		
id.gbif.ch/2062472674	MATERIAL_ENTITY	5a659248-1f70-11e3-b2c5-00145eb45e9a		
id.gbif.ch/3468126178	MATERIAL_ENTITY	5a659248-1f70-11e3-b2c5-00145eb45e9a		
id.gbif.ch/4229562337	MATERIAL_ENTITY	5a659248-1f70-11e3-b2c5-00145eb45e9a		
id.gbif.ch/1542933166	DIGITAL_ENTITY	5a659248-1f70-11e3-b2c5-00145eb45e9a		
id.gbif.ch/2289599522	DIGITAL_ENTITY	5a659248-1f70-11e3-b2c5-00145eb45e9a		
id.gbif.ch/4013798033	DIGITAL_ENTITY	5a659248-1f70-11e3-b2c5-00145eb45e9a		
id.gbif.ch/1451071954	DIGITAL_ENTITY	5a659248-1f70-11e3-b2c5-00145eb45e9a		
id.gbif.ch/2678867694	DIGITAL_ENTITY	5a659248-1f70-11e3-b2c5-00145eb45e9a		
id.gbif.ch/2239094733	DIGITAL_ENTITY	5a659248-1f70-11e3-b2c5-00145eb45e9a		
id.gbif.ch/2063709026	DIGITAL_ENTITY	5a659248-1f70-11e3-b2c5-00145eb45e9a		
id.gbif.ch/2648123790	DIGITAL_ENTITY	5a659248-1f70-11e3-b2c5-00145eb45e9a		
id.gbif.ch/242540810	DIGITAL_ENTITY	5a659248-1f70-11e3-b2c5-00145eb45e9a		
id.gbif.ch/1831187705	DIGITAL_ENTITY	5a659248-1f70-11e3-b2c5-00145eb45e9a		
id.gbif.ch/397850255	MATERIAL_ENTITY	5a659248-1f70-11e3-b2c5-00145eb45e9a		
id.gbif.ch/2526051805	MATERIAL_ENTITY	5a659248-1f70-11e3-b2c5-00145eb45e9a		
id.gbif.ch/42304014	MATERIAL_ENTITY	5a659248-1f70-11e3-b2c5-00145eb45e9a		
id.gbif.ch/331991340	MATERIAL_ENTITY	5a659248-1f70-11e3-b2c5-00145eb45e9a		
id.gbif.ch/2998036788	MATERIAL_ENTITY	5a659248-1f70-11e3-b2c5-00145eb45e9a		
id.gbif.ch/2597086056	MATERIAL_ENTITY	5a659248-1f70-11e3-b2c5-00145eb45e9a		
id.gbif.ch/2024017253	MATERIAL_ENTITY	5a659248-1f70-11e3-b2c5-00145eb45e9a		
id.gbif.ch/4109704260	MATERIAL_ENTITY	5a659248-1f70-11e3-b2c5-00145eb45e9a		
id.gbif.ch/541785446	MATERIAL_ENTITY	5a659248-1f70-11e3-b2c5-00145eb45e9a		
id.gbif.ch/310662365	MATERIAL_ENTITY	5a659248-1f70-11e3-b2c5-00145eb45e9a		
id.gbif.ch/1441102842	DIGITAL_ENTITY	5a659248-1f70-11e3-b2c5-00145eb45e9a		
id.gbif.ch/2690550298	MATERIAL_ENTITY	5a659248-1f70-11e3-b2c5-00145eb45e9a		
id.gbif.ch/909886538	MATERIAL_ENTITY	5a659248-1f70-11e3-b2c5-00145eb45e9a		
id.gbif.ch/3541581100	MATERIAL_ENTITY	5a659248-1f70-11e3-b2c5-00145eb45e9a		
id.gbif.ch/909879314	MATERIAL_ENTITY	5a659248-1f70-11e3-b2c5-00145eb45e9a		
id.gbif.ch/1476763696	MATERIAL_ENTITY	5a659248-1f70-11e3-b2c5-00145eb45e9a		
id.gbif.ch/3151586005	MATERIAL_ENTITY	5a659248-1f70-11e3-b2c5-00145eb45e9a		
id.gbif.ch/3119300633	MATERIAL_ENTITY	5a659248-1f70-11e3-b2c5-00145eb45e9a		
id.gbif.ch/1641424264	MATERIAL_ENTITY	5a659248-1f70-11e3-b2c5-00145eb45e9a		
id.gbif.ch/3841106771	MATERIAL_ENTITY	5a659248-1f70-11e3-b2c5-00145eb45e9a		
id.gbif.ch/3698998572	MATERIAL_ENTITY	5a659248-1f70-11e3-b2c5-00145eb45e9a		
id.gbif.ch/3445821799	MATERIAL_ENTITY	5a659248-1f70-11e3-b2c5-00145eb45e9a		
id.gbif.ch/1449523903	MATERIAL_ENTITY	5a659248-1f70-11e3-b2c5-00145eb45e9a		
