EVENT_ID	PARENT_EVENT_ID	DATASET_ID	LOCATION_ID	PROTOCOL_ID	EVENT_TYPE	EVENT_NAME	FIELD_NUMBER	EVENT_DATE	YEAR	MONTH	DAY	VERBATIM_EVENT_DATE	VERBATIM_LOCALITY	VERBATIM_ELEVATION	VERBATIM_DEPTH	VERBATIM_COORDINATES	VERBATIM_LATITUDE	VERBATIM_LONGITUDE	VERBATIM_COORDINATE_SYSTEM	VERBATIM_SRS	HABITAT	PROTOCOL_DESCRIPTION	SAMPLE_SIZE_VALUE	SAMPLE_SIZE_UNIT	EVENT_EFFORT	FIELD_NOTES	EVENT_REMARKS
id.gbif.ch/3269584528		5a659248-1f70-11e3-b2c5-00145eb45e9a			OCCURRENCE			1905	1905				Conakry														
id.gbif.ch/412963505		5a659248-1f70-11e3-b2c5-00145eb45e9a			OCCURRENCE			1951-3-3	1951	3	3		Laichingen, Tiefenhöhle				48,478639	9,69392									
id.gbif.ch/1044215467		5a659248-1f70-11e3-b2c5-00145eb45e9a			OCCURRENCE			1965-4-11	1965	4	11		Soplaviento														
id.gbif.ch/3820064325		5a659248-1f70-11e3-b2c5-00145eb45e9a			OCCURRENCE			1970-4-13	1970	4	13		Seleute, Monnat				47,3720499033387	7,12088225097699									
id.gbif.ch/925594731		5a659248-1f70-11e3-b2c5-00145eb45e9a			OCCURRENCE			1989-7-29	1989	7	29		Martigny														
id.gbif.ch/1094866442		5a659248-1f70-11e3-b2c5-00145eb45e9a			OCCURRENCE			2012-6-26	2012	6	26		Zürich														
id.gbif.ch/4261637213		5a659248-1f70-11e3-b2c5-00145eb45e9a			OCCURRENCE			2015-8-5	2015	8	5		Versoix, Réserve des Douves				46,293987	6,135221									
id.gbif.ch/1930991717		5a659248-1f70-11e3-b2c5-00145eb45e9a			OCCURRENCE								Iles de la Sonde														
id.gbif.ch/1698496612		5a659248-1f70-11e3-b2c5-00145eb45e9a			OCCURRENCE								Mt. Namuli, NL Ukalini Forest				-15,36925	37,061361									
