OCCURRENCE_ID	ORGANISM_ID	ORGANISM_QUANTITY	ORGANISM_QUANTITY_TYPE	SEX	LIFESTAGE	REPRODUCTIVE_CONDITION	BEHAVIOR	ESTABLISHMENT_MEANS	OCCURRENCE_STATUS	PATHWAY	DEGREE_OF_ESTABLISHMENT	GEOREFERENCE_VERIFICATION_STATUS	OCCURRENCE_REMARKS	INFORMATION_WITHHELD	DATA_GENERALIZATIONS	RECORDED_BY	RECORDED_BY_ID	ASSOCIATED_MEDIA	ASSOCIATED_OCCURRENCES	ASSOCIATED_TAXA
id.gbif.ch/1044215467	id.gbif.ch/989939123	1	individual	female					PRESENT											
id.gbif.ch/412963505	id.gbif.ch/2281451594	1	individual	female	adult				PRESENT											
id.gbif.ch/1698496612	id.gbif.ch/331991340	1	individual		adult				PRESENT											
id.gbif.ch/1094866442	id.gbif.ch/4109704260	1	individual		adult				PRESENT											
id.gbif.ch/1930991717	id.gbif.ch/3151586005	1	individual		adult				PRESENT											
id.gbif.ch/3269584528	id.gbif.ch/3445821799	1	individual						PRESENT											
id.gbif.ch/925594731	id.gbif.ch/2062472674	1	individual	female					PRESENT											
id.gbif.ch/3820064325	id.gbif.ch/397850255	1	individual		adult				PRESENT											
id.gbif.ch/4261637213	id.gbif.ch/2690550298	1	individual		adult				PRESENT											
