"taxon_id"	"scientific_name"	"scientific_name_authorship"	"name_according_to"	"taxon_rank"	"taxon_source"	"scientific_name_id"	"taxon_remarks"	"parent_taxon_id"	"taxonomic_status"	"kingdom"	"phylum"	"class"	"_order"	"family"	"subfamily"	"genus"	"subgenus"	"accepted_scientific_name"	"taxon_rank_infraespecificEpithet"	"infraespecificEpithet"	"taxon_rank_sub_infraespecificEpithet"	"subinfraespecificEpithet"
"0def1f9670c4730ee335caa7ceb41172"	Zea mays 	"L.	 1753"	"Dávila	 Mejía-Saulés	 Soriano-Martínez & Herrera-Arrieta	 2018"	especie	""	"40309ANGIO"	""	""	aceptado	Plantae	Tracheophyta	Equisetopsida	Poales	Poaceae	Panicoideae	Zea	""	""	""	""	""	""
"12b5b3765d0379f677521aae7d2d52b2"	Zea mays 	"L.	 1753"	"Dávila	 Mejía-Saulés	 Soriano-Martínez & Herrera-Arrieta	 2018"	especie	""	"40309ANGIO"	""	""	aceptado	Plantae	Tracheophyta	Equisetopsida	Poales	Poaceae	Panicoideae	Zea	""	""	""	""	""	""
"15a1f8323c7343d6b07c3a87fc0b2688"	Zea mays 	"L.	 1753"	"Dávila	 Mejía-Saulés	 Soriano-Martínez & Herrera-Arrieta	 2018"	especie	""	"40309ANGIO"	""	""	aceptado	Plantae	Tracheophyta	Equisetopsida	Poales	Poaceae	Panicoideae	Zea	""	""	""	""	""	""
"3a254c782085fd13d5e06988934c1e7e"	Zea mays 	"L.	 1753"	"Dávila	 Mejía-Saulés	 Soriano-Martínez & Herrera-Arrieta	 2018"	especie	""	"40309ANGIO"	""	""	aceptado	Plantae	Tracheophyta	Equisetopsida	Poales	Poaceae	Panicoideae	Zea	""	""	""	""	""	""
"3d7c82122d6a5a2512cca3523a1b0d7f"	Zea mays 	"L.	 1753"	"Dávila	 Mejía-Saulés	 Soriano-Martínez & Herrera-Arrieta	 2018"	especie	""	"40309ANGIO"	""	""	aceptado	Plantae	Tracheophyta	Equisetopsida	Poales	Poaceae	Panicoideae	Zea	""	""	""	""	""	""
"5af41dde0b646f4e085620ba5ecc04b4"	Zea mays 	"L.	 1753"	"Dávila	 Mejía-Saulés	 Soriano-Martínez & Herrera-Arrieta	 2018"	especie	""	"40309ANGIO"	""	""	aceptado	Plantae	Tracheophyta	Equisetopsida	Poales	Poaceae	Panicoideae	Zea	""	""	""	""	""	""
"9268d51d58d664d89066211c73dc1d81"	Zea mays 	"L.	 1753"	"Dávila	 Mejía-Saulés	 Soriano-Martínez & Herrera-Arrieta	 2018"	especie	""	"40309ANGIO"	""	""	aceptado	Plantae	Tracheophyta	Equisetopsida	Poales	Poaceae	Panicoideae	Zea	""	""	""	""	""	""
"93ac46dbb0e109d2eb161d095e6a0624"	Zea mays 	"L.	 1753"	"Dávila	 Mejía-Saulés	 Soriano-Martínez & Herrera-Arrieta	 2018"	especie	""	"40309ANGIO"	""	""	aceptado	Plantae	Tracheophyta	Equisetopsida	Poales	Poaceae	Panicoideae	Zea	""	""	""	""	""	""
"9b8e13006d1c7abd8d7117efe1cf6e5a"	Zea mays 	"L.	 1753"	"Dávila	 Mejía-Saulés	 Soriano-Martínez & Herrera-Arrieta	 2018"	especie	""	"40309ANGIO"	""	""	aceptado	Plantae	Tracheophyta	Equisetopsida	Poales	Poaceae	Panicoideae	Zea	""	""	""	""	""	""
a83ea1deaec38378c9ee2d28160a81d3	Zea mays 	"L.	 1753"	"Dávila	 Mejía-Saulés	 Soriano-Martínez & Herrera-Arrieta	 2018"	especie	""	"40309ANGIO"	""	""	aceptado	Plantae	Tracheophyta	Equisetopsida	Poales	Poaceae	Panicoideae	Zea	""	""	""	""	""	""
aa6f00911f66f2b579cd4bd49c61a14f	Zea mays 	"L.	 1753"	"Dávila	 Mejía-Saulés	 Soriano-Martínez & Herrera-Arrieta	 2018"	especie	""	"40309ANGIO"	""	""	aceptado	Plantae	Tracheophyta	Equisetopsida	Poales	Poaceae	Panicoideae	Zea	""	""	""	""	""	""
aec3abe07a734e644dd95535322a1a8a	Zea mays 	"L.	 1753"	"Dávila	 Mejía-Saulés	 Soriano-Martínez & Herrera-Arrieta	 2018"	especie	""	"40309ANGIO"	""	""	aceptado	Plantae	Tracheophyta	Equisetopsida	Poales	Poaceae	Panicoideae	Zea	""	""	""	""	""	""
b156f39bf06f7181b2255b22e2d10aa8	Zea mays 	"L.	 1753"	"Dávila	 Mejía-Saulés	 Soriano-Martínez & Herrera-Arrieta	 2018"	especie	""	"40309ANGIO"	""	""	aceptado	Plantae	Tracheophyta	Equisetopsida	Poales	Poaceae	Panicoideae	Zea	""	""	""	""	""	""
b4e29a15f4a5c6871e103d889c7baa32	Zea mays 	"L.	 1753"	"Dávila	 Mejía-Saulés	 Soriano-Martínez & Herrera-Arrieta	 2018"	especie	""	"40309ANGIO"	""	""	aceptado	Plantae	Tracheophyta	Equisetopsida	Poales	Poaceae	Panicoideae	Zea	""	""	""	""	""	""
bf883e16b2dc71b5313539b6904ea62a	Zea mays 	"L.	 1753"	"Dávila	 Mejía-Saulés	 Soriano-Martínez & Herrera-Arrieta	 2018"	especie	""	"40309ANGIO"	""	""	aceptado	Plantae	Tracheophyta	Equisetopsida	Poales	Poaceae	Panicoideae	Zea	""	""	""	""	""	""
df264d714f6f1093161a0bb2b5792d75	Zea mays 	"L.	 1753"	"Dávila	 Mejía-Saulés	 Soriano-Martínez & Herrera-Arrieta	 2018"	especie	""	"40309ANGIO"	""	""	aceptado	Plantae	Tracheophyta	Equisetopsida	Poales	Poaceae	Panicoideae	Zea	""	""	""	""	""	""
efe54bd94e41439c03d0c5f26bd03520	Zea mays 	"L.	 1753"	"Dávila	 Mejía-Saulés	 Soriano-Martínez & Herrera-Arrieta	 2018"	especie	""	"40309ANGIO"	""	""	aceptado	Plantae	Tracheophyta	Equisetopsida	Poales	Poaceae	Panicoideae	Zea	""	""	""	""	""	""
f4208f3e5ebf3932cfb36e3299dafffa	Zea mays 	"L.	 1753"	"Dávila	 Mejía-Saulés	 Soriano-Martínez & Herrera-Arrieta	 2018"	especie	""	"40309ANGIO"	""	""	aceptado	Plantae	Tracheophyta	Equisetopsida	Poales	Poaceae	Panicoideae	Zea	""	""	""	""	""	""
"24905ff32f4fac91b49ee727acf8eb6f"	Tripsacum bravum 	"J.R. Gray	 1976"	"Dávila	 Mejía-Saulés	 Soriano-Martínez & Herrera-Arrieta	 2018"	especie	""	"37634ANGIO"	""	""	aceptado	Plantae	Tracheophyta	Equisetopsida	Poales	Poaceae	Panicoideae	Tripsacum	""	Tripsacum bravum 	""	""	""	""
"99efb4d0f81396da4a09de1fdb5fdf62"	Tripsacum dactyloides 	"(L.) L.	 1759"	"Dávila	 Mejía-Saulés	 Soriano-Martínez & Herrera-Arrieta	 2018"	especie	""	"38335ANGIO"	""	""	aceptado	Plantae	Tracheophyta	Equisetopsida	Poales	Poaceae	Panicoideae	Tripsacum	""	Tripsacum dactyloides 	""	""	""	""
"7f27a055f6ec73ce488109fc4982d383"	Zea diploperennis 	"Iltis	 Doebley & R. Guzmán	 1979"	"Dávila	 Mejía-Saulés	 Soriano-Martínez & Herrera-Arrieta	 2018"	especie	""	"38468ANGIO"	""	""	aceptado	Plantae	Tracheophyta	Equisetopsida	Poales	Poaceae	Panicoideae	Zea	""	Zea diploperennis 	""	""	""	""
"9d755d5c69567a3a9f0f2c711cce8bc1"	Tripsacum intermedium 	"de Wet & J.R. Harlan	 1982"	"Dávila	 Mejía-Saulés	 Soriano-Martínez & Herrera-Arrieta	 2018"	especie	""	"39677ANGIO"	""	""	aceptado	Plantae	Tracheophyta	Equisetopsida	Poales	Poaceae	Panicoideae	Tripsacum	""	Tripsacum intermedium 	""	""	""	""
"63066f11c7d9d90ee651cd23ebf64543"	Tripsacum jalapense 	"de Wet & Brink	 1983"	"Dávila	 Mejía-Saulés	 Soriano-Martínez & Herrera-Arrieta	 2018"	especie	""	"39714ANGIO"	""	""	aceptado	Plantae	Tracheophyta	Equisetopsida	Poales	Poaceae	Panicoideae	Tripsacum	""	Tripsacum jalapense 	""	""	""	""
"5f5d02f4da41c92daf558f0bd4cde12d"	Tripsacum lanceolatum 	"Rupr. ex E. Fourn.	 1886"	"Dávila	 Mejía-Saulés	 Soriano-Martínez & Herrera-Arrieta	 2018"	especie	""	"39866ANGIO"	""	""	aceptado	Plantae	Tracheophyta	Equisetopsida	Poales	Poaceae	Panicoideae	Tripsacum	""	Tripsacum lanceolatum 	""	""	""	""
fee01786e8cef2eb60a77b4a023cf927	Tripsacum lanceolatum 	"Rupr. ex E. Fourn.	 1886"	"Dávila	 Mejía-Saulés	 Soriano-Martínez & Herrera-Arrieta	 2018"	especie	""	"39866ANGIO"	""	""	aceptado	Plantae	Tracheophyta	Equisetopsida	Poales	Poaceae	Panicoideae	Tripsacum	""	Tripsacum lanceolatum 	""	""	""	""
"8fa0a1d2b96e2a82fa7f93411ccfa33e"	Tripsacum latifolium 	"Hitchc.	 1906"	"Dávila	 Mejía-Saulés	 Soriano-Martínez & Herrera-Arrieta	 2018"	especie	""	"39912ANGIO"	""	""	aceptado	Plantae	Tracheophyta	Equisetopsida	Poales	Poaceae	Panicoideae	Tripsacum	""	Tripsacum latifolium 	""	""	""	""
"1575b2ed8a96d2660bfd6cb92affc0db"	Tripsacum maizar 	"Hern.-Xol. & Randolph	 1950"	"Dávila	 Mejía-Saulés	 Soriano-Martínez & Herrera-Arrieta	 2018"	especie	""	"40222ANGIO"	""	""	aceptado	Plantae	Tracheophyta	Equisetopsida	Poales	Poaceae	Panicoideae	Tripsacum	""	Tripsacum maizar 	""	""	""	""
"4c59993fdaa888544346feab204821bb"	Tripsacum maizar 	"Hern.-Xol. & Randolph	 1950"	"Dávila	 Mejía-Saulés	 Soriano-Martínez & Herrera-Arrieta	 2018"	especie	""	"40222ANGIO"	""	""	aceptado	Plantae	Tracheophyta	Equisetopsida	Poales	Poaceae	Panicoideae	Tripsacum	""	Tripsacum maizar 	""	""	""	""
"871e3c6998810f39b6d19fd1a6634446"	Tripsacum manisuroides 	"de Wet & J.R. Harlan	 1982"	"Dávila	 Mejía-Saulés	 Soriano-Martínez & Herrera-Arrieta	 2018"	especie	""	"40244ANGIO"	""	""	aceptado	Plantae	Tracheophyta	Equisetopsida	Poales	Poaceae	Panicoideae	Tripsacum	""	Tripsacum manisuroides 	""	""	""	""
eddf4168cba3a6d7c3363140258f1ff7	Zea mays 	"L.	 1753"	"Dávila	 Mejía-Saulés	 Soriano-Martínez & Herrera-Arrieta	 2018"	especie	""	"40309ANGIO"	""	""	aceptado	Plantae	Tracheophyta	Equisetopsida	Poales	Poaceae	Panicoideae	Zea	""	Zea mays 	""	""	""	""
"9195c9d36e620f8b02f72a029457f698"	Zea perennis 	"(Hitchc.) Reeves & Mangelsd.	 1942"	"Dávila	 Mejía-Saulés	 Soriano-Martínez & Herrera-Arrieta	 2018"	especie	""	"41165ANGIO"	""	""	aceptado	Plantae	Tracheophyta	Equisetopsida	Poales	Poaceae	Panicoideae	Zea	""	Zea perennis 	""	""	""	""
"70069f2f1820fb7d6ee53566a343b7a9"	Tripsacum pilosum 	"Scribn. & Merr.	 1901"	"Dávila	 Mejía-Saulés	 Soriano-Martínez & Herrera-Arrieta	 2018"	especie	""	"41256ANGIO"	""	""	aceptado	Plantae	Tracheophyta	Equisetopsida	Poales	Poaceae	Panicoideae	Tripsacum	""	Tripsacum pilosum 	""	""	""	""
c37349fd013d2ad38286659c14665f2f	Tripsacum pilosum 	"Scribn. & Merr.	 1901"	"Dávila	 Mejía-Saulés	 Soriano-Martínez & Herrera-Arrieta	 2018"	especie	""	"41256ANGIO"	""	""	aceptado	Plantae	Tracheophyta	Equisetopsida	Poales	Poaceae	Panicoideae	Tripsacum	""	Tripsacum pilosum 	""	""	""	""
"4e4da33a35cd5570d073d5bc6dc79124"	Tripsacum zopilotense 	"Hern.-Xol. & Randolph	 1950"	"Dávila	 Mejía-Saulés	 Soriano-Martínez & Herrera-Arrieta	 2018"	especie	""	"43258ANGIO"	""	""	aceptado	Plantae	Tracheophyta	Equisetopsida	Poales	Poaceae	Panicoideae	Tripsacum	""	Tripsacum zopilotense 	""	""	""	""
"558983134a9a23fea90a6800e6b007bb"	Tripsacum zopilotense 	"Hern.-Xol. & Randolph	 1950"	"Dávila	 Mejía-Saulés	 Soriano-Martínez & Herrera-Arrieta	 2018"	especie	""	"43258ANGIO"	""	""	aceptado	Plantae	Tracheophyta	Equisetopsida	Poales	Poaceae	Panicoideae	Tripsacum	""	Tripsacum zopilotense 	""	""	""	""
c3f934597adb532d802dce4e1c91ad7b	Tripsacum cundinamarcae 	"de Wet & Timothy	 1981"	"Doebley	 1983"	especie	""	"79232ANGIO"	""	""	aceptado	Plantae	Tracheophyta	Equisetopsida	Poales	Poaceae	Panicoideae	Tripsacum	""	Tripsacum cundinamarcae 	""	""	""	""
"796d776d4bb36eba2b9bdcfe6633c9a2"	Tripsacum peruvianum 	"de Wet & Timothy	 1981"	"Doebley	 1983"	especie	""	"79233ANGIO"	""	""	aceptado	Plantae	Tracheophyta	Equisetopsida	Poales	Poaceae	Panicoideae	Tripsacum	""	Tripsacum peruvianum 	""	""	""	""
"1e64bc11b62cde380fe19822f689ee7d"	Tripsacum	"L.	 1759"	"Soreng	 Peterson	 Romanschenko	 Davidse	 Zuloaga	 Judziewicz	 Filgueiras	 Davis & Morrone	 2015"	género	""	"5466ANGIO"	""	""	aceptado	Plantae	Tracheophyta	Equisetopsida	Poales	Poaceae	Panicoideae	Tripsacum	""	Tripsacum	""	""	""	""
"5265aa2677924182c802bb293b41e78d"	Tripsacum	"L.	 1759"	"Soreng	 Peterson	 Romanschenko	 Davidse	 Zuloaga	 Judziewicz	 Filgueiras	 Davis & Morrone	 2015"	género	""	"5466ANGIO"	""	""	aceptado	Plantae	Tracheophyta	Equisetopsida	Poales	Poaceae	Panicoideae	Tripsacum	""	Tripsacum	""	""	""	""
"63d66b8004dc57a87a53c30b204260ec"	Zea mays mays Tuxpeño	"E.J. Wellhausen	 L.M. Roberts	 Hern.-Xol. & Mangelsd.	 1951"	"Ron Parra	 Sánchez González	 Jiménez Cordero	 Carrera Valtierra	 Martín López	 Morales Rivera	 de la Cruz Larios	 Hurtado de la Peña	 Mena Munguía & Rodríguez Flores	 2006"	raza	""	"79238ANGIO"	""	""	aceptado	Plantae	Tracheophyta	Equisetopsida	Poales	Poaceae	Panicoideae	Zea	""	Zea mays mays Tuxpeño	subespecie	mays	raza	Tuxpeño
"66d7666144b81c14f11e3425d2f050f3"	Zea mays mays Tuxpeño	"E.J. Wellhausen	 L.M. Roberts	 Hern.-Xol. & Mangelsd.	 1951"	"Ron Parra	 Sánchez González	 Jiménez Cordero	 Carrera Valtierra	 Martín López	 Morales Rivera	 de la Cruz Larios	 Hurtado de la Peña	 Mena Munguía & Rodríguez Flores	 2006"	raza	""	"79238ANGIO"	""	""	aceptado	Plantae	Tracheophyta	Equisetopsida	Poales	Poaceae	Panicoideae	Zea	""	Zea mays mays Tuxpeño	subespecie	mays	raza	Tuxpeño
"6c7fbc86a9e40d8de6462f4e945a1eca"	Zea mays mays Tuxpeño	"E.J. Wellhausen	 L.M. Roberts	 Hern.-Xol. & Mangelsd.	 1951"	"Ron Parra	 Sánchez González	 Jiménez Cordero	 Carrera Valtierra	 Martín López	 Morales Rivera	 de la Cruz Larios	 Hurtado de la Peña	 Mena Munguía & Rodríguez Flores	 2006"	raza	""	"79238ANGIO"	""	""	aceptado	Plantae	Tracheophyta	Equisetopsida	Poales	Poaceae	Panicoideae	Zea	""	Zea mays mays Tuxpeño	subespecie	mays	raza	Tuxpeño
a5c08fc7e24513fbcdb61e7ee73faae6	Zea mays mays Tuxpeño	"E.J. Wellhausen	 L.M. Roberts	 Hern.-Xol. & Mangelsd.	 1951"	"Ron Parra	 Sánchez González	 Jiménez Cordero	 Carrera Valtierra	 Martín López	 Morales Rivera	 de la Cruz Larios	 Hurtado de la Peña	 Mena Munguía & Rodríguez Flores	 2006"	raza	""	"79238ANGIO"	""	""	aceptado	Plantae	Tracheophyta	Equisetopsida	Poales	Poaceae	Panicoideae	Zea	""	Zea mays mays Tuxpeño	subespecie	mays	raza	Tuxpeño
c07e1b5bc895efd0c8aed1cce214c25c	Zea mays mays Tuxpeño	"E.J. Wellhausen	 L.M. Roberts	 Hern.-Xol. & Mangelsd.	 1951"	"Ron Parra	 Sánchez González	 Jiménez Cordero	 Carrera Valtierra	 Martín López	 Morales Rivera	 de la Cruz Larios	 Hurtado de la Peña	 Mena Munguía & Rodríguez Flores	 2006"	raza	""	"79238ANGIO"	""	""	aceptado	Plantae	Tracheophyta	Equisetopsida	Poales	Poaceae	Panicoideae	Zea	""	Zea mays mays Tuxpeño	subespecie	mays	raza	Tuxpeño
c6fa8adde0c824180be59a185bb007ff	Zea mays mays Tuxpeño	"E.J. Wellhausen	 L.M. Roberts	 Hern.-Xol. & Mangelsd.	 1951"	"Ron Parra	 Sánchez González	 Jiménez Cordero	 Carrera Valtierra	 Martín López	 Morales Rivera	 de la Cruz Larios	 Hurtado de la Peña	 Mena Munguía & Rodríguez Flores	 2006"	raza	""	"79238ANGIO"	""	""	aceptado	Plantae	Tracheophyta	Equisetopsida	Poales	Poaceae	Panicoideae	Zea	""	Zea mays mays Tuxpeño	subespecie	mays	raza	Tuxpeño
d8d647ef2e7c24393c530d307ab5736b	Zea mays mays Tuxpeño	"E.J. Wellhausen	 L.M. Roberts	 Hern.-Xol. & Mangelsd.	 1951"	"Ron Parra	 Sánchez González	 Jiménez Cordero	 Carrera Valtierra	 Martín López	 Morales Rivera	 de la Cruz Larios	 Hurtado de la Peña	 Mena Munguía & Rodríguez Flores	 2006"	raza	""	"79238ANGIO"	""	""	aceptado	Plantae	Tracheophyta	Equisetopsida	Poales	Poaceae	Panicoideae	Zea	""	Zea mays mays Tuxpeño	subespecie	mays	raza	Tuxpeño
e04b1a41475160f2388a600d62be580b	Zea mays mays Tuxpeño	"E.J. Wellhausen	 L.M. Roberts	 Hern.-Xol. & Mangelsd.	 1951"	"Ron Parra	 Sánchez González	 Jiménez Cordero	 Carrera Valtierra	 Martín López	 Morales Rivera	 de la Cruz Larios	 Hurtado de la Peña	 Mena Munguía & Rodríguez Flores	 2006"	raza	""	"79238ANGIO"	""	""	aceptado	Plantae	Tracheophyta	Equisetopsida	Poales	Poaceae	Panicoideae	Zea	""	Zea mays mays Tuxpeño	subespecie	mays	raza	Tuxpeño
"1bac38b72160e3438bf1eb8991013df2"	Zea mays mays Ancho	"R. Ortega	 1979"	"Ron Parra	 Sánchez González	 Jiménez Cordero	 Carrera Valtierra	 Martín López	 Morales Rivera	 de la Cruz Larios	 Hurtado de la Peña	 Mena Munguía & Rodríguez Flores	 2006"	raza	""	"79239ANGIO"	""	""	aceptado	Plantae	Tracheophyta	Equisetopsida	Poales	Poaceae	Panicoideae	Zea	""	Zea mays mays Ancho	subespecie	mays	raza	Ancho
"31ebdc59cc585a226bdfb0e10bcc94fd"	Zea mays mays Ancho	"R. Ortega	 1979"	"Ron Parra	 Sánchez González	 Jiménez Cordero	 Carrera Valtierra	 Martín López	 Morales Rivera	 de la Cruz Larios	 Hurtado de la Peña	 Mena Munguía & Rodríguez Flores	 2006"	raza	""	"79239ANGIO"	""	""	aceptado	Plantae	Tracheophyta	Equisetopsida	Poales	Poaceae	Panicoideae	Zea	""	Zea mays mays Ancho	subespecie	mays	raza	Ancho
b5edb98a16a1fc17081d87ea14ed29f9	Zea mays mays Ancho	"R. Ortega	 1979"	"Ron Parra	 Sánchez González	 Jiménez Cordero	 Carrera Valtierra	 Martín López	 Morales Rivera	 de la Cruz Larios	 Hurtado de la Peña	 Mena Munguía & Rodríguez Flores	 2006"	raza	""	"79239ANGIO"	""	""	aceptado	Plantae	Tracheophyta	Equisetopsida	Poales	Poaceae	Panicoideae	Zea	""	Zea mays mays Ancho	subespecie	mays	raza	Ancho
e1fc9d1d197d8b7e50750fea88a0109a	Zea mays mays Ancho	"R. Ortega	 1979"	"Ron Parra	 Sánchez González	 Jiménez Cordero	 Carrera Valtierra	 Martín López	 Morales Rivera	 de la Cruz Larios	 Hurtado de la Peña	 Mena Munguía & Rodríguez Flores	 2006"	raza	""	"79239ANGIO"	""	""	aceptado	Plantae	Tracheophyta	Equisetopsida	Poales	Poaceae	Panicoideae	Zea	""	Zea mays mays Ancho	subespecie	mays	raza	Ancho
a6fceaa48f3cd3132c267633b52e6ada	Zea mays mays Apachito	"Hern.-Xol. & G. Alanis	 1970"	"Ron Parra	 Sánchez González	 Jiménez Cordero	 Carrera Valtierra	 Martín López	 Morales Rivera	 de la Cruz Larios	 Hurtado de la Peña	 Mena Munguía & Rodríguez Flores	 2006"	raza	""	"79240ANGIO"	""	""	aceptado	Plantae	Tracheophyta	Equisetopsida	Poales	Poaceae	Panicoideae	Zea	""	Zea mays mays Apachito	subespecie	mays	raza	Apachito
f768a4c96838196046879594dfc5d40a	Zea mays mays Apachito	"Hern.-Xol. & G. Alanis	 1970"	"Ron Parra	 Sánchez González	 Jiménez Cordero	 Carrera Valtierra	 Martín López	 Morales Rivera	 de la Cruz Larios	 Hurtado de la Peña	 Mena Munguía & Rodríguez Flores	 2006"	raza	""	"79240ANGIO"	""	""	aceptado	Plantae	Tracheophyta	Equisetopsida	Poales	Poaceae	Panicoideae	Zea	""	Zea mays mays Apachito	subespecie	mays	raza	Apachito
"2f065adbccddb6fe241de12e2bd64c00"	Zea mays mays Arrocillo Amarillo	"E.J. Wellhausen	 L.M. Roberts	 Hern.-Xol. & Mangelsd.	 1951"	"Ron Parra	 Sánchez González	 Jiménez Cordero	 Carrera Valtierra	 Martín López	 Morales Rivera	 de la Cruz Larios	 Hurtado de la Peña	 Mena Munguía & Rodríguez Flores	 2006"	raza	""	"79241ANGIO"	""	""	aceptado	Plantae	Tracheophyta	Equisetopsida	Poales	Poaceae	Panicoideae	Zea	""	Zea mays mays Arrocillo Amarillo	subespecie	mays	raza	Arrocillo Amarillo
"5c3d6f0782fde066024be29d951d6ec1"	Zea mays mays Arrocillo Amarillo	"E.J. Wellhausen	 L.M. Roberts	 Hern.-Xol. & Mangelsd.	 1951"	"Ron Parra	 Sánchez González	 Jiménez Cordero	 Carrera Valtierra	 Martín López	 Morales Rivera	 de la Cruz Larios	 Hurtado de la Peña	 Mena Munguía & Rodríguez Flores	 2006"	raza	""	"79241ANGIO"	""	""	aceptado	Plantae	Tracheophyta	Equisetopsida	Poales	Poaceae	Panicoideae	Zea	""	Zea mays mays Arrocillo Amarillo	subespecie	mays	raza	Arrocillo Amarillo
aca5cef887a535f79cd6c85d96ecb4cd	Zea mays mays Arrocillo Amarillo	"E.J. Wellhausen	 L.M. Roberts	 Hern.-Xol. & Mangelsd.	 1951"	"Ron Parra	 Sánchez González	 Jiménez Cordero	 Carrera Valtierra	 Martín López	 Morales Rivera	 de la Cruz Larios	 Hurtado de la Peña	 Mena Munguía & Rodríguez Flores	 2006"	raza	""	"79241ANGIO"	""	""	aceptado	Plantae	Tracheophyta	Equisetopsida	Poales	Poaceae	Panicoideae	Zea	""	Zea mays mays Arrocillo Amarillo	subespecie	mays	raza	Arrocillo Amarillo
fe17ee4b14f83f990277851a02d5aea3	Zea mays mays Arrocillo Amarillo	"E.J. Wellhausen	 L.M. Roberts	 Hern.-Xol. & Mangelsd.	 1951"	"Ron Parra	 Sánchez González	 Jiménez Cordero	 Carrera Valtierra	 Martín López	 Morales Rivera	 de la Cruz Larios	 Hurtado de la Peña	 Mena Munguía & Rodríguez Flores	 2006"	raza	""	"79241ANGIO"	""	""	aceptado	Plantae	Tracheophyta	Equisetopsida	Poales	Poaceae	Panicoideae	Zea	""	Zea mays mays Arrocillo Amarillo	subespecie	mays	raza	Arrocillo Amarillo
"2e124a721e855d7d74ff8c23e971ed33"	Zea mays mays Azul	"Hern.-Xol. & G. Alanis	 1970"	"Ron Parra	 Sánchez González	 Jiménez Cordero	 Carrera Valtierra	 Martín López	 Morales Rivera	 de la Cruz Larios	 Hurtado de la Peña	 Mena Munguía & Rodríguez Flores	 2006"	raza	""	"79242ANGIO"	""	""	aceptado	Plantae	Tracheophyta	Equisetopsida	Poales	Poaceae	Panicoideae	Zea	""	Zea mays mays Azul	subespecie	mays	raza	Azul
d1afb75e3392e881dc093e608e3b85be	Zea mays mays Azul	"Hern.-Xol. & G. Alanis	 1970"	"Ron Parra	 Sánchez González	 Jiménez Cordero	 Carrera Valtierra	 Martín López	 Morales Rivera	 de la Cruz Larios	 Hurtado de la Peña	 Mena Munguía & Rodríguez Flores	 2006"	raza	""	"79242ANGIO"	""	""	aceptado	Plantae	Tracheophyta	Equisetopsida	Poales	Poaceae	Panicoideae	Zea	""	Zea mays mays Azul	subespecie	mays	raza	Azul
"3a4500f65a421909873f6bce2b8a2264"	Zea mays mays Bofo	"Hern.-Xol. & G. Alanis	 1970"	"Ron Parra	 Sánchez González	 Jiménez Cordero	 Carrera Valtierra	 Martín López	 Morales Rivera	 de la Cruz Larios	 Hurtado de la Peña	 Mena Munguía & Rodríguez Flores	 2006"	raza	""	"79243ANGIO"	""	""	aceptado	Plantae	Tracheophyta	Equisetopsida	Poales	Poaceae	Panicoideae	Zea	""	Zea mays mays Bofo	subespecie	mays	raza	Bofo
"9ffd785959c3300af627298de5532c5d"	Zea mays mays Bofo	"Hern.-Xol. & G. Alanis	 1970"	"Ron Parra	 Sánchez González	 Jiménez Cordero	 Carrera Valtierra	 Martín López	 Morales Rivera	 de la Cruz Larios	 Hurtado de la Peña	 Mena Munguía & Rodríguez Flores	 2006"	raza	""	"79243ANGIO"	""	""	aceptado	Plantae	Tracheophyta	Equisetopsida	Poales	Poaceae	Panicoideae	Zea	""	Zea mays mays Bofo	subespecie	mays	raza	Bofo
"6972700f4bfcde2b9f85f3906c5a1b15"	Zea mays mays Bolita	"E.J. Wellhausen	 L.M. Roberts	 Hern.-Xol. & Mangelsd.	 1951"	"Ron Parra	 Sánchez González	 Jiménez Cordero	 Carrera Valtierra	 Martín López	 Morales Rivera	 de la Cruz Larios	 Hurtado de la Peña	 Mena Munguía & Rodríguez Flores	 2006"	raza	""	"79244ANGIO"	""	""	aceptado	Plantae	Tracheophyta	Equisetopsida	Poales	Poaceae	Panicoideae	Zea	""	Zea mays mays Bolita	subespecie	mays	raza	Bolita
"930f7438589101227e90854a31549ae9"	Zea mays mays Bolita	"E.J. Wellhausen	 L.M. Roberts	 Hern.-Xol. & Mangelsd.	 1951"	"Ron Parra	 Sánchez González	 Jiménez Cordero	 Carrera Valtierra	 Martín López	 Morales Rivera	 de la Cruz Larios	 Hurtado de la Peña	 Mena Munguía & Rodríguez Flores	 2006"	raza	""	"79244ANGIO"	""	""	aceptado	Plantae	Tracheophyta	Equisetopsida	Poales	Poaceae	Panicoideae	Zea	""	Zea mays mays Bolita	subespecie	mays	raza	Bolita
dcec8fbbddcb07a5c6c221b2c337cfef	Zea mays mays Bolita	"E.J. Wellhausen	 L.M. Roberts	 Hern.-Xol. & Mangelsd.	 1951"	"Ron Parra	 Sánchez González	 Jiménez Cordero	 Carrera Valtierra	 Martín López	 Morales Rivera	 de la Cruz Larios	 Hurtado de la Peña	 Mena Munguía & Rodríguez Flores	 2006"	raza	""	"79244ANGIO"	""	""	aceptado	Plantae	Tracheophyta	Equisetopsida	Poales	Poaceae	Panicoideae	Zea	""	Zea mays mays Bolita	subespecie	mays	raza	Bolita
f09005642501ecc6b5c8b1c193c83d10	Zea mays mays Bolita	"E.J. Wellhausen	 L.M. Roberts	 Hern.-Xol. & Mangelsd.	 1951"	"Ron Parra	 Sánchez González	 Jiménez Cordero	 Carrera Valtierra	 Martín López	 Morales Rivera	 de la Cruz Larios	 Hurtado de la Peña	 Mena Munguía & Rodríguez Flores	 2006"	raza	""	"79244ANGIO"	""	""	aceptado	Plantae	Tracheophyta	Equisetopsida	Poales	Poaceae	Panicoideae	Zea	""	Zea mays mays Bolita	subespecie	mays	raza	Bolita
f57a9a70d7322b259a56b30723a0d33c	Zea mays mays Bolita	"E.J. Wellhausen	 L.M. Roberts	 Hern.-Xol. & Mangelsd.	 1951"	"Ron Parra	 Sánchez González	 Jiménez Cordero	 Carrera Valtierra	 Martín López	 Morales Rivera	 de la Cruz Larios	 Hurtado de la Peña	 Mena Munguía & Rodríguez Flores	 2006"	raza	""	"79244ANGIO"	""	""	aceptado	Plantae	Tracheophyta	Equisetopsida	Poales	Poaceae	Panicoideae	Zea	""	Zea mays mays Bolita	subespecie	mays	raza	Bolita
fb4fb44f1c9a8bb0def8afba83e1192b	Zea mays mays Bolita	"E.J. Wellhausen	 L.M. Roberts	 Hern.-Xol. & Mangelsd.	 1951"	"Ron Parra	 Sánchez González	 Jiménez Cordero	 Carrera Valtierra	 Martín López	 Morales Rivera	 de la Cruz Larios	 Hurtado de la Peña	 Mena Munguía & Rodríguez Flores	 2006"	raza	""	"79244ANGIO"	""	""	aceptado	Plantae	Tracheophyta	Equisetopsida	Poales	Poaceae	Panicoideae	Zea	""	Zea mays mays Bolita	subespecie	mays	raza	Bolita
"0dd1b01958d37f0ca919bf8bdbc15f77"	Zea mays mays Cacahuacintle	"E.J. Wellhausen	 L.M. Roberts	 Hern.-Xol. & Mangelsd.	 1951"	"Ron Parra	 Sánchez González	 Jiménez Cordero	 Carrera Valtierra	 Martín López	 Morales Rivera	 de la Cruz Larios	 Hurtado de la Peña	 Mena Munguía & Rodríguez Flores	 2006"	raza	""	"79245ANGIO"	""	""	aceptado	Plantae	Tracheophyta	Equisetopsida	Poales	Poaceae	Panicoideae	Zea	""	Zea mays mays Cacahuacintle	subespecie	mays	raza	Cacahuacintle
"2640e59ad1b267233e85be099a2be0a6"	Zea mays mays Cacahuacintle	"E.J. Wellhausen	 L.M. Roberts	 Hern.-Xol. & Mangelsd.	 1951"	"Ron Parra	 Sánchez González	 Jiménez Cordero	 Carrera Valtierra	 Martín López	 Morales Rivera	 de la Cruz Larios	 Hurtado de la Peña	 Mena Munguía & Rodríguez Flores	 2006"	raza	""	"79245ANGIO"	""	""	aceptado	Plantae	Tracheophyta	Equisetopsida	Poales	Poaceae	Panicoideae	Zea	""	Zea mays mays Cacahuacintle	subespecie	mays	raza	Cacahuacintle
"4cb26212f39bef30cbc66f8af4f9d935"	Zea mays mays Cacahuacintle	"E.J. Wellhausen	 L.M. Roberts	 Hern.-Xol. & Mangelsd.	 1951"	"Ron Parra	 Sánchez González	 Jiménez Cordero	 Carrera Valtierra	 Martín López	 Morales Rivera	 de la Cruz Larios	 Hurtado de la Peña	 Mena Munguía & Rodríguez Flores	 2006"	raza	""	"79245ANGIO"	""	""	aceptado	Plantae	Tracheophyta	Equisetopsida	Poales	Poaceae	Panicoideae	Zea	""	Zea mays mays Cacahuacintle	subespecie	mays	raza	Cacahuacintle
bf78cb015d147bea1933359ec68512fb	Zea mays mays Cacahuacintle	"E.J. Wellhausen	 L.M. Roberts	 Hern.-Xol. & Mangelsd.	 1951"	"Ron Parra	 Sánchez González	 Jiménez Cordero	 Carrera Valtierra	 Martín López	 Morales Rivera	 de la Cruz Larios	 Hurtado de la Peña	 Mena Munguía & Rodríguez Flores	 2006"	raza	""	"79245ANGIO"	""	""	aceptado	Plantae	Tracheophyta	Equisetopsida	Poales	Poaceae	Panicoideae	Zea	""	Zea mays mays Cacahuacintle	subespecie	mays	raza	Cacahuacintle
d3bb804f7e6c9b4e63b730a2afc6e458	Zea mays mays Cacahuacintle	"E.J. Wellhausen	 L.M. Roberts	 Hern.-Xol. & Mangelsd.	 1951"	"Ron Parra	 Sánchez González	 Jiménez Cordero	 Carrera Valtierra	 Martín López	 Morales Rivera	 de la Cruz Larios	 Hurtado de la Peña	 Mena Munguía & Rodríguez Flores	 2006"	raza	""	"79245ANGIO"	""	""	aceptado	Plantae	Tracheophyta	Equisetopsida	Poales	Poaceae	Panicoideae	Zea	""	Zea mays mays Cacahuacintle	subespecie	mays	raza	Cacahuacintle
"0cd35b2d14d39ccc1ace09f85f7bd787"	Zea mays mays Celaya	"E.J. Wellhausen	 L.M. Roberts	 Hern.-Xol. & Mangelsd.	 1951"	"Ron Parra	 Sánchez González	 Jiménez Cordero	 Carrera Valtierra	 Martín López	 Morales Rivera	 de la Cruz Larios	 Hurtado de la Peña	 Mena Munguía & Rodríguez Flores	 2006"	raza	""	"79246ANGIO"	""	""	aceptado	Plantae	Tracheophyta	Equisetopsida	Poales	Poaceae	Panicoideae	Zea	""	Zea mays mays Celaya	subespecie	mays	raza	Celaya
"46b70187847460c33674278830f70639"	Zea mays mays Celaya	"E.J. Wellhausen	 L.M. Roberts	 Hern.-Xol. & Mangelsd.	 1951"	"Ron Parra	 Sánchez González	 Jiménez Cordero	 Carrera Valtierra	 Martín López	 Morales Rivera	 de la Cruz Larios	 Hurtado de la Peña	 Mena Munguía & Rodríguez Flores	 2006"	raza	""	"79246ANGIO"	""	""	aceptado	Plantae	Tracheophyta	Equisetopsida	Poales	Poaceae	Panicoideae	Zea	""	Zea mays mays Celaya	subespecie	mays	raza	Celaya
"46fde09011d9fcb27c5955dfff8d292d"	Zea mays mays Celaya	"E.J. Wellhausen	 L.M. Roberts	 Hern.-Xol. & Mangelsd.	 1951"	"Ron Parra	 Sánchez González	 Jiménez Cordero	 Carrera Valtierra	 Martín López	 Morales Rivera	 de la Cruz Larios	 Hurtado de la Peña	 Mena Munguía & Rodríguez Flores	 2006"	raza	""	"79246ANGIO"	""	""	aceptado	Plantae	Tracheophyta	Equisetopsida	Poales	Poaceae	Panicoideae	Zea	""	Zea mays mays Celaya	subespecie	mays	raza	Celaya
"7715d63b64c7b4438e6531f1d7d7248c"	Zea mays mays Celaya	"E.J. Wellhausen	 L.M. Roberts	 Hern.-Xol. & Mangelsd.	 1951"	"Ron Parra	 Sánchez González	 Jiménez Cordero	 Carrera Valtierra	 Martín López	 Morales Rivera	 de la Cruz Larios	 Hurtado de la Peña	 Mena Munguía & Rodríguez Flores	 2006"	raza	""	"79246ANGIO"	""	""	aceptado	Plantae	Tracheophyta	Equisetopsida	Poales	Poaceae	Panicoideae	Zea	""	Zea mays mays Celaya	subespecie	mays	raza	Celaya
"8a4cdb8f87e48580761f87c9ff5e7c37"	Zea mays mays Celaya	"E.J. Wellhausen	 L.M. Roberts	 Hern.-Xol. & Mangelsd.	 1951"	"Ron Parra	 Sánchez González	 Jiménez Cordero	 Carrera Valtierra	 Martín López	 Morales Rivera	 de la Cruz Larios	 Hurtado de la Peña	 Mena Munguía & Rodríguez Flores	 2006"	raza	""	"79246ANGIO"	""	""	aceptado	Plantae	Tracheophyta	Equisetopsida	Poales	Poaceae	Panicoideae	Zea	""	Zea mays mays Celaya	subespecie	mays	raza	Celaya
ebecc48395374835a349fd28ca7295a0	Zea mays mays Celaya	"E.J. Wellhausen	 L.M. Roberts	 Hern.-Xol. & Mangelsd.	 1951"	"Ron Parra	 Sánchez González	 Jiménez Cordero	 Carrera Valtierra	 Martín López	 Morales Rivera	 de la Cruz Larios	 Hurtado de la Peña	 Mena Munguía & Rodríguez Flores	 2006"	raza	""	"79246ANGIO"	""	""	aceptado	Plantae	Tracheophyta	Equisetopsida	Poales	Poaceae	Panicoideae	Zea	""	Zea mays mays Celaya	subespecie	mays	raza	Celaya
f8acacefc6de21f4f5f78e5efc188e4b	Zea mays mays Celaya	"E.J. Wellhausen	 L.M. Roberts	 Hern.-Xol. & Mangelsd.	 1951"	"Ron Parra	 Sánchez González	 Jiménez Cordero	 Carrera Valtierra	 Martín López	 Morales Rivera	 de la Cruz Larios	 Hurtado de la Peña	 Mena Munguía & Rodríguez Flores	 2006"	raza	""	"79246ANGIO"	""	""	aceptado	Plantae	Tracheophyta	Equisetopsida	Poales	Poaceae	Panicoideae	Zea	""	Zea mays mays Celaya	subespecie	mays	raza	Celaya
"0ba4c0b10277e0b8b8a8afcb24bc4fa5"	Zea mays mays Comiteco	"E.J. Wellhausen	 L.M. Roberts	 Hern.-Xol. & Mangelsd.	 1951"	"Ron Parra	 Sánchez González	 Jiménez Cordero	 Carrera Valtierra	 Martín López	 Morales Rivera	 de la Cruz Larios	 Hurtado de la Peña	 Mena Munguía & Rodríguez Flores	 2006"	raza	""	"79247ANGIO"	""	""	aceptado	Plantae	Tracheophyta	Equisetopsida	Poales	Poaceae	Panicoideae	Zea	""	Zea mays mays Comiteco	subespecie	mays	raza	Comiteco
"11e469a517212541defb39521b5f6f7c"	Zea mays mays Comiteco	"E.J. Wellhausen	 L.M. Roberts	 Hern.-Xol. & Mangelsd.	 1951"	"Ron Parra	 Sánchez González	 Jiménez Cordero	 Carrera Valtierra	 Martín López	 Morales Rivera	 de la Cruz Larios	 Hurtado de la Peña	 Mena Munguía & Rodríguez Flores	 2006"	raza	""	"79247ANGIO"	""	""	aceptado	Plantae	Tracheophyta	Equisetopsida	Poales	Poaceae	Panicoideae	Zea	""	Zea mays mays Comiteco	subespecie	mays	raza	Comiteco
"71f4b34aec9f705983f51a897ffcff70"	Zea mays mays Complejo Serrano de Jalisco	"E.J. Wellhausen	 L.M. Roberts	 Hern.-Xol. & Mangelsd.	 1951"	"Ron Parra	 Sánchez González	 Jiménez Cordero	 Carrera Valtierra	 Martín López	 Morales Rivera	 de la Cruz Larios	 Hurtado de la Peña	 Mena Munguía & Rodríguez Flores	 2006"	raza	""	"79248ANGIO"	""	""	aceptado	Plantae	Tracheophyta	Equisetopsida	Poales	Poaceae	Panicoideae	Zea	""	Zea mays mays Complejo Serrano de Jalisco	subespecie	mays	raza	Complejo Serrano de Jalisco
a4276ee5f9ba88467bab2a25c1bb9bd7	Zea mays mays Complejo Serrano de Jalisco	"E.J. Wellhausen	 L.M. Roberts	 Hern.-Xol. & Mangelsd.	 1951"	"Ron Parra	 Sánchez González	 Jiménez Cordero	 Carrera Valtierra	 Martín López	 Morales Rivera	 de la Cruz Larios	 Hurtado de la Peña	 Mena Munguía & Rodríguez Flores	 2006"	raza	""	"79248ANGIO"	""	""	aceptado	Plantae	Tracheophyta	Equisetopsida	Poales	Poaceae	Panicoideae	Zea	""	Zea mays mays Complejo Serrano de Jalisco	subespecie	mays	raza	Complejo Serrano de Jalisco
f02802c1cdf1a182d830dbfd5051331a	Zea mays mays Conejo	"E.J. Wellhausen	 L.M. Roberts	 Hern.-Xol. & Mangelsd.	 1951"	"Ron Parra	 Sánchez González	 Jiménez Cordero	 Carrera Valtierra	 Martín López	 Morales Rivera	 de la Cruz Larios	 Hurtado de la Peña	 Mena Munguía & Rodríguez Flores	 2006"	raza	""	"79249ANGIO"	""	""	aceptado	Plantae	Tracheophyta	Equisetopsida	Poales	Poaceae	Panicoideae	Zea	""	Zea mays mays Conejo	subespecie	mays	raza	Conejo
f51555f08e2c2704dcd330636827648b	Zea mays mays Conejo	"E.J. Wellhausen	 L.M. Roberts	 Hern.-Xol. & Mangelsd.	 1951"	"Ron Parra	 Sánchez González	 Jiménez Cordero	 Carrera Valtierra	 Martín López	 Morales Rivera	 de la Cruz Larios	 Hurtado de la Peña	 Mena Munguía & Rodríguez Flores	 2006"	raza	""	"79249ANGIO"	""	""	aceptado	Plantae	Tracheophyta	Equisetopsida	Poales	Poaceae	Panicoideae	Zea	""	Zea mays mays Conejo	subespecie	mays	raza	Conejo
"07b2fd412f851b8d5b9a04b4c3369ac0"	Zea mays mays Cónico	"E.J. Wellhausen	 L.M. Roberts	 Hern.-Xol. & Mangelsd.	 1951"	"Ron Parra	 Sánchez González	 Jiménez Cordero	 Carrera Valtierra	 Martín López	 Morales Rivera	 de la Cruz Larios	 Hurtado de la Peña	 Mena Munguía & Rodríguez Flores	 2006"	raza	""	"79250ANGIO"	""	""	aceptado	Plantae	Tracheophyta	Equisetopsida	Poales	Poaceae	Panicoideae	Zea	""	Zea mays mays Cónico	subespecie	mays	raza	Cónico
"401e0a8aaeb91d13c250a02035e13eb2"	Zea mays mays Cónico	"E.J. Wellhausen	 L.M. Roberts	 Hern.-Xol. & Mangelsd.	 1951"	"Ron Parra	 Sánchez González	 Jiménez Cordero	 Carrera Valtierra	 Martín López	 Morales Rivera	 de la Cruz Larios	 Hurtado de la Peña	 Mena Munguía & Rodríguez Flores	 2006"	raza	""	"79250ANGIO"	""	""	aceptado	Plantae	Tracheophyta	Equisetopsida	Poales	Poaceae	Panicoideae	Zea	""	Zea mays mays Cónico	subespecie	mays	raza	Cónico
"5a1f9fccf15c698abfe6b41824126cb8"	Zea mays mays Cónico	"E.J. Wellhausen	 L.M. Roberts	 Hern.-Xol. & Mangelsd.	 1951"	"Ron Parra	 Sánchez González	 Jiménez Cordero	 Carrera Valtierra	 Martín López	 Morales Rivera	 de la Cruz Larios	 Hurtado de la Peña	 Mena Munguía & Rodríguez Flores	 2006"	raza	""	"79250ANGIO"	""	""	aceptado	Plantae	Tracheophyta	Equisetopsida	Poales	Poaceae	Panicoideae	Zea	""	Zea mays mays Cónico	subespecie	mays	raza	Cónico
b6b39eee01d192aaa9604dae6db2a3e2	Zea mays mays Cónico	"E.J. Wellhausen	 L.M. Roberts	 Hern.-Xol. & Mangelsd.	 1951"	"Ron Parra	 Sánchez González	 Jiménez Cordero	 Carrera Valtierra	 Martín López	 Morales Rivera	 de la Cruz Larios	 Hurtado de la Peña	 Mena Munguía & Rodríguez Flores	 2006"	raza	""	"79250ANGIO"	""	""	aceptado	Plantae	Tracheophyta	Equisetopsida	Poales	Poaceae	Panicoideae	Zea	""	Zea mays mays Cónico	subespecie	mays	raza	Cónico
b351cfc5745ee806e592258b8cc0dea2	Zea mays mays Cónico Norteño	"E.J. Wellhausen	 L.M. Roberts	 Hern.-Xol. & Mangelsd.	 1951"	"Ron Parra	 Sánchez González	 Jiménez Cordero	 Carrera Valtierra	 Martín López	 Morales Rivera	 de la Cruz Larios	 Hurtado de la Peña	 Mena Munguía & Rodríguez Flores	 2006"	raza	""	"79251ANGIO"	""	""	aceptado	Plantae	Tracheophyta	Equisetopsida	Poales	Poaceae	Panicoideae	Zea	""	Zea mays mays Cónico Norteño	subespecie	mays	raza	Cónico Norteño
b64f58ea78fa371570ab115d12431182	Zea mays mays Cónico Norteño	"E.J. Wellhausen	 L.M. Roberts	 Hern.-Xol. & Mangelsd.	 1951"	"Ron Parra	 Sánchez González	 Jiménez Cordero	 Carrera Valtierra	 Martín López	 Morales Rivera	 de la Cruz Larios	 Hurtado de la Peña	 Mena Munguía & Rodríguez Flores	 2006"	raza	""	"79251ANGIO"	""	""	aceptado	Plantae	Tracheophyta	Equisetopsida	Poales	Poaceae	Panicoideae	Zea	""	Zea mays mays Cónico Norteño	subespecie	mays	raza	Cónico Norteño
c90d536cdfc6b5c10eb1c1c0486f621a	Zea mays mays Cónico Norteño	"E.J. Wellhausen	 L.M. Roberts	 Hern.-Xol. & Mangelsd.	 1951"	"Ron Parra	 Sánchez González	 Jiménez Cordero	 Carrera Valtierra	 Martín López	 Morales Rivera	 de la Cruz Larios	 Hurtado de la Peña	 Mena Munguía & Rodríguez Flores	 2006"	raza	""	"79251ANGIO"	""	""	aceptado	Plantae	Tracheophyta	Equisetopsida	Poales	Poaceae	Panicoideae	Zea	""	Zea mays mays Cónico Norteño	subespecie	mays	raza	Cónico Norteño
d950c5d219c9308eff9562992a080168	Zea mays mays Cónico Norteño	"E.J. Wellhausen	 L.M. Roberts	 Hern.-Xol. & Mangelsd.	 1951"	"Ron Parra	 Sánchez González	 Jiménez Cordero	 Carrera Valtierra	 Martín López	 Morales Rivera	 de la Cruz Larios	 Hurtado de la Peña	 Mena Munguía & Rodríguez Flores	 2006"	raza	""	"79251ANGIO"	""	""	aceptado	Plantae	Tracheophyta	Equisetopsida	Poales	Poaceae	Panicoideae	Zea	""	Zea mays mays Cónico Norteño	subespecie	mays	raza	Cónico Norteño
ed7813c6f410ec07a80060263890cf40	Zea mays mays Cónico Norteño	"E.J. Wellhausen	 L.M. Roberts	 Hern.-Xol. & Mangelsd.	 1951"	"Ron Parra	 Sánchez González	 Jiménez Cordero	 Carrera Valtierra	 Martín López	 Morales Rivera	 de la Cruz Larios	 Hurtado de la Peña	 Mena Munguía & Rodríguez Flores	 2006"	raza	""	"79251ANGIO"	""	""	aceptado	Plantae	Tracheophyta	Equisetopsida	Poales	Poaceae	Panicoideae	Zea	""	Zea mays mays Cónico Norteño	subespecie	mays	raza	Cónico Norteño
"5860e4fb8b3172c1bc7781e5a79f0fb3"	Zea mays mays Coscomatepec	"R. Ortega	 1979"	"Ron Parra	 Sánchez González	 Jiménez Cordero	 Carrera Valtierra	 Martín López	 Morales Rivera	 de la Cruz Larios	 Hurtado de la Peña	 Mena Munguía & Rodríguez Flores	 2006"	raza	""	"79252ANGIO"	""	""	aceptado	Plantae	Tracheophyta	Equisetopsida	Poales	Poaceae	Panicoideae	Zea	""	Zea mays mays Coscomatepec	subespecie	mays	raza	Coscomatepec
ce9121f20dd282aae09fdb9f55ca924d	Zea mays mays Coscomatepec	"R. Ortega	 1979"	"Ron Parra	 Sánchez González	 Jiménez Cordero	 Carrera Valtierra	 Martín López	 Morales Rivera	 de la Cruz Larios	 Hurtado de la Peña	 Mena Munguía & Rodríguez Flores	 2006"	raza	""	"79252ANGIO"	""	""	aceptado	Plantae	Tracheophyta	Equisetopsida	Poales	Poaceae	Panicoideae	Zea	""	Zea mays mays Coscomatepec	subespecie	mays	raza	Coscomatepec
"6e66b9a5dd6ea3376a3b7b0c132d9387"	Zea mays mays Cristalino de Chihuahua	"E.J. Wellhausen	 L.M. Roberts	 Hern.-Xol. & Mangelsd.	 1951"	"Ron Parra	 Sánchez González	 Jiménez Cordero	 Carrera Valtierra	 Martín López	 Morales Rivera	 de la Cruz Larios	 Hurtado de la Peña	 Mena Munguía & Rodríguez Flores	 2006"	raza	""	"79253ANGIO"	""	""	aceptado	Plantae	Tracheophyta	Equisetopsida	Poales	Poaceae	Panicoideae	Zea	""	Zea mays mays Cristalino de Chihuahua	subespecie	mays	raza	Cristalino de Chihuahua
"8fb7a8183c019ce987fa905762c3f4d5"	Zea mays mays Cristalino de Chihuahua	"E.J. Wellhausen	 L.M. Roberts	 Hern.-Xol. & Mangelsd.	 1951"	"Ron Parra	 Sánchez González	 Jiménez Cordero	 Carrera Valtierra	 Martín López	 Morales Rivera	 de la Cruz Larios	 Hurtado de la Peña	 Mena Munguía & Rodríguez Flores	 2006"	raza	""	"79253ANGIO"	""	""	aceptado	Plantae	Tracheophyta	Equisetopsida	Poales	Poaceae	Panicoideae	Zea	""	Zea mays mays Cristalino de Chihuahua	subespecie	mays	raza	Cristalino de Chihuahua
"94c1d77809f1b299149abff5bcd68604"	Zea mays mays Chalqueño	"E.J. Wellhausen	 L.M. Roberts	 Hern.-Xol. & Mangelsd.	 1951"	"Ron Parra	 Sánchez González	 Jiménez Cordero	 Carrera Valtierra	 Martín López	 Morales Rivera	 de la Cruz Larios	 Hurtado de la Peña	 Mena Munguía & Rodríguez Flores	 2006"	raza	""	"79254ANGIO"	""	""	aceptado	Plantae	Tracheophyta	Equisetopsida	Poales	Poaceae	Panicoideae	Zea	""	Zea mays mays Chalqueño	subespecie	mays	raza	Chalqueño
"99c8ecd1bdcc7ec1d7664f39970aae1e"	Zea mays mays Chalqueño	"E.J. Wellhausen	 L.M. Roberts	 Hern.-Xol. & Mangelsd.	 1951"	"Ron Parra	 Sánchez González	 Jiménez Cordero	 Carrera Valtierra	 Martín López	 Morales Rivera	 de la Cruz Larios	 Hurtado de la Peña	 Mena Munguía & Rodríguez Flores	 2006"	raza	""	"79254ANGIO"	""	""	aceptado	Plantae	Tracheophyta	Equisetopsida	Poales	Poaceae	Panicoideae	Zea	""	Zea mays mays Chalqueño	subespecie	mays	raza	Chalqueño
ade18095707f5bd3ff45cd40e79b47fb	Zea mays mays Chalqueño	"E.J. Wellhausen	 L.M. Roberts	 Hern.-Xol. & Mangelsd.	 1951"	"Ron Parra	 Sánchez González	 Jiménez Cordero	 Carrera Valtierra	 Martín López	 Morales Rivera	 de la Cruz Larios	 Hurtado de la Peña	 Mena Munguía & Rodríguez Flores	 2006"	raza	""	"79254ANGIO"	""	""	aceptado	Plantae	Tracheophyta	Equisetopsida	Poales	Poaceae	Panicoideae	Zea	""	Zea mays mays Chalqueño	subespecie	mays	raza	Chalqueño
e55e8be3139900e439906ae0029c416a	Zea mays mays Chalqueño	"E.J. Wellhausen	 L.M. Roberts	 Hern.-Xol. & Mangelsd.	 1951"	"Ron Parra	 Sánchez González	 Jiménez Cordero	 Carrera Valtierra	 Martín López	 Morales Rivera	 de la Cruz Larios	 Hurtado de la Peña	 Mena Munguía & Rodríguez Flores	 2006"	raza	""	"79254ANGIO"	""	""	aceptado	Plantae	Tracheophyta	Equisetopsida	Poales	Poaceae	Panicoideae	Zea	""	Zea mays mays Chalqueño	subespecie	mays	raza	Chalqueño
"6717584b257ca851aa64e5ef4768ccd1"	Zea mays mays Chapalote	"E.J. Wellhausen	 L.M. Roberts	 Hern.-Xol. & Mangelsd.	 1951"	"Ron Parra	 Sánchez González	 Jiménez Cordero	 Carrera Valtierra	 Martín López	 Morales Rivera	 de la Cruz Larios	 Hurtado de la Peña	 Mena Munguía & Rodríguez Flores	 2006"	raza	""	"79255ANGIO"	""	""	aceptado	Plantae	Tracheophyta	Equisetopsida	Poales	Poaceae	Panicoideae	Zea	""	Zea mays mays Chapalote	subespecie	mays	raza	Chapalote
"34b8a8a5362835022ce7e0c5a7c6fcaf"	Zea mays mays Elotes Occidentales	"E.J. Wellhausen	 L.M. Roberts	 Hern.-Xol. & Mangelsd.	 1951"	"Ron Parra	 Sánchez González	 Jiménez Cordero	 Carrera Valtierra	 Martín López	 Morales Rivera	 de la Cruz Larios	 Hurtado de la Peña	 Mena Munguía & Rodríguez Flores	 2006"	raza	""	"79256ANGIO"	""	""	aceptado	Plantae	Tracheophyta	Equisetopsida	Poales	Poaceae	Panicoideae	Zea	""	Zea mays mays Elotes Occidentales	subespecie	mays	raza	Elotes Occidentales
"41f34929f251cea3f7690a287422fcfd"	Zea mays mays Elotes Occidentales	"E.J. Wellhausen	 L.M. Roberts	 Hern.-Xol. & Mangelsd.	 1951"	"Ron Parra	 Sánchez González	 Jiménez Cordero	 Carrera Valtierra	 Martín López	 Morales Rivera	 de la Cruz Larios	 Hurtado de la Peña	 Mena Munguía & Rodríguez Flores	 2006"	raza	""	"79256ANGIO"	""	""	aceptado	Plantae	Tracheophyta	Equisetopsida	Poales	Poaceae	Panicoideae	Zea	""	Zea mays mays Elotes Occidentales	subespecie	mays	raza	Elotes Occidentales
b69afd19844de3264f1f1ee1754e7286	Zea mays mays Elotes Occidentales	"E.J. Wellhausen	 L.M. Roberts	 Hern.-Xol. & Mangelsd.	 1951"	"Ron Parra	 Sánchez González	 Jiménez Cordero	 Carrera Valtierra	 Martín López	 Morales Rivera	 de la Cruz Larios	 Hurtado de la Peña	 Mena Munguía & Rodríguez Flores	 2006"	raza	""	"79256ANGIO"	""	""	aceptado	Plantae	Tracheophyta	Equisetopsida	Poales	Poaceae	Panicoideae	Zea	""	Zea mays mays Elotes Occidentales	subespecie	mays	raza	Elotes Occidentales
c513c8c1293513366388e50fb0a54f05	Zea mays mays Elotes Occidentales	"E.J. Wellhausen	 L.M. Roberts	 Hern.-Xol. & Mangelsd.	 1951"	"Ron Parra	 Sánchez González	 Jiménez Cordero	 Carrera Valtierra	 Martín López	 Morales Rivera	 de la Cruz Larios	 Hurtado de la Peña	 Mena Munguía & Rodríguez Flores	 2006"	raza	""	"79256ANGIO"	""	""	aceptado	Plantae	Tracheophyta	Equisetopsida	Poales	Poaceae	Panicoideae	Zea	""	Zea mays mays Elotes Occidentales	subespecie	mays	raza	Elotes Occidentales
d070bad0d11afcad4be4a670a3de3ec2	Zea mays mays Elotes Occidentales	"E.J. Wellhausen	 L.M. Roberts	 Hern.-Xol. & Mangelsd.	 1951"	"Ron Parra	 Sánchez González	 Jiménez Cordero	 Carrera Valtierra	 Martín López	 Morales Rivera	 de la Cruz Larios	 Hurtado de la Peña	 Mena Munguía & Rodríguez Flores	 2006"	raza	""	"79256ANGIO"	""	""	aceptado	Plantae	Tracheophyta	Equisetopsida	Poales	Poaceae	Panicoideae	Zea	""	Zea mays mays Elotes Occidentales	subespecie	mays	raza	Elotes Occidentales
"47155761a1d0257d65a36d7863c886fb"	Zea mays mays Elotes Cónicos	"E.J. Wellhausen	 L.M. Roberts	 Hern.-Xol. & Mangelsd.	 1951"	"Ron Parra	 Sánchez González	 Jiménez Cordero	 Carrera Valtierra	 Martín López	 Morales Rivera	 de la Cruz Larios	 Hurtado de la Peña	 Mena Munguía & Rodríguez Flores	 2006"	raza	""	"79257ANGIO"	""	""	aceptado	Plantae	Tracheophyta	Equisetopsida	Poales	Poaceae	Panicoideae	Zea	""	Zea mays mays Elotes Cónicos	subespecie	mays	raza	Elotes Cónicos
"8214a3b6f8773df6c9c29a8c71cd6f4a"	Zea mays mays Elotes Cónicos	"E.J. Wellhausen	 L.M. Roberts	 Hern.-Xol. & Mangelsd.	 1951"	"Ron Parra	 Sánchez González	 Jiménez Cordero	 Carrera Valtierra	 Martín López	 Morales Rivera	 de la Cruz Larios	 Hurtado de la Peña	 Mena Munguía & Rodríguez Flores	 2006"	raza	""	"79257ANGIO"	""	""	aceptado	Plantae	Tracheophyta	Equisetopsida	Poales	Poaceae	Panicoideae	Zea	""	Zea mays mays Elotes Cónicos	subespecie	mays	raza	Elotes Cónicos
"8857ed0e5ab231564b94b0037c7fe146"	Zea mays mays Elotes Cónicos	"E.J. Wellhausen	 L.M. Roberts	 Hern.-Xol. & Mangelsd.	 1951"	"Ron Parra	 Sánchez González	 Jiménez Cordero	 Carrera Valtierra	 Martín López	 Morales Rivera	 de la Cruz Larios	 Hurtado de la Peña	 Mena Munguía & Rodríguez Flores	 2006"	raza	""	"79257ANGIO"	""	""	aceptado	Plantae	Tracheophyta	Equisetopsida	Poales	Poaceae	Panicoideae	Zea	""	Zea mays mays Elotes Cónicos	subespecie	mays	raza	Elotes Cónicos
"9d639f70800830697cc941b6a279694d"	Zea mays mays Elotes Cónicos	"E.J. Wellhausen	 L.M. Roberts	 Hern.-Xol. & Mangelsd.	 1951"	"Ron Parra	 Sánchez González	 Jiménez Cordero	 Carrera Valtierra	 Martín López	 Morales Rivera	 de la Cruz Larios	 Hurtado de la Peña	 Mena Munguía & Rodríguez Flores	 2006"	raza	""	"79257ANGIO"	""	""	aceptado	Plantae	Tracheophyta	Equisetopsida	Poales	Poaceae	Panicoideae	Zea	""	Zea mays mays Elotes Cónicos	subespecie	mays	raza	Elotes Cónicos
b50a3b1a552943ef35951e76a200deee	Zea mays mays Gordo	"Hern.-Xol. & G. Alanis	 1970"	"Ron Parra	 Sánchez González	 Jiménez Cordero	 Carrera Valtierra	 Martín López	 Morales Rivera	 de la Cruz Larios	 Hurtado de la Peña	 Mena Munguía & Rodríguez Flores	 2006"	raza	""	"79258ANGIO"	""	""	aceptado	Plantae	Tracheophyta	Equisetopsida	Poales	Poaceae	Panicoideae	Zea	""	Zea mays mays Gordo	subespecie	mays	raza	Gordo
fde8757095fa17fcc7c8a4e47323ec28	Zea mays mays Gordo	"Hern.-Xol. & G. Alanis	 1970"	"Ron Parra	 Sánchez González	 Jiménez Cordero	 Carrera Valtierra	 Martín López	 Morales Rivera	 de la Cruz Larios	 Hurtado de la Peña	 Mena Munguía & Rodríguez Flores	 2006"	raza	""	"79258ANGIO"	""	""	aceptado	Plantae	Tracheophyta	Equisetopsida	Poales	Poaceae	Panicoideae	Zea	""	Zea mays mays Gordo	subespecie	mays	raza	Gordo
"6d535fd6cbd1a15f5c6a20cd33d9340e"	Zea mays mays Harinoso de Ocho	"E.J. Wellhausen	 L.M. Roberts	 Hern.-Xol. & Mangelsd.	 1951"	"Ron Parra	 Sánchez González	 Jiménez Cordero	 Carrera Valtierra	 Martín López	 Morales Rivera	 de la Cruz Larios	 Hurtado de la Peña	 Mena Munguía & Rodríguez Flores	 2006"	raza	""	"79259ANGIO"	""	""	aceptado	Plantae	Tracheophyta	Equisetopsida	Poales	Poaceae	Panicoideae	Zea	""	Zea mays mays Harinoso de Ocho	subespecie	mays	raza	Harinoso de Ocho
ad94fa92fbc0a2b4deb47f6040f66ed6	Zea mays mays Harinoso de Ocho	"E.J. Wellhausen	 L.M. Roberts	 Hern.-Xol. & Mangelsd.	 1951"	"Ron Parra	 Sánchez González	 Jiménez Cordero	 Carrera Valtierra	 Martín López	 Morales Rivera	 de la Cruz Larios	 Hurtado de la Peña	 Mena Munguía & Rodríguez Flores	 2006"	raza	""	"79259ANGIO"	""	""	aceptado	Plantae	Tracheophyta	Equisetopsida	Poales	Poaceae	Panicoideae	Zea	""	Zea mays mays Harinoso de Ocho	subespecie	mays	raza	Harinoso de Ocho
c445fd22edcc5ca815b79cb9b763e58e	Zea mays mays Jala	"E.J. Wellhausen	 L.M. Roberts	 Hern.-Xol. & Mangelsd.	 1951"	"Ron Parra	 Sánchez González	 Jiménez Cordero	 Carrera Valtierra	 Martín López	 Morales Rivera	 de la Cruz Larios	 Hurtado de la Peña	 Mena Munguía & Rodríguez Flores	 2006"	raza	""	"79260ANGIO"	""	""	aceptado	Plantae	Tracheophyta	Equisetopsida	Poales	Poaceae	Panicoideae	Zea	""	Zea mays mays Jala	subespecie	mays	raza	Jala
"64448f68f18484749ed4562c0016461f"	Zea mays mays Dulce	"E.J. Wellhausen	 L.M. Roberts	 Hern.-Xol. & Mangelsd.	 1951"	"Ron Parra	 Sánchez González	 Jiménez Cordero	 Carrera Valtierra	 Martín López	 Morales Rivera	 de la Cruz Larios	 Hurtado de la Peña	 Mena Munguía & Rodríguez Flores	 2006"	raza	""	"79261ANGIO"	""	""	aceptado	Plantae	Tracheophyta	Equisetopsida	Poales	Poaceae	Panicoideae	Zea	""	Zea mays mays Dulce	subespecie	mays	raza	Dulce
"7c6565197ecfd5269cb90d97f2d06aa2"	Zea mays mays Dulce	"E.J. Wellhausen	 L.M. Roberts	 Hern.-Xol. & Mangelsd.	 1951"	"Ron Parra	 Sánchez González	 Jiménez Cordero	 Carrera Valtierra	 Martín López	 Morales Rivera	 de la Cruz Larios	 Hurtado de la Peña	 Mena Munguía & Rodríguez Flores	 2006"	raza	""	"79261ANGIO"	""	""	aceptado	Plantae	Tracheophyta	Equisetopsida	Poales	Poaceae	Panicoideae	Zea	""	Zea mays mays Dulce	subespecie	mays	raza	Dulce
a77cb44f94c194a5fb7595915013860e	Zea mays mays Dulce	"E.J. Wellhausen	 L.M. Roberts	 Hern.-Xol. & Mangelsd.	 1951"	"Ron Parra	 Sánchez González	 Jiménez Cordero	 Carrera Valtierra	 Martín López	 Morales Rivera	 de la Cruz Larios	 Hurtado de la Peña	 Mena Munguía & Rodríguez Flores	 2006"	raza	""	"79261ANGIO"	""	""	aceptado	Plantae	Tracheophyta	Equisetopsida	Poales	Poaceae	Panicoideae	Zea	""	Zea mays mays Dulce	subespecie	mays	raza	Dulce
"0c3f5a42dac3d6f3918e17fcdb9ce2ab"	Zea mays mays Mushito	"R. Ortega	 1979"	"Ron Parra	 Sánchez González	 Jiménez Cordero	 Carrera Valtierra	 Martín López	 Morales Rivera	 de la Cruz Larios	 Hurtado de la Peña	 Mena Munguía & Rodríguez Flores	 2006"	raza	""	"79262ANGIO"	""	""	aceptado	Plantae	Tracheophyta	Equisetopsida	Poales	Poaceae	Panicoideae	Zea	""	Zea mays mays Mushito	subespecie	mays	raza	Mushito
"306b2567d4d274ce78a38758c613623d"	Zea mays mays Mushito	"R. Ortega	 1979"	"Ron Parra	 Sánchez González	 Jiménez Cordero	 Carrera Valtierra	 Martín López	 Morales Rivera	 de la Cruz Larios	 Hurtado de la Peña	 Mena Munguía & Rodríguez Flores	 2006"	raza	""	"79262ANGIO"	""	""	aceptado	Plantae	Tracheophyta	Equisetopsida	Poales	Poaceae	Panicoideae	Zea	""	Zea mays mays Mushito	subespecie	mays	raza	Mushito
"8686e77fbca63ea937265370d2650770"	Zea mays mays Mushito	"R. Ortega	 1979"	"Ron Parra	 Sánchez González	 Jiménez Cordero	 Carrera Valtierra	 Martín López	 Morales Rivera	 de la Cruz Larios	 Hurtado de la Peña	 Mena Munguía & Rodríguez Flores	 2006"	raza	""	"79262ANGIO"	""	""	aceptado	Plantae	Tracheophyta	Equisetopsida	Poales	Poaceae	Panicoideae	Zea	""	Zea mays mays Mushito	subespecie	mays	raza	Mushito
e357be1a2742a0a977b8469265494420	Zea mays mays Mushito	"R. Ortega	 1979"	"Ron Parra	 Sánchez González	 Jiménez Cordero	 Carrera Valtierra	 Martín López	 Morales Rivera	 de la Cruz Larios	 Hurtado de la Peña	 Mena Munguía & Rodríguez Flores	 2006"	raza	""	"79262ANGIO"	""	""	aceptado	Plantae	Tracheophyta	Equisetopsida	Poales	Poaceae	Panicoideae	Zea	""	Zea mays mays Mushito	subespecie	mays	raza	Mushito
e37298e0a580d7a4bf53b85e1b215d02	Zea mays mays Mushito	"R. Ortega	 1979"	"Ron Parra	 Sánchez González	 Jiménez Cordero	 Carrera Valtierra	 Martín López	 Morales Rivera	 de la Cruz Larios	 Hurtado de la Peña	 Mena Munguía & Rodríguez Flores	 2006"	raza	""	"79262ANGIO"	""	""	aceptado	Plantae	Tracheophyta	Equisetopsida	Poales	Poaceae	Panicoideae	Zea	""	Zea mays mays Mushito	subespecie	mays	raza	Mushito
ef3db73dcf67370d538adfcc9125c4b3	Zea mays mays Mushito	"R. Ortega	 1979"	"Ron Parra	 Sánchez González	 Jiménez Cordero	 Carrera Valtierra	 Martín López	 Morales Rivera	 de la Cruz Larios	 Hurtado de la Peña	 Mena Munguía & Rodríguez Flores	 2006"	raza	""	"79262ANGIO"	""	""	aceptado	Plantae	Tracheophyta	Equisetopsida	Poales	Poaceae	Panicoideae	Zea	""	Zea mays mays Mushito	subespecie	mays	raza	Mushito
"3490ef6a9671a32fe4c3771fba93dafb"	Zea mays mays Nal-tel de Altura	"R. Ortega	 1979"	"Ron Parra	 Sánchez González	 Jiménez Cordero	 Carrera Valtierra	 Martín López	 Morales Rivera	 de la Cruz Larios	 Hurtado de la Peña	 Mena Munguía & Rodríguez Flores	 2006"	raza	""	"79263ANGIO"	""	""	aceptado	Plantae	Tracheophyta	Equisetopsida	Poales	Poaceae	Panicoideae	Zea	""	Zea mays mays Nal-tel de Altura	subespecie	mays	raza	Nal-tel de Altura
cefe2eb82253f2fa3d93a5a957fc4d1a	Zea mays mays Nal-tel de Altura	"R. Ortega	 1979"	"Ron Parra	 Sánchez González	 Jiménez Cordero	 Carrera Valtierra	 Martín López	 Morales Rivera	 de la Cruz Larios	 Hurtado de la Peña	 Mena Munguía & Rodríguez Flores	 2006"	raza	""	"79263ANGIO"	""	""	aceptado	Plantae	Tracheophyta	Equisetopsida	Poales	Poaceae	Panicoideae	Zea	""	Zea mays mays Nal-tel de Altura	subespecie	mays	raza	Nal-tel de Altura
d9c6a88df95ca75c3485ab59508a7f64	Zea mays mays Nal-tel de Altura	"R. Ortega	 1979"	"Ron Parra	 Sánchez González	 Jiménez Cordero	 Carrera Valtierra	 Martín López	 Morales Rivera	 de la Cruz Larios	 Hurtado de la Peña	 Mena Munguía & Rodríguez Flores	 2006"	raza	""	"79263ANGIO"	""	""	aceptado	Plantae	Tracheophyta	Equisetopsida	Poales	Poaceae	Panicoideae	Zea	""	Zea mays mays Nal-tel de Altura	subespecie	mays	raza	Nal-tel de Altura
"06d762603b016d51c9f92fe8725a736f"	Zea mays mays Nal-tel	"E.J. Wellhausen	 L.M. Roberts	 Hern.-Xol. & Mangelsd.	 1951"	"Ron Parra	 Sánchez González	 Jiménez Cordero	 Carrera Valtierra	 Martín López	 Morales Rivera	 de la Cruz Larios	 Hurtado de la Peña	 Mena Munguía & Rodríguez Flores	 2006"	raza	""	"79264ANGIO"	""	""	aceptado	Plantae	Tracheophyta	Equisetopsida	Poales	Poaceae	Panicoideae	Zea	""	Zea mays mays Nal-tel	subespecie	mays	raza	Nal-tel
"407215cd7434c5461a0e8fab337375eb"	Zea mays mays Nal-tel	"E.J. Wellhausen	 L.M. Roberts	 Hern.-Xol. & Mangelsd.	 1951"	"Ron Parra	 Sánchez González	 Jiménez Cordero	 Carrera Valtierra	 Martín López	 Morales Rivera	 de la Cruz Larios	 Hurtado de la Peña	 Mena Munguía & Rodríguez Flores	 2006"	raza	""	"79264ANGIO"	""	""	aceptado	Plantae	Tracheophyta	Equisetopsida	Poales	Poaceae	Panicoideae	Zea	""	Zea mays mays Nal-tel	subespecie	mays	raza	Nal-tel
"816ad570f2a7ff5a7cea9d4bf2be83a0"	Zea mays mays Nal-tel	"E.J. Wellhausen	 L.M. Roberts	 Hern.-Xol. & Mangelsd.	 1951"	"Ron Parra	 Sánchez González	 Jiménez Cordero	 Carrera Valtierra	 Martín López	 Morales Rivera	 de la Cruz Larios	 Hurtado de la Peña	 Mena Munguía & Rodríguez Flores	 2006"	raza	""	"79264ANGIO"	""	""	aceptado	Plantae	Tracheophyta	Equisetopsida	Poales	Poaceae	Panicoideae	Zea	""	Zea mays mays Nal-tel	subespecie	mays	raza	Nal-tel
"0395949c5e41ab0264baad9930ec3e6a"	Zea mays mays Olotillo	"E.J. Wellhausen	 L.M. Roberts	 Hern.-Xol. & Mangelsd.	 1951"	"Ron Parra	 Sánchez González	 Jiménez Cordero	 Carrera Valtierra	 Martín López	 Morales Rivera	 de la Cruz Larios	 Hurtado de la Peña	 Mena Munguía & Rodríguez Flores	 2006"	raza	""	"79265ANGIO"	""	""	aceptado	Plantae	Tracheophyta	Equisetopsida	Poales	Poaceae	Panicoideae	Zea	""	Zea mays mays Olotillo	subespecie	mays	raza	Olotillo
"27204035b836dd5a88e8ec4d758da054"	Zea mays mays Olotillo	"E.J. Wellhausen	 L.M. Roberts	 Hern.-Xol. & Mangelsd.	 1951"	"Ron Parra	 Sánchez González	 Jiménez Cordero	 Carrera Valtierra	 Martín López	 Morales Rivera	 de la Cruz Larios	 Hurtado de la Peña	 Mena Munguía & Rodríguez Flores	 2006"	raza	""	"79265ANGIO"	""	""	aceptado	Plantae	Tracheophyta	Equisetopsida	Poales	Poaceae	Panicoideae	Zea	""	Zea mays mays Olotillo	subespecie	mays	raza	Olotillo
"30a9db646981d91e8b8bf80d3712e2ef"	Zea mays mays Olotillo	"E.J. Wellhausen	 L.M. Roberts	 Hern.-Xol. & Mangelsd.	 1951"	"Ron Parra	 Sánchez González	 Jiménez Cordero	 Carrera Valtierra	 Martín López	 Morales Rivera	 de la Cruz Larios	 Hurtado de la Peña	 Mena Munguía & Rodríguez Flores	 2006"	raza	""	"79265ANGIO"	""	""	aceptado	Plantae	Tracheophyta	Equisetopsida	Poales	Poaceae	Panicoideae	Zea	""	Zea mays mays Olotillo	subespecie	mays	raza	Olotillo
"330e8ad1f15cb45717008e426348ec98"	Zea mays mays Olotillo	"E.J. Wellhausen	 L.M. Roberts	 Hern.-Xol. & Mangelsd.	 1951"	"Ron Parra	 Sánchez González	 Jiménez Cordero	 Carrera Valtierra	 Martín López	 Morales Rivera	 de la Cruz Larios	 Hurtado de la Peña	 Mena Munguía & Rodríguez Flores	 2006"	raza	""	"79265ANGIO"	""	""	aceptado	Plantae	Tracheophyta	Equisetopsida	Poales	Poaceae	Panicoideae	Zea	""	Zea mays mays Olotillo	subespecie	mays	raza	Olotillo
"4157e4dd1ca8954471a6002a25515cee"	Zea mays mays Olotillo	"E.J. Wellhausen	 L.M. Roberts	 Hern.-Xol. & Mangelsd.	 1951"	"Ron Parra	 Sánchez González	 Jiménez Cordero	 Carrera Valtierra	 Martín López	 Morales Rivera	 de la Cruz Larios	 Hurtado de la Peña	 Mena Munguía & Rodríguez Flores	 2006"	raza	""	"79265ANGIO"	""	""	aceptado	Plantae	Tracheophyta	Equisetopsida	Poales	Poaceae	Panicoideae	Zea	""	Zea mays mays Olotillo	subespecie	mays	raza	Olotillo
a7015218bc0860fe4c8840a390695add	Zea mays mays Olotillo	"E.J. Wellhausen	 L.M. Roberts	 Hern.-Xol. & Mangelsd.	 1951"	"Ron Parra	 Sánchez González	 Jiménez Cordero	 Carrera Valtierra	 Martín López	 Morales Rivera	 de la Cruz Larios	 Hurtado de la Peña	 Mena Munguía & Rodríguez Flores	 2006"	raza	""	"79265ANGIO"	""	""	aceptado	Plantae	Tracheophyta	Equisetopsida	Poales	Poaceae	Panicoideae	Zea	""	Zea mays mays Olotillo	subespecie	mays	raza	Olotillo
ade59bb24af7921e88e8b6ae99a0e27a	Zea mays mays Olotón	"E.J. Wellhausen	 L.M. Roberts	 Hern.-Xol. & Mangelsd.	 1951"	"Ron Parra	 Sánchez González	 Jiménez Cordero	 Carrera Valtierra	 Martín López	 Morales Rivera	 de la Cruz Larios	 Hurtado de la Peña	 Mena Munguía & Rodríguez Flores	 2006"	raza	""	"79266ANGIO"	""	""	aceptado	Plantae	Tracheophyta	Equisetopsida	Poales	Poaceae	Panicoideae	Zea	""	Zea mays mays Olotón	subespecie	mays	raza	Olotón
e286604761190cffcca089d466105753	Zea mays mays Olotón	"E.J. Wellhausen	 L.M. Roberts	 Hern.-Xol. & Mangelsd.	 1951"	"Ron Parra	 Sánchez González	 Jiménez Cordero	 Carrera Valtierra	 Martín López	 Morales Rivera	 de la Cruz Larios	 Hurtado de la Peña	 Mena Munguía & Rodríguez Flores	 2006"	raza	""	"79266ANGIO"	""	""	aceptado	Plantae	Tracheophyta	Equisetopsida	Poales	Poaceae	Panicoideae	Zea	""	Zea mays mays Olotón	subespecie	mays	raza	Olotón
fa2eea1001a1210b3648351571391502	Zea mays mays Olotón	"E.J. Wellhausen	 L.M. Roberts	 Hern.-Xol. & Mangelsd.	 1951"	"Ron Parra	 Sánchez González	 Jiménez Cordero	 Carrera Valtierra	 Martín López	 Morales Rivera	 de la Cruz Larios	 Hurtado de la Peña	 Mena Munguía & Rodríguez Flores	 2006"	raza	""	"79266ANGIO"	""	""	aceptado	Plantae	Tracheophyta	Equisetopsida	Poales	Poaceae	Panicoideae	Zea	""	Zea mays mays Olotón	subespecie	mays	raza	Olotón
"1a3f028a27e59ca920c0c69492428c40"	Zea mays mays Onaveño	"E.J. Wellhausen	 L.M. Roberts	 Hern.-Xol. & Mangelsd.	 1951"	"Ron Parra	 Sánchez González	 Jiménez Cordero	 Carrera Valtierra	 Martín López	 Morales Rivera	 de la Cruz Larios	 Hurtado de la Peña	 Mena Munguía & Rodríguez Flores	 2006"	raza	""	"79267ANGIO"	""	""	aceptado	Plantae	Tracheophyta	Equisetopsida	Poales	Poaceae	Panicoideae	Zea	""	Zea mays mays Onaveño	subespecie	mays	raza	Onaveño
"417481ddaced6bb7e956803c69196eb8"	Zea mays mays Onaveño	"E.J. Wellhausen	 L.M. Roberts	 Hern.-Xol. & Mangelsd.	 1951"	"Ron Parra	 Sánchez González	 Jiménez Cordero	 Carrera Valtierra	 Martín López	 Morales Rivera	 de la Cruz Larios	 Hurtado de la Peña	 Mena Munguía & Rodríguez Flores	 2006"	raza	""	"79267ANGIO"	""	""	aceptado	Plantae	Tracheophyta	Equisetopsida	Poales	Poaceae	Panicoideae	Zea	""	Zea mays mays Onaveño	subespecie	mays	raza	Onaveño
"74fac00fc8f1f2729083686019266dca"	Zea mays mays Onaveño	"E.J. Wellhausen	 L.M. Roberts	 Hern.-Xol. & Mangelsd.	 1951"	"Ron Parra	 Sánchez González	 Jiménez Cordero	 Carrera Valtierra	 Martín López	 Morales Rivera	 de la Cruz Larios	 Hurtado de la Peña	 Mena Munguía & Rodríguez Flores	 2006"	raza	""	"79267ANGIO"	""	""	aceptado	Plantae	Tracheophyta	Equisetopsida	Poales	Poaceae	Panicoideae	Zea	""	Zea mays mays Onaveño	subespecie	mays	raza	Onaveño
"99bd6382a269d40cbe8c6caf03590204"	Zea mays mays Onaveño	"E.J. Wellhausen	 L.M. Roberts	 Hern.-Xol. & Mangelsd.	 1951"	"Ron Parra	 Sánchez González	 Jiménez Cordero	 Carrera Valtierra	 Martín López	 Morales Rivera	 de la Cruz Larios	 Hurtado de la Peña	 Mena Munguía & Rodríguez Flores	 2006"	raza	""	"79267ANGIO"	""	""	aceptado	Plantae	Tracheophyta	Equisetopsida	Poales	Poaceae	Panicoideae	Zea	""	Zea mays mays Onaveño	subespecie	mays	raza	Onaveño
b3fceaddb18be58716db5bef71c394dc	Zea mays mays Onaveño	"E.J. Wellhausen	 L.M. Roberts	 Hern.-Xol. & Mangelsd.	 1951"	"Ron Parra	 Sánchez González	 Jiménez Cordero	 Carrera Valtierra	 Martín López	 Morales Rivera	 de la Cruz Larios	 Hurtado de la Peña	 Mena Munguía & Rodríguez Flores	 2006"	raza	""	"79267ANGIO"	""	""	aceptado	Plantae	Tracheophyta	Equisetopsida	Poales	Poaceae	Panicoideae	Zea	""	Zea mays mays Onaveño	subespecie	mays	raza	Onaveño
abfc44e79a8cdf5fd52e6044a828b379	Zea mays mays Palomero de Chihuahua	"R. Ortega	 1979"	"Ron Parra	 Sánchez González	 Jiménez Cordero	 Carrera Valtierra	 Martín López	 Morales Rivera	 de la Cruz Larios	 Hurtado de la Peña	 Mena Munguía & Rodríguez Flores	 2006"	raza	""	"79268ANGIO"	""	""	aceptado	Plantae	Tracheophyta	Equisetopsida	Poales	Poaceae	Panicoideae	Zea	""	Zea mays mays Palomero de Chihuahua	subespecie	mays	raza	Palomero de Chihuahua
c36ba251d5af9be7e02af6dd5b12076e	Zea mays mays Palomero de Chihuahua	"R. Ortega	 1979"	"Ron Parra	 Sánchez González	 Jiménez Cordero	 Carrera Valtierra	 Martín López	 Morales Rivera	 de la Cruz Larios	 Hurtado de la Peña	 Mena Munguía & Rodríguez Flores	 2006"	raza	""	"79268ANGIO"	""	""	aceptado	Plantae	Tracheophyta	Equisetopsida	Poales	Poaceae	Panicoideae	Zea	""	Zea mays mays Palomero de Chihuahua	subespecie	mays	raza	Palomero de Chihuahua
"0dd5685baab34b5f1ac51331f212eb26"	Zea mays mays Palomero Toluqueño	"E.J. Wellhausen	 L.M. Roberts	 Hern.-Xol. & Mangelsd.	 1951"	"Ron Parra	 Sánchez González	 Jiménez Cordero	 Carrera Valtierra	 Martín López	 Morales Rivera	 de la Cruz Larios	 Hurtado de la Peña	 Mena Munguía & Rodríguez Flores	 2006"	raza	""	"79269ANGIO"	""	""	aceptado	Plantae	Tracheophyta	Equisetopsida	Poales	Poaceae	Panicoideae	Zea	""	Zea mays mays Palomero Toluqueño	subespecie	mays	raza	Palomero Toluqueño
"4be02bc52000a746b97f870765a3a046"	Zea mays mays Palomero Toluqueño	"E.J. Wellhausen	 L.M. Roberts	 Hern.-Xol. & Mangelsd.	 1951"	"Ron Parra	 Sánchez González	 Jiménez Cordero	 Carrera Valtierra	 Martín López	 Morales Rivera	 de la Cruz Larios	 Hurtado de la Peña	 Mena Munguía & Rodríguez Flores	 2006"	raza	""	"79269ANGIO"	""	""	aceptado	Plantae	Tracheophyta	Equisetopsida	Poales	Poaceae	Panicoideae	Zea	""	Zea mays mays Palomero Toluqueño	subespecie	mays	raza	Palomero Toluqueño
"4fdaed2f60e46524ff4a206ae1c3a708"	Zea mays mays Palomero Toluqueño	"E.J. Wellhausen	 L.M. Roberts	 Hern.-Xol. & Mangelsd.	 1951"	"Ron Parra	 Sánchez González	 Jiménez Cordero	 Carrera Valtierra	 Martín López	 Morales Rivera	 de la Cruz Larios	 Hurtado de la Peña	 Mena Munguía & Rodríguez Flores	 2006"	raza	""	"79269ANGIO"	""	""	aceptado	Plantae	Tracheophyta	Equisetopsida	Poales	Poaceae	Panicoideae	Zea	""	Zea mays mays Palomero Toluqueño	subespecie	mays	raza	Palomero Toluqueño
"1d1456e581fdcf7859f6383879745d13"	Zea mays mays Pepitilla	"E.J. Wellhausen	 L.M. Roberts	 Hern.-Xol. & Mangelsd.	 1951"	"Ron Parra	 Sánchez González	 Jiménez Cordero	 Carrera Valtierra	 Martín López	 Morales Rivera	 de la Cruz Larios	 Hurtado de la Peña	 Mena Munguía & Rodríguez Flores	 2006"	raza	""	"79270ANGIO"	""	""	aceptado	Plantae	Tracheophyta	Equisetopsida	Poales	Poaceae	Panicoideae	Zea	""	Zea mays mays Pepitilla	subespecie	mays	raza	Pepitilla
"422f07ac349ae59e169da20d8ffc833b"	Zea mays mays Pepitilla	"E.J. Wellhausen	 L.M. Roberts	 Hern.-Xol. & Mangelsd.	 1951"	"Ron Parra	 Sánchez González	 Jiménez Cordero	 Carrera Valtierra	 Martín López	 Morales Rivera	 de la Cruz Larios	 Hurtado de la Peña	 Mena Munguía & Rodríguez Flores	 2006"	raza	""	"79270ANGIO"	""	""	aceptado	Plantae	Tracheophyta	Equisetopsida	Poales	Poaceae	Panicoideae	Zea	""	Zea mays mays Pepitilla	subespecie	mays	raza	Pepitilla
"4e4337b139fa8067b8e2dfdbb029f1d4"	Zea mays mays Pepitilla	"E.J. Wellhausen	 L.M. Roberts	 Hern.-Xol. & Mangelsd.	 1951"	"Ron Parra	 Sánchez González	 Jiménez Cordero	 Carrera Valtierra	 Martín López	 Morales Rivera	 de la Cruz Larios	 Hurtado de la Peña	 Mena Munguía & Rodríguez Flores	 2006"	raza	""	"79270ANGIO"	""	""	aceptado	Plantae	Tracheophyta	Equisetopsida	Poales	Poaceae	Panicoideae	Zea	""	Zea mays mays Pepitilla	subespecie	mays	raza	Pepitilla
"6795558b0cd61d7b9c3f0aa7598d12eb"	Zea mays mays Pepitilla	"E.J. Wellhausen	 L.M. Roberts	 Hern.-Xol. & Mangelsd.	 1951"	"Ron Parra	 Sánchez González	 Jiménez Cordero	 Carrera Valtierra	 Martín López	 Morales Rivera	 de la Cruz Larios	 Hurtado de la Peña	 Mena Munguía & Rodríguez Flores	 2006"	raza	""	"79270ANGIO"	""	""	aceptado	Plantae	Tracheophyta	Equisetopsida	Poales	Poaceae	Panicoideae	Zea	""	Zea mays mays Pepitilla	subespecie	mays	raza	Pepitilla
d05930f397d8631c9e344e1f255fb801	Zea mays mays Pepitilla	"E.J. Wellhausen	 L.M. Roberts	 Hern.-Xol. & Mangelsd.	 1951"	"Ron Parra	 Sánchez González	 Jiménez Cordero	 Carrera Valtierra	 Martín López	 Morales Rivera	 de la Cruz Larios	 Hurtado de la Peña	 Mena Munguía & Rodríguez Flores	 2006"	raza	""	"79270ANGIO"	""	""	aceptado	Plantae	Tracheophyta	Equisetopsida	Poales	Poaceae	Panicoideae	Zea	""	Zea mays mays Pepitilla	subespecie	mays	raza	Pepitilla
"074c7b2faac3f3565da08b90923aaed2"	Zea mays mays Ratón	"R. Ortega	 1979"	"Ron Parra	 Sánchez González	 Jiménez Cordero	 Carrera Valtierra	 Martín López	 Morales Rivera	 de la Cruz Larios	 Hurtado de la Peña	 Mena Munguía & Rodríguez Flores	 2006"	raza	""	"79271ANGIO"	""	""	aceptado	Plantae	Tracheophyta	Equisetopsida	Poales	Poaceae	Panicoideae	Zea	""	Zea mays mays Ratón	subespecie	mays	raza	Ratón
"2039e7625904db6af16b48f45007f19e"	Zea mays mays Ratón	"R. Ortega	 1979"	"Ron Parra	 Sánchez González	 Jiménez Cordero	 Carrera Valtierra	 Martín López	 Morales Rivera	 de la Cruz Larios	 Hurtado de la Peña	 Mena Munguía & Rodríguez Flores	 2006"	raza	""	"79271ANGIO"	""	""	aceptado	Plantae	Tracheophyta	Equisetopsida	Poales	Poaceae	Panicoideae	Zea	""	Zea mays mays Ratón	subespecie	mays	raza	Ratón
"2d2ff15d79b66dfbd41d2b7ed77ed89c"	Zea mays mays Ratón	"R. Ortega	 1979"	"Ron Parra	 Sánchez González	 Jiménez Cordero	 Carrera Valtierra	 Martín López	 Morales Rivera	 de la Cruz Larios	 Hurtado de la Peña	 Mena Munguía & Rodríguez Flores	 2006"	raza	""	"79271ANGIO"	""	""	aceptado	Plantae	Tracheophyta	Equisetopsida	Poales	Poaceae	Panicoideae	Zea	""	Zea mays mays Ratón	subespecie	mays	raza	Ratón
"52d0678b2f2c6ac729ab412178dd383e"	Zea mays mays Ratón	"R. Ortega	 1979"	"Ron Parra	 Sánchez González	 Jiménez Cordero	 Carrera Valtierra	 Martín López	 Morales Rivera	 de la Cruz Larios	 Hurtado de la Peña	 Mena Munguía & Rodríguez Flores	 2006"	raza	""	"79271ANGIO"	""	""	aceptado	Plantae	Tracheophyta	Equisetopsida	Poales	Poaceae	Panicoideae	Zea	""	Zea mays mays Ratón	subespecie	mays	raza	Ratón
bb976ba17d78fbf2f93031e8f9a019d5	Zea mays mays Ratón	"R. Ortega	 1979"	"Ron Parra	 Sánchez González	 Jiménez Cordero	 Carrera Valtierra	 Martín López	 Morales Rivera	 de la Cruz Larios	 Hurtado de la Peña	 Mena Munguía & Rodríguez Flores	 2006"	raza	""	"79271ANGIO"	""	""	aceptado	Plantae	Tracheophyta	Equisetopsida	Poales	Poaceae	Panicoideae	Zea	""	Zea mays mays Ratón	subespecie	mays	raza	Ratón
ddb046a92cfba56b2723c60db436e492	Zea mays mays Ratón	"R. Ortega	 1979"	"Ron Parra	 Sánchez González	 Jiménez Cordero	 Carrera Valtierra	 Martín López	 Morales Rivera	 de la Cruz Larios	 Hurtado de la Peña	 Mena Munguía & Rodríguez Flores	 2006"	raza	""	"79271ANGIO"	""	""	aceptado	Plantae	Tracheophyta	Equisetopsida	Poales	Poaceae	Panicoideae	Zea	""	Zea mays mays Ratón	subespecie	mays	raza	Ratón
a4b2208553dbe1130210ca434dc25869	Zea mays mays Reventador	"E. Anderson	 1944"	"Ron Parra	 Sánchez González	 Jiménez Cordero	 Carrera Valtierra	 Martín López	 Morales Rivera	 de la Cruz Larios	 Hurtado de la Peña	 Mena Munguía & Rodríguez Flores	 2006"	raza	""	"79272ANGIO"	""	""	aceptado	Plantae	Tracheophyta	Equisetopsida	Poales	Poaceae	Panicoideae	Zea	""	Zea mays mays Reventador	subespecie	mays	raza	Reventador
ba01421280498ce389b5a0b45052192e	Zea mays mays Reventador	"E. Anderson	 1944"	"Ron Parra	 Sánchez González	 Jiménez Cordero	 Carrera Valtierra	 Martín López	 Morales Rivera	 de la Cruz Larios	 Hurtado de la Peña	 Mena Munguía & Rodríguez Flores	 2006"	raza	""	"79272ANGIO"	""	""	aceptado	Plantae	Tracheophyta	Equisetopsida	Poales	Poaceae	Panicoideae	Zea	""	Zea mays mays Reventador	subespecie	mays	raza	Reventador
c141427144555c370193a3945ec5d8c1	Zea mays mays Reventador	"E. Anderson	 1944"	"Ron Parra	 Sánchez González	 Jiménez Cordero	 Carrera Valtierra	 Martín López	 Morales Rivera	 de la Cruz Larios	 Hurtado de la Peña	 Mena Munguía & Rodríguez Flores	 2006"	raza	""	"79272ANGIO"	""	""	aceptado	Plantae	Tracheophyta	Equisetopsida	Poales	Poaceae	Panicoideae	Zea	""	Zea mays mays Reventador	subespecie	mays	raza	Reventador
"02d896541d5f8456da9e90721566fd5c"	Zea mays mays Tablilla de Ocho	"Hern.-Xol. & G. Alanis	 1970"	"Ron Parra	 Sánchez González	 Jiménez Cordero	 Carrera Valtierra	 Martín López	 Morales Rivera	 de la Cruz Larios	 Hurtado de la Peña	 Mena Munguía & Rodríguez Flores	 2006"	raza	""	"79273ANGIO"	""	""	aceptado	Plantae	Tracheophyta	Equisetopsida	Poales	Poaceae	Panicoideae	Zea	""	Zea mays mays Tablilla de Ocho	subespecie	mays	raza	Tablilla de Ocho
"061307a8134288aef098fa8a58811b2a"	Zea mays mays Tablilla de Ocho	"Hern.-Xol. & G. Alanis	 1970"	"Ron Parra	 Sánchez González	 Jiménez Cordero	 Carrera Valtierra	 Martín López	 Morales Rivera	 de la Cruz Larios	 Hurtado de la Peña	 Mena Munguía & Rodríguez Flores	 2006"	raza	""	"79273ANGIO"	""	""	aceptado	Plantae	Tracheophyta	Equisetopsida	Poales	Poaceae	Panicoideae	Zea	""	Zea mays mays Tablilla de Ocho	subespecie	mays	raza	Tablilla de Ocho
"15688dce41ad2a59708b48b4cbd7e409"	Zea mays mays Tablilla de Ocho	"Hern.-Xol. & G. Alanis	 1970"	"Ron Parra	 Sánchez González	 Jiménez Cordero	 Carrera Valtierra	 Martín López	 Morales Rivera	 de la Cruz Larios	 Hurtado de la Peña	 Mena Munguía & Rodríguez Flores	 2006"	raza	""	"79273ANGIO"	""	""	aceptado	Plantae	Tracheophyta	Equisetopsida	Poales	Poaceae	Panicoideae	Zea	""	Zea mays mays Tablilla de Ocho	subespecie	mays	raza	Tablilla de Ocho
"167a524b21647e8e669fcb3ee2cc07d6"	Zea mays mays Tablilla de Ocho	"Hern.-Xol. & G. Alanis	 1970"	"Ron Parra	 Sánchez González	 Jiménez Cordero	 Carrera Valtierra	 Martín López	 Morales Rivera	 de la Cruz Larios	 Hurtado de la Peña	 Mena Munguía & Rodríguez Flores	 2006"	raza	""	"79273ANGIO"	""	""	aceptado	Plantae	Tracheophyta	Equisetopsida	Poales	Poaceae	Panicoideae	Zea	""	Zea mays mays Tablilla de Ocho	subespecie	mays	raza	Tablilla de Ocho
"37608cf3b35254eec3b7bd8b162d7c5e"	Zea mays mays Tablilla de Ocho	"Hern.-Xol. & G. Alanis	 1970"	"Ron Parra	 Sánchez González	 Jiménez Cordero	 Carrera Valtierra	 Martín López	 Morales Rivera	 de la Cruz Larios	 Hurtado de la Peña	 Mena Munguía & Rodríguez Flores	 2006"	raza	""	"79273ANGIO"	""	""	aceptado	Plantae	Tracheophyta	Equisetopsida	Poales	Poaceae	Panicoideae	Zea	""	Zea mays mays Tablilla de Ocho	subespecie	mays	raza	Tablilla de Ocho
"1bfaf5140cf74c9a103141f8d7bec22c"	Zea mays mays Tabloncillo	"E.J. Wellhausen	 L.M. Roberts	 Hern.-Xol. & Mangelsd.	 1951"	"Ron Parra	 Sánchez González	 Jiménez Cordero	 Carrera Valtierra	 Martín López	 Morales Rivera	 de la Cruz Larios	 Hurtado de la Peña	 Mena Munguía & Rodríguez Flores	 2006"	raza	""	"79274ANGIO"	""	""	aceptado	Plantae	Tracheophyta	Equisetopsida	Poales	Poaceae	Panicoideae	Zea	""	Zea mays mays Tabloncillo	subespecie	mays	raza	Tabloncillo
"3aa4b612fdf69aaf696962535c5ab82c"	Zea mays mays Tabloncillo	"E.J. Wellhausen	 L.M. Roberts	 Hern.-Xol. & Mangelsd.	 1951"	"Ron Parra	 Sánchez González	 Jiménez Cordero	 Carrera Valtierra	 Martín López	 Morales Rivera	 de la Cruz Larios	 Hurtado de la Peña	 Mena Munguía & Rodríguez Flores	 2006"	raza	""	"79274ANGIO"	""	""	aceptado	Plantae	Tracheophyta	Equisetopsida	Poales	Poaceae	Panicoideae	Zea	""	Zea mays mays Tabloncillo	subespecie	mays	raza	Tabloncillo
"529f1ee2a52101eb90d2843a8cea5f82"	Zea mays mays Tabloncillo	"E.J. Wellhausen	 L.M. Roberts	 Hern.-Xol. & Mangelsd.	 1951"	"Ron Parra	 Sánchez González	 Jiménez Cordero	 Carrera Valtierra	 Martín López	 Morales Rivera	 de la Cruz Larios	 Hurtado de la Peña	 Mena Munguía & Rodríguez Flores	 2006"	raza	""	"79274ANGIO"	""	""	aceptado	Plantae	Tracheophyta	Equisetopsida	Poales	Poaceae	Panicoideae	Zea	""	Zea mays mays Tabloncillo	subespecie	mays	raza	Tabloncillo
"9d705314ae9b4f1b8cab9f4bfaa0a9fe"	Zea mays mays Tabloncillo	"E.J. Wellhausen	 L.M. Roberts	 Hern.-Xol. & Mangelsd.	 1951"	"Ron Parra	 Sánchez González	 Jiménez Cordero	 Carrera Valtierra	 Martín López	 Morales Rivera	 de la Cruz Larios	 Hurtado de la Peña	 Mena Munguía & Rodríguez Flores	 2006"	raza	""	"79274ANGIO"	""	""	aceptado	Plantae	Tracheophyta	Equisetopsida	Poales	Poaceae	Panicoideae	Zea	""	Zea mays mays Tabloncillo	subespecie	mays	raza	Tabloncillo
a8c8fa628d7f4e3f369b1fdcf0ec6c09	Zea mays mays Tabloncillo	"E.J. Wellhausen	 L.M. Roberts	 Hern.-Xol. & Mangelsd.	 1951"	"Ron Parra	 Sánchez González	 Jiménez Cordero	 Carrera Valtierra	 Martín López	 Morales Rivera	 de la Cruz Larios	 Hurtado de la Peña	 Mena Munguía & Rodríguez Flores	 2006"	raza	""	"79274ANGIO"	""	""	aceptado	Plantae	Tracheophyta	Equisetopsida	Poales	Poaceae	Panicoideae	Zea	""	Zea mays mays Tabloncillo	subespecie	mays	raza	Tabloncillo
d84ef1208fd70bcba5d96205b105efd2	Zea mays mays Tabloncillo	"E.J. Wellhausen	 L.M. Roberts	 Hern.-Xol. & Mangelsd.	 1951"	"Ron Parra	 Sánchez González	 Jiménez Cordero	 Carrera Valtierra	 Martín López	 Morales Rivera	 de la Cruz Larios	 Hurtado de la Peña	 Mena Munguía & Rodríguez Flores	 2006"	raza	""	"79274ANGIO"	""	""	aceptado	Plantae	Tracheophyta	Equisetopsida	Poales	Poaceae	Panicoideae	Zea	""	Zea mays mays Tabloncillo	subespecie	mays	raza	Tabloncillo
eee0a58afe215ae01dd1fce764223c3d	Zea mays mays Tabloncillo	"E.J. Wellhausen	 L.M. Roberts	 Hern.-Xol. & Mangelsd.	 1951"	"Ron Parra	 Sánchez González	 Jiménez Cordero	 Carrera Valtierra	 Martín López	 Morales Rivera	 de la Cruz Larios	 Hurtado de la Peña	 Mena Munguía & Rodríguez Flores	 2006"	raza	""	"79274ANGIO"	""	""	aceptado	Plantae	Tracheophyta	Equisetopsida	Poales	Poaceae	Panicoideae	Zea	""	Zea mays mays Tabloncillo	subespecie	mays	raza	Tabloncillo
fad88281166257ae7c9108b1c01af795	Zea mays mays Tabloncillo	"E.J. Wellhausen	 L.M. Roberts	 Hern.-Xol. & Mangelsd.	 1951"	"Ron Parra	 Sánchez González	 Jiménez Cordero	 Carrera Valtierra	 Martín López	 Morales Rivera	 de la Cruz Larios	 Hurtado de la Peña	 Mena Munguía & Rodríguez Flores	 2006"	raza	""	"79274ANGIO"	""	""	aceptado	Plantae	Tracheophyta	Equisetopsida	Poales	Poaceae	Panicoideae	Zea	""	Zea mays mays Tabloncillo	subespecie	mays	raza	Tabloncillo
f7448ac5c3e2158a8f0b7f8d89b72251	Zea mays mays Dulcillo del Noroeste	"E.J. Wellhausen	 L.M. Roberts	 Hern.-Xol. & Mangelsd.	 1951"	"Ron Parra	 Sánchez González	 Jiménez Cordero	 Carrera Valtierra	 Martín López	 Morales Rivera	 de la Cruz Larios	 Hurtado de la Peña	 Mena Munguía & Rodríguez Flores	 2006"	raza	""	"79275ANGIO"	""	""	aceptado	Plantae	Tracheophyta	Equisetopsida	Poales	Poaceae	Panicoideae	Zea	""	Zea mays mays Dulcillo del Noroeste	subespecie	mays	raza	Dulcillo del Noroeste
"3fbb482edba475e4621f3dde5d2461ce"	Zea mays mays Dzit Bacal	"E.J. Wellhausen	 L.M. Roberts	 Hern.-Xol. & Mangelsd.	 1951"	"Ron Parra	 Sánchez González	 Jiménez Cordero	 Carrera Valtierra	 Martín López	 Morales Rivera	 de la Cruz Larios	 Hurtado de la Peña	 Mena Munguía & Rodríguez Flores	 2006"	raza	""	"79276ANGIO"	""	""	aceptado	Plantae	Tracheophyta	Equisetopsida	Poales	Poaceae	Panicoideae	Zea	""	Zea mays mays Dzit Bacal	subespecie	mays	raza	Dzit Bacal
"5c697f27037b7292a969420430e7ef7d"	Zea mays mays Dzit Bacal	"E.J. Wellhausen	 L.M. Roberts	 Hern.-Xol. & Mangelsd.	 1951"	"Ron Parra	 Sánchez González	 Jiménez Cordero	 Carrera Valtierra	 Martín López	 Morales Rivera	 de la Cruz Larios	 Hurtado de la Peña	 Mena Munguía & Rodríguez Flores	 2006"	raza	""	"79276ANGIO"	""	""	aceptado	Plantae	Tracheophyta	Equisetopsida	Poales	Poaceae	Panicoideae	Zea	""	Zea mays mays Dzit Bacal	subespecie	mays	raza	Dzit Bacal
f73e18b22509d7702b138f238e5904f8	Zea mays mays Dzit Bacal	"E.J. Wellhausen	 L.M. Roberts	 Hern.-Xol. & Mangelsd.	 1951"	"Ron Parra	 Sánchez González	 Jiménez Cordero	 Carrera Valtierra	 Martín López	 Morales Rivera	 de la Cruz Larios	 Hurtado de la Peña	 Mena Munguía & Rodríguez Flores	 2006"	raza	""	"79276ANGIO"	""	""	aceptado	Plantae	Tracheophyta	Equisetopsida	Poales	Poaceae	Panicoideae	Zea	""	Zea mays mays Dzit Bacal	subespecie	mays	raza	Dzit Bacal
"082ea2f9f9277d03e9a429ae6dade625"	Zea mays mays Elotero de Sinaloa	"R. Ortega	 1979"	"Ron Parra	 Sánchez González	 Jiménez Cordero	 Carrera Valtierra	 Martín López	 Morales Rivera	 de la Cruz Larios	 Hurtado de la Peña	 Mena Munguía & Rodríguez Flores	 2006"	raza	""	"79277ANGIO"	""	""	aceptado	Plantae	Tracheophyta	Equisetopsida	Poales	Poaceae	Panicoideae	Zea	""	Zea mays mays Elotero de Sinaloa	subespecie	mays	raza	Elotero de Sinaloa
"1fb404c168bfb3a3a854f6b039e3cfe4"	Zea mays mays Elotero de Sinaloa	"R. Ortega	 1979"	"Ron Parra	 Sánchez González	 Jiménez Cordero	 Carrera Valtierra	 Martín López	 Morales Rivera	 de la Cruz Larios	 Hurtado de la Peña	 Mena Munguía & Rodríguez Flores	 2006"	raza	""	"79277ANGIO"	""	""	aceptado	Plantae	Tracheophyta	Equisetopsida	Poales	Poaceae	Panicoideae	Zea	""	Zea mays mays Elotero de Sinaloa	subespecie	mays	raza	Elotero de Sinaloa
"5cbd884b57108acdf664f06fa0a020f2"	Zea mays mays Elotero de Sinaloa	"R. Ortega	 1979"	"Ron Parra	 Sánchez González	 Jiménez Cordero	 Carrera Valtierra	 Martín López	 Morales Rivera	 de la Cruz Larios	 Hurtado de la Peña	 Mena Munguía & Rodríguez Flores	 2006"	raza	""	"79277ANGIO"	""	""	aceptado	Plantae	Tracheophyta	Equisetopsida	Poales	Poaceae	Panicoideae	Zea	""	Zea mays mays Elotero de Sinaloa	subespecie	mays	raza	Elotero de Sinaloa
"2e7c255e0be1d29cc62dde99149d11b7"	Zea mays mays Tabloncillo Perla	"E.J. Wellhausen	 L.M. Roberts	 Hern.-Xol. & Mangelsd.	 1951"	"Ron Parra	 Sánchez González	 Jiménez Cordero	 Carrera Valtierra	 Martín López	 Morales Rivera	 de la Cruz Larios	 Hurtado de la Peña	 Mena Munguía & Rodríguez Flores	 2006"	raza	""	"79278ANGIO"	""	""	aceptado	Plantae	Tracheophyta	Equisetopsida	Poales	Poaceae	Panicoideae	Zea	""	Zea mays mays Tabloncillo Perla	subespecie	mays	raza	Tabloncillo Perla
d944061a6ec4ea1be71bcd5ae6d69149	Zea mays mays Tabloncillo Perla	"E.J. Wellhausen	 L.M. Roberts	 Hern.-Xol. & Mangelsd.	 1951"	"Ron Parra	 Sánchez González	 Jiménez Cordero	 Carrera Valtierra	 Martín López	 Morales Rivera	 de la Cruz Larios	 Hurtado de la Peña	 Mena Munguía & Rodríguez Flores	 2006"	raza	""	"79278ANGIO"	""	""	aceptado	Plantae	Tracheophyta	Equisetopsida	Poales	Poaceae	Panicoideae	Zea	""	Zea mays mays Tabloncillo Perla	subespecie	mays	raza	Tabloncillo Perla
c695e3d1ccac74b8c1eda7700c64da3d	Zea mays mays Tehua	"E.J. Wellhausen	 L.M. Roberts	 Hern.-Xol. & Mangelsd.	 1951"	"Ron Parra	 Sánchez González	 Jiménez Cordero	 Carrera Valtierra	 Martín López	 Morales Rivera	 de la Cruz Larios	 Hurtado de la Peña	 Mena Munguía & Rodríguez Flores	 2006"	raza	""	"79279ANGIO"	""	""	aceptado	Plantae	Tracheophyta	Equisetopsida	Poales	Poaceae	Panicoideae	Zea	""	Zea mays mays Tehua	subespecie	mays	raza	Tehua
c92c9edb02e4995795e1fc6e368c07da	Zea mays mays Tehua	"E.J. Wellhausen	 L.M. Roberts	 Hern.-Xol. & Mangelsd.	 1951"	"Ron Parra	 Sánchez González	 Jiménez Cordero	 Carrera Valtierra	 Martín López	 Morales Rivera	 de la Cruz Larios	 Hurtado de la Peña	 Mena Munguía & Rodríguez Flores	 2006"	raza	""	"79279ANGIO"	""	""	aceptado	Plantae	Tracheophyta	Equisetopsida	Poales	Poaceae	Panicoideae	Zea	""	Zea mays mays Tehua	subespecie	mays	raza	Tehua
"6df4fccda8008004f151b346f6d7ed3c"	Zea mays mays Tepecintle	"E.J. Wellhausen	 L.M. Roberts	 Hern.-Xol. & Mangelsd.	 1951"	"Ron Parra	 Sánchez González	 Jiménez Cordero	 Carrera Valtierra	 Martín López	 Morales Rivera	 de la Cruz Larios	 Hurtado de la Peña	 Mena Munguía & Rodríguez Flores	 2006"	raza	""	"79280ANGIO"	""	""	aceptado	Plantae	Tracheophyta	Equisetopsida	Poales	Poaceae	Panicoideae	Zea	""	Zea mays mays Tepecintle	subespecie	mays	raza	Tepecintle
"87cbad861028c339bcf4011bfacf3760"	Zea mays mays Tepecintle	"E.J. Wellhausen	 L.M. Roberts	 Hern.-Xol. & Mangelsd.	 1951"	"Ron Parra	 Sánchez González	 Jiménez Cordero	 Carrera Valtierra	 Martín López	 Morales Rivera	 de la Cruz Larios	 Hurtado de la Peña	 Mena Munguía & Rodríguez Flores	 2006"	raza	""	"79280ANGIO"	""	""	aceptado	Plantae	Tracheophyta	Equisetopsida	Poales	Poaceae	Panicoideae	Zea	""	Zea mays mays Tepecintle	subespecie	mays	raza	Tepecintle
b1b3ddcee97124050e87129424f05e9d	Zea mays mays Tepecintle	"E.J. Wellhausen	 L.M. Roberts	 Hern.-Xol. & Mangelsd.	 1951"	"Ron Parra	 Sánchez González	 Jiménez Cordero	 Carrera Valtierra	 Martín López	 Morales Rivera	 de la Cruz Larios	 Hurtado de la Peña	 Mena Munguía & Rodríguez Flores	 2006"	raza	""	"79280ANGIO"	""	""	aceptado	Plantae	Tracheophyta	Equisetopsida	Poales	Poaceae	Panicoideae	Zea	""	Zea mays mays Tepecintle	subespecie	mays	raza	Tepecintle
"1a284bf58a410fc06cc93cd6cd6d7846"	Zea mays mays Tuxpeño Norteño	"R. Ortega	 1979"	"Ron Parra	 Sánchez González	 Jiménez Cordero	 Carrera Valtierra	 Martín López	 Morales Rivera	 de la Cruz Larios	 Hurtado de la Peña	 Mena Munguía & Rodríguez Flores	 2006"	raza	""	"79281ANGIO"	""	""	aceptado	Plantae	Tracheophyta	Equisetopsida	Poales	Poaceae	Panicoideae	Zea	""	Zea mays mays Tuxpeño Norteño	subespecie	mays	raza	Tuxpeño Norteño
"65a00cb331e28b104c1bb809e8527211"	Zea mays mays Tuxpeño Norteño	"R. Ortega	 1979"	"Ron Parra	 Sánchez González	 Jiménez Cordero	 Carrera Valtierra	 Martín López	 Morales Rivera	 de la Cruz Larios	 Hurtado de la Peña	 Mena Munguía & Rodríguez Flores	 2006"	raza	""	"79281ANGIO"	""	""	aceptado	Plantae	Tracheophyta	Equisetopsida	Poales	Poaceae	Panicoideae	Zea	""	Zea mays mays Tuxpeño Norteño	subespecie	mays	raza	Tuxpeño Norteño
a0fe9c80e55fa0478ac5d2e69a3d33e1	Zea mays mays Tuxpeño Norteño	"R. Ortega	 1979"	"Ron Parra	 Sánchez González	 Jiménez Cordero	 Carrera Valtierra	 Martín López	 Morales Rivera	 de la Cruz Larios	 Hurtado de la Peña	 Mena Munguía & Rodríguez Flores	 2006"	raza	""	"79281ANGIO"	""	""	aceptado	Plantae	Tracheophyta	Equisetopsida	Poales	Poaceae	Panicoideae	Zea	""	Zea mays mays Tuxpeño Norteño	subespecie	mays	raza	Tuxpeño Norteño
fa0352827a407efa567e381fc6e9304a	Zea mays mays Tuxpeño Norteño	"R. Ortega	 1979"	"Ron Parra	 Sánchez González	 Jiménez Cordero	 Carrera Valtierra	 Martín López	 Morales Rivera	 de la Cruz Larios	 Hurtado de la Peña	 Mena Munguía & Rodríguez Flores	 2006"	raza	""	"79281ANGIO"	""	""	aceptado	Plantae	Tracheophyta	Equisetopsida	Poales	Poaceae	Panicoideae	Zea	""	Zea mays mays Tuxpeño Norteño	subespecie	mays	raza	Tuxpeño Norteño
fd52f1fe8c09f4b2dcfae3294ad2e383	Zea mays mays Tuxpeño Norteño	"R. Ortega	 1979"	"Ron Parra	 Sánchez González	 Jiménez Cordero	 Carrera Valtierra	 Martín López	 Morales Rivera	 de la Cruz Larios	 Hurtado de la Peña	 Mena Munguía & Rodríguez Flores	 2006"	raza	""	"79281ANGIO"	""	""	aceptado	Plantae	Tracheophyta	Equisetopsida	Poales	Poaceae	Panicoideae	Zea	""	Zea mays mays Tuxpeño Norteño	subespecie	mays	raza	Tuxpeño Norteño
"2492c578a6cd9d3755c2faa7ce6127c0"	Zea mays mays Vandeño	"E.J. Wellhausen	 L.M. Roberts	 Hern.-Xol. & Mangelsd.	 1951"	"Ron Parra	 Sánchez González	 Jiménez Cordero	 Carrera Valtierra	 Martín López	 Morales Rivera	 de la Cruz Larios	 Hurtado de la Peña	 Mena Munguía & Rodríguez Flores	 2006"	raza	""	"79282ANGIO"	""	""	aceptado	Plantae	Tracheophyta	Equisetopsida	Poales	Poaceae	Panicoideae	Zea	""	Zea mays mays Vandeño	subespecie	mays	raza	Vandeño
ad96d0deba101351acb6f658d38fc2be	Zea mays mays Vandeño	"E.J. Wellhausen	 L.M. Roberts	 Hern.-Xol. & Mangelsd.	 1951"	"Ron Parra	 Sánchez González	 Jiménez Cordero	 Carrera Valtierra	 Martín López	 Morales Rivera	 de la Cruz Larios	 Hurtado de la Peña	 Mena Munguía & Rodríguez Flores	 2006"	raza	""	"79282ANGIO"	""	""	aceptado	Plantae	Tracheophyta	Equisetopsida	Poales	Poaceae	Panicoideae	Zea	""	Zea mays mays Vandeño	subespecie	mays	raza	Vandeño
e2b4b3e39409e76d56e2e110f6cd111b	Zea mays mays Vandeño	"E.J. Wellhausen	 L.M. Roberts	 Hern.-Xol. & Mangelsd.	 1951"	"Ron Parra	 Sánchez González	 Jiménez Cordero	 Carrera Valtierra	 Martín López	 Morales Rivera	 de la Cruz Larios	 Hurtado de la Peña	 Mena Munguía & Rodríguez Flores	 2006"	raza	""	"79282ANGIO"	""	""	aceptado	Plantae	Tracheophyta	Equisetopsida	Poales	Poaceae	Panicoideae	Zea	""	Zea mays mays Vandeño	subespecie	mays	raza	Vandeño
e759b2b11bd2eb71c07cc9dbf4ba060a	Zea mays mays Vandeño	"E.J. Wellhausen	 L.M. Roberts	 Hern.-Xol. & Mangelsd.	 1951"	"Ron Parra	 Sánchez González	 Jiménez Cordero	 Carrera Valtierra	 Martín López	 Morales Rivera	 de la Cruz Larios	 Hurtado de la Peña	 Mena Munguía & Rodríguez Flores	 2006"	raza	""	"79282ANGIO"	""	""	aceptado	Plantae	Tracheophyta	Equisetopsida	Poales	Poaceae	Panicoideae	Zea	""	Zea mays mays Vandeño	subespecie	mays	raza	Vandeño
ccdc6ac512313389f197a98e9f132784	Zea mays mays Zamorano Amarillo	"E.J. Wellhausen	 L.M. Roberts	 Hern.-Xol. & Mangelsd.	 1951"	"Ron Parra	 Sánchez González	 Jiménez Cordero	 Carrera Valtierra	 Martín López	 Morales Rivera	 de la Cruz Larios	 Hurtado de la Peña	 Mena Munguía & Rodríguez Flores	 2006"	raza	""	"79283ANGIO"	""	""	aceptado	Plantae	Tracheophyta	Equisetopsida	Poales	Poaceae	Panicoideae	Zea	""	Zea mays mays Zamorano Amarillo	subespecie	mays	raza	Zamorano Amarillo
"2c3703d35b3135d3578e37b6cd4de1e1"	Zea mays mays Zapalote Chico	"E.J. Wellhausen	 L.M. Roberts	 Hern.-Xol. & Mangelsd.	 1951"	"Ron Parra	 Sánchez González	 Jiménez Cordero	 Carrera Valtierra	 Martín López	 Morales Rivera	 de la Cruz Larios	 Hurtado de la Peña	 Mena Munguía & Rodríguez Flores	 2006"	raza	""	"79284ANGIO"	""	""	aceptado	Plantae	Tracheophyta	Equisetopsida	Poales	Poaceae	Panicoideae	Zea	""	Zea mays mays Zapalote Chico	subespecie	mays	raza	Zapalote Chico
"7eb4cea0c84ffc9d1cddbe4e9afd46d6"	Zea mays mays Zapalote Chico	"E.J. Wellhausen	 L.M. Roberts	 Hern.-Xol. & Mangelsd.	 1951"	"Ron Parra	 Sánchez González	 Jiménez Cordero	 Carrera Valtierra	 Martín López	 Morales Rivera	 de la Cruz Larios	 Hurtado de la Peña	 Mena Munguía & Rodríguez Flores	 2006"	raza	""	"79284ANGIO"	""	""	aceptado	Plantae	Tracheophyta	Equisetopsida	Poales	Poaceae	Panicoideae	Zea	""	Zea mays mays Zapalote Chico	subespecie	mays	raza	Zapalote Chico
"07c27d2cf1c92a380f6d872e4289304c"	Zea mays mays Zapalote Grande	"E.J. Wellhausen	 L.M. Roberts	 Hern.-Xol. & Mangelsd.	 1951"	"Ron Parra	 Sánchez González	 Jiménez Cordero	 Carrera Valtierra	 Martín López	 Morales Rivera	 de la Cruz Larios	 Hurtado de la Peña	 Mena Munguía & Rodríguez Flores	 2006"	raza	""	"79285ANGIO"	""	""	aceptado	Plantae	Tracheophyta	Equisetopsida	Poales	Poaceae	Panicoideae	Zea	""	Zea mays mays Zapalote Grande	subespecie	mays	raza	Zapalote Grande
"7eaa4d3e30b89976472f760150c6192b"	Zea mays mays Zapalote Grande	"E.J. Wellhausen	 L.M. Roberts	 Hern.-Xol. & Mangelsd.	 1951"	"Ron Parra	 Sánchez González	 Jiménez Cordero	 Carrera Valtierra	 Martín López	 Morales Rivera	 de la Cruz Larios	 Hurtado de la Peña	 Mena Munguía & Rodríguez Flores	 2006"	raza	""	"79285ANGIO"	""	""	aceptado	Plantae	Tracheophyta	Equisetopsida	Poales	Poaceae	Panicoideae	Zea	""	Zea mays mays Zapalote Grande	subespecie	mays	raza	Zapalote Grande
fe64470025443f885c7e262e5e655b56	Zea mays mays Zapalote Grande	"E.J. Wellhausen	 L.M. Roberts	 Hern.-Xol. & Mangelsd.	 1951"	"Ron Parra	 Sánchez González	 Jiménez Cordero	 Carrera Valtierra	 Martín López	 Morales Rivera	 de la Cruz Larios	 Hurtado de la Peña	 Mena Munguía & Rodríguez Flores	 2006"	raza	""	"79285ANGIO"	""	""	aceptado	Plantae	Tracheophyta	Equisetopsida	Poales	Poaceae	Panicoideae	Zea	""	Zea mays mays Zapalote Grande	subespecie	mays	raza	Zapalote Grande
"1816765536f0bc786eb1c4e76e06176d"	Zea mays mays Serrano Mixe	"B.F. Benz	 1986"	"Ron Parra	 Sánchez González	 Jiménez Cordero	 Carrera Valtierra	 Martín López	 Morales Rivera	 de la Cruz Larios	 Hurtado de la Peña	 Mena Munguía & Rodríguez Flores	 2006"	raza	""	"79286ANGIO"	""	""	aceptado	Plantae	Tracheophyta	Equisetopsida	Poales	Poaceae	Panicoideae	Zea	""	Zea mays mays Serrano Mixe	subespecie	mays	raza	Serrano Mixe
c8082732e7c83d91f60ce29287056971	Zea mays mexicana Mesa Central	"H.G. Wilkes	 1967"	"Sánchez	 de la Cruz	 Vidal	 Ron	 Taba	 Santacruz-Ruvalcaba	 Sood	 Holland	 Ruíz	 Carvajal	 Aragón	 Chávez	 Morales & Barba-González	 2011"	raza	""	"79287ANGIO"	""	""	aceptado	Plantae	Tracheophyta	Equisetopsida	Poales	Poaceae	Panicoideae	Zea	""	Zea mays mexicana Mesa Central	subespecie	mexicana	raza	Mesa Central
"0c5faf96b6fd3f4e850d89323006a662"	Zea mays mexicana Nobogame	"H.G. Wilkes	 1967"	"Sánchez	 de la Cruz	 Vidal	 Ron	 Taba	 Santacruz-Ruvalcaba	 Sood	 Holland	 Ruíz	 Carvajal	 Aragón	 Chávez	 Morales & Barba-González	 2011"	raza	""	"79288ANGIO"	""	""	aceptado	Plantae	Tracheophyta	Equisetopsida	Poales	Poaceae	Panicoideae	Zea	""	Zea mays mexicana Nobogame	subespecie	mexicana	raza	Nobogame
a92579d6a204d4d521f5274d107db7f3	Zea mays mexicana Nobogame	"H.G. Wilkes	 1967"	"Sánchez	 de la Cruz	 Vidal	 Ron	 Taba	 Santacruz-Ruvalcaba	 Sood	 Holland	 Ruíz	 Carvajal	 Aragón	 Chávez	 Morales & Barba-González	 2011"	raza	""	"79288ANGIO"	""	""	aceptado	Plantae	Tracheophyta	Equisetopsida	Poales	Poaceae	Panicoideae	Zea	""	Zea mays mexicana Nobogame	subespecie	mexicana	raza	Nobogame
"46b9e624e56e5e1df450724b867484a5"	Zea mays mexicana Chalco	"H.G. Wilkes	 1967"	"Sánchez	 de la Cruz	 Vidal	 Ron	 Taba	 Santacruz-Ruvalcaba	 Sood	 Holland	 Ruíz	 Carvajal	 Aragón	 Chávez	 Morales & Barba-González	 2011"	raza	""	"79290ANGIO"	""	""	aceptado	Plantae	Tracheophyta	Equisetopsida	Poales	Poaceae	Panicoideae	Zea	""	Zea mays mexicana Chalco	subespecie	mexicana	raza	Chalco
"61021bf9dcff7f73f0735878a038b0f5"	Zea mays parviglumis Balsas	"H.G. Wilkes	 1967"	"Sánchez	 de la Cruz	 Vidal	 Ron	 Taba	 Santacruz-Ruvalcaba	 Sood	 Holland	 Ruíz	 Carvajal	 Aragón	 Chávez	 Morales & Barba-González	 2011"	raza	""	"79291ANGIO"	""	""	aceptado	Plantae	Tracheophyta	Equisetopsida	Poales	Poaceae	Panicoideae	Zea	""	Zea mays parviglumis Balsas	subespecie	parviglumis	raza	Balsas
d9a26013df3c8b419057091a3e159a39	Zea mays mays Blando de Sonora	"E.J. Wellhausen	 L.M. Roberts	 Hern.-Xol. & Mangelsd.	 1951"	"Ron Parra	 Sánchez González	 Jiménez Cordero	 Carrera Valtierra	 Martín López	 Morales Rivera	 de la Cruz Larios	 Hurtado de la Peña	 Mena Munguía & Rodríguez Flores	 2006"	raza	""	"232603ANGIO"	""	""	aceptado	Plantae	Tracheophyta	Equisetopsida	Poales	Poaceae	Panicoideae	Zea	""	Zea mays mays Blando de Sonora	subespecie	mays	raza	Blando de Sonora
"1888bcb6eb31ce01f830f6e0838412ef"	Zea mays mays	"L.	 1753"	"Dávila	 Mejía-Saulés	 Soriano-Martínez & Herrera-Arrieta	 2018"	subespecie	""	"64622ANGIO"	""	""	aceptado	Plantae	Tracheophyta	Equisetopsida	Poales	Poaceae	Panicoideae	Zea	""	Zea mays mays	subespecie	mays	""	""
"5afa1773238ab70fecb9118977df2458"	Zea mays mays	"L.	 1753"	"Dávila	 Mejía-Saulés	 Soriano-Martínez & Herrera-Arrieta	 2018"	subespecie	""	"64622ANGIO"	""	""	aceptado	Plantae	Tracheophyta	Equisetopsida	Poales	Poaceae	Panicoideae	Zea	""	Zea mays mays	subespecie	mays	""	""
"63adc25f693259b62eb493d41e6e5b5e"	Zea mays mays	"L.	 1753"	"Dávila	 Mejía-Saulés	 Soriano-Martínez & Herrera-Arrieta	 2018"	subespecie	""	"64622ANGIO"	""	""	aceptado	Plantae	Tracheophyta	Equisetopsida	Poales	Poaceae	Panicoideae	Zea	""	Zea mays mays	subespecie	mays	""	""
"71a3c27cdd182ea9d1322207e6e9ad5a"	Zea mays mays	"L.	 1753"	"Dávila	 Mejía-Saulés	 Soriano-Martínez & Herrera-Arrieta	 2018"	subespecie	""	"64622ANGIO"	""	""	aceptado	Plantae	Tracheophyta	Equisetopsida	Poales	Poaceae	Panicoideae	Zea	""	Zea mays mays	subespecie	mays	""	""
"7ce66c473cb9fded40fc4551103036ab"	Zea mays parviglumis	"Iltis & Doebley	 1980"	"Dávila	 Mejía-Saulés	 Soriano-Martínez & Herrera-Arrieta	 2018"	subespecie	""	"64652ANGIO"	""	""	aceptado	Plantae	Tracheophyta	Equisetopsida	Poales	Poaceae	Panicoideae	Zea	""	Zea mays parviglumis	subespecie	parviglumis	""	""
"48eb663751a54f0e6549bed651bed565"	Tripsacum dactyloides hispidum	"(Hitchc.) de Wet & J.R. Harlan	 1982"	"Dávila	 Mejía-Saulés	 Soriano-Martínez & Herrera-Arrieta	 2018"	variedad	""	"69350ANGIO"	""	""	aceptado	Plantae	Tracheophyta	Equisetopsida	Poales	Poaceae	Panicoideae	Tripsacum	""	Tripsacum dactyloides hispidum	variedad	hispidum	""	""
"57917e37ffd9ff4efa61d256127a2239"	Tripsacum dactyloides mexicanum	"de Wet & J.R. Harlan	 1982"	"Dávila	 Mejía-Saulés	 Soriano-Martínez & Herrera-Arrieta	 2018"	variedad	""	"69656ANGIO"	""	""	aceptado	Plantae	Tracheophyta	Equisetopsida	Poales	Poaceae	Panicoideae	Tripsacum	""	Tripsacum dactyloides mexicanum	variedad	mexicanum	""	""
"785715606a77c6ce0e70370c6096b12a"	Tripsacum dactyloides meridonale	"de Wet & Timothy	 1981"	"Filgueiras	 2003c"	variedad	""	"79234ANGIO"	""	""	aceptado	Plantae	Tracheophyta	Equisetopsida	Poales	Poaceae	Panicoideae	Tripsacum	""	Tripsacum dactyloides meridonale	variedad	meridonale	""	""
"173cf4842fcb0c2774bf9bd0a897c847"	Tripsacum australe australe	"H.C. Cutler & E.S. Anderson	 1941"	"Filgueiras	 2003c"	variedad	""	"79236ANGIO"	""	""	aceptado	Plantae	Tracheophyta	Equisetopsida	Poales	Poaceae	Panicoideae	Tripsacum	""	Tripsacum australe australe	variedad	australe	""	""
