Agent GUID,Agent URL
8144561a-044c-4aad-81c9-d1ba383f0ac0,https://orcid.org/0000-0001-9475-7378
ce9d9249-bc06-4a46-9d37-912808d5a611,https://orcid.org/0000-0002-2875-0474
6b5c5f74-4f62-4a17-b74f-59f1903719cf,https://orcid.org/0000-0001-6916-6322
6381a8e5-449e-4ac5-a21e-c09f69fda36a,https://orcid.org/0000-0002-3093-1258
924aa353-dcb1-4b8c-8f8b-37e3878fb24e,https://orcid.org/0000-0002-6762-8615
240894d5-664f-4f84-9e6b-8d7e38b154cd,https://orcid.org/0000-0002-0114-7050
fb289d1a-3a22-40dc-8920-6705ce75df71,https://orcid.org/0000-0003-4751-7632
56d649dc-59ec-4ba7-b15e-77fa43edc606,https://orcid.org/0000-0002-6886-2323
6c0f426e-c250-4716-b1db-f2a21761d7d6,https://orcid.org/0000-0002-0771-4642
07fbe66e-6f63-4261-aed2-7b200a5ce58e,https://orcid.org/0000-0003-3256-0275
5fd883e2-730f-47ad-8e4c-d7c86c128f5a,https://orcid.org/0000-0002-8406-7311
8bdfca99-7a1d-4d70-81bd-bd86f739f02e,https://orcid.org/0000-0001-6665-3395
d5133050-ac42-4d82-a273-d3becebe48d4,https://orcid.org/0000-0002-0347-3490
0aeff395-5bc9-435f-97d7-d163e44b1efc,https://orcid.org/0000-0002-3437-3679
b9145882-c69e-44b9-9a13-ffe2a9e44f1b,https://orcid.org/0000-0003-0863-2283
e321d784-b864-476a-b86d-da6cefcc4b76,https://orcid.org/0000-0002-6133-5360
7e23e18d-8118-40af-bcf7-4f915b3026c1,https://orcid.org/0000-0003-4770-1886
e4496497-d1e7-418b-bb2f-84443edc9e38,https://orcid.org/0000-0003-0498-4759
188cdda9-7620-41e9-9643-c409aab359a4,https://orcid.org/0000-0002-0700-734X
b52aec77-053c-44e8-a4db-573a2290ab4a,https://orcid.org/0000-0003-3618-1811
cf8ff997-62e0-4e60-a5bb-b45b6173b2df,https://orcid.org/0000-0002-8898-8230
23da12f0-58ce-434e-9e3b-55f53ce2fd51,https://orcid.org/0000-0002-0114-7384
ef79af31-d99c-4c80-a1ed-a1285e234566,https://orcid.org/0000-0001-8710-6673
fe9e1f1a-f335-48bd-b9a3-ec887755fbf9,https://orcid.org/0000-0003-0565-0312
672ea0d0-c778-49ec-9e5c-d1733f8ce35f,https://orcid.org/0000-0001-9670-7825
fd41f66e-18a2-41c1-a5e5-b8fc222c30c8,https://orcid.org/0000-0003-3580-6808
f3021994-8623-4f0a-8698-4b24fbdee953,https://orcid.org/0000-0003-4006-4036
485bd4a3-6a80-4b1e-83d1-c06f12a01fb1,https://orcid.org/0000-0002-1943-0217
534f216e-107d-435d-9b84-7da3de43d978,https://orcid.org/0000-0003-0153-7160
3c02048e-9703-42cf-85fb-4a43751f8289,https://orcid.org/0000-0002-5826-0329
216178e9-66d8-4cc4-93c4-ac78aab5da30,https://orcid.org/0000-0002-5126-1345
9945e5e5-970b-4314-b1c4-9c4d236d663e,https://orcid.org/0000-0002-8278-9599
c6a744a3-c460-421f-b6f8-5f5f39017b62,https://orcid.org/0000-0001-5977-5327
177263ca-9ab7-474b-8749-f75e133fed31,https://orcid.org/0000-0002-0200-5775
20be766f-4405-448d-b7e7-9787059356e8,https://orcid.org/0000-0001-9117-6965
b7d014bf-d351-4b95-945a-89a93e9778ad,https://orcid.org/0000-0002-7046-6434
d30b9a57-1088-43a8-8734-4d0c25ab2f0e,https://orcid.org/0000-0003-1413-6622
d58ce6da-1d82-46ad-8ccb-36124f35d550,https://orcid.org/0000-0002-6637-9901
964f51a4-e6f5-4972-acd5-68996753a9c4,https://orcid.org/0000-0003-0662-3439
bf26c17e-ac25-4fe9-b700-ba1db872b47c,https://orcid.org/0000-0001-7478-2306
0faa68fe-beaf-4bbd-b2a7-5f748b33a214,https://orcid.org/0000-0002-3265-8793
ca61d19f-8f86-4411-b557-bd2e4915411f,https://orcid.org/0000-0002-4612-7643
e84e2d14-5617-45be-9529-e53f6b53271a,https://orcid.org/0000-0002-7498-7229
202b1515-fda5-412a-8636-575d38f7aff3,https://orcid.org/0000-0002-9843-1786
30b6706a-c5ab-48d2-a1b6-e7eed6c9c4b2,http://orcid.org/0000-0003-4514-9565
aced1e27-996e-42bf-9273-89c6ab2eeed1,https://orcid.org/0000-0002-2116-5678
